TERM	SYMBOL	CATEGORY	LIST
Stem	PLA2G2A	Epithelial	Markers
Stem	OLFM4	Epithelial	Markers
Stem	LEFTY1	Epithelial	Markers
Stem	PIGR	Epithelial	Markers
Stem	LCN2	Epithelial	Markers
Stem	RPS6	Epithelial	Markers
Stem	RPS3A	Epithelial	Markers
Stem	REG1A	Epithelial	Markers
Stem	RPL5	Epithelial	Markers
Stem	RPSA	Epithelial	Markers
Stem	RPL3	Epithelial	Markers
Stem	RPL10A	Epithelial	Markers
Stem	TXN	Epithelial	Markers
Stem	RPS27A	Epithelial	Markers
Stem	RPLP1	Epithelial	Markers
Stem	RPS8	Epithelial	Markers
Stem	B3GNT7	Epithelial	Markers
Stem	RPLP0	Epithelial	Markers
Stem	TSPAN8	Epithelial	Markers
Stem	RPS4X	Epithelial	Markers
Stem	RPL34	Epithelial	Markers
Stem	NACA	Epithelial	Markers
Stem	RPS14	Epithelial	Markers
Stem	RPS7	Epithelial	Markers
Stem	RPL9	Epithelial	Markers
Stem	RPS24	Epithelial	Markers
Stem	RPL6	Epithelial	Markers
Stem	GPX2	Epithelial	Markers
Stem	EEF1B2	Epithelial	Markers
Stem	RPL13A	Epithelial	Markers
Stem	RPL32	Epithelial	Markers
Stem	RPS13	Epithelial	Markers
Stem	RPL18A	Epithelial	Markers
Stem	NUPR1	Epithelial	Markers
Stem	PRAC1	Epithelial	Markers
Stem	UQCRH	Epithelial	Markers
Stem	RPL7A	Epithelial	Markers
Stem	RPL23A	Epithelial	Markers
Stem	RPS5	Epithelial	Markers
Stem	RPL19	Epithelial	Markers
Stem	RPS15A	Epithelial	Markers
Stem	RPL23	Epithelial	Markers
Stem	RPL14	Epithelial	Markers
Stem	GOLM1	Epithelial	Markers
Stem	ATP5MC1	Epithelial	Markers
Stem	RPL7	Epithelial	Markers
Stem	UGT2B17	Epithelial	Markers
Stem	RPS18	Epithelial	Markers
Stem	PEBP1	Epithelial	Markers
Stem	RPS19	Epithelial	Markers
Stem	RPS23	Epithelial	Markers
Stem	RPS2	Epithelial	Markers
Stem	AGR2	Epithelial	Markers
Stem	RPS16	Epithelial	Markers
Stem	RPS9	Epithelial	Markers
Stem	SLPI	Epithelial	Markers
Stem	KLF5	Epithelial	Markers
Stem	YBX1	Epithelial	Markers
Stem	ATP5MC2	Epithelial	Markers
Stem	CD24	Epithelial	Markers
Stem	RPL35A	Epithelial	Markers
Stem	RPS3	Epithelial	Markers
Stem	DMBT1	Epithelial	Markers
Stem	RPS27	Epithelial	Markers
Stem	SPINK1	Epithelial	Markers
Stem	MT1E	Epithelial	Markers
Stem	RPL37	Epithelial	Markers
Stem	RPS20	Epithelial	Markers
Stem	RPL30	Epithelial	Markers
Stem	ADH1C	Epithelial	Markers
Stem	RPL28	Epithelial	Markers
Stem	AGR3	Epithelial	Markers
Stem	RPL12	Epithelial	Markers
Stem	TSPO	Epithelial	Markers
Stem	RPL27	Epithelial	Markers
Stem	PRDX5	Epithelial	Markers
Stem	RPS21	Epithelial	Markers
Stem	ACTG1	Epithelial	Markers
Stem	PPP1R1B	Epithelial	Markers
Stem	MLEC	Epithelial	Markers
Stem	RPL21	Epithelial	Markers
Stem	NXPE4	Epithelial	Markers
Stem	EIF3E	Epithelial	Markers
Stem	C1QBP	Epithelial	Markers
Stem	RARRES2	Epithelial	Markers
Stem	RPL4	Epithelial	Markers
Stem	PTMA	Epithelial	Markers
Stem	HSPA1A	Epithelial	Markers
Stem	MGST3	Epithelial	Markers
Stem	TMSB10	Epithelial	Markers
Stem	FTL	Epithelial	Markers
Stem	MT1X	Epithelial	Markers
Stem	FAM162A	Epithelial	Markers
Stem	CD9	Epithelial	Markers
Stem	RPL31	Epithelial	Markers
Stem	LGALS4	Epithelial	Markers
Stem	RACK1	Epithelial	Markers
Stem	FAM3D	Epithelial	Markers
Stem	NXPE1	Epithelial	Markers
Stem	GAPDH	Epithelial	Markers
Stem	RPS4Y1	Epithelial	Markers
Stem	MGST2	Epithelial	Markers
Stem	PPIB	Epithelial	Markers
Stem	MAOA	Epithelial	Markers
Stem	APP	Epithelial	Markers
Stem	PPA1	Epithelial	Markers
Stem	ANXA2	Epithelial	Markers
Stem	GSTP1	Epithelial	Markers
Stem	PABPC1	Epithelial	Markers
Stem	HSP90AB1	Epithelial	Markers
Stem	HSPE1	Epithelial	Markers
Stem	S100A11	Epithelial	Markers
Stem	FOS	Epithelial	Markers
Stem	EIF3L	Epithelial	Markers
Stem	NDUFA4	Epithelial	Markers
Stem	RPS10	Epithelial	Markers
Stem	RPL36	Epithelial	Markers
Stem	LGALS3	Epithelial	Markers
Stem	PYCARD	Epithelial	Markers
Stem	RPL39	Epithelial	Markers
Stem	IGFBP2	Epithelial	Markers
Stem	SLC25A5	Epithelial	Markers
Stem	AKR1C3	Epithelial	Markers
Stem	TOMM20	Epithelial	Markers
Stem	EIF3F	Epithelial	Markers
Stem	S100A10	Epithelial	Markers
Stem	EPCAM	Epithelial	Markers
Stem	ESD	Epithelial	Markers
Stem	NPM1	Epithelial	Markers
Stem	LAPTM4A	Epithelial	Markers
Stem	PFN1	Epithelial	Markers
Stem	SQOR	Epithelial	Markers
Stem	C15orf48	Epithelial	Markers
Stem	LIMA1	Epithelial	Markers
Stem	ALDH2	Epithelial	Markers
Stem	ADD3	Epithelial	Markers
Stem	ATP8B1	Epithelial	Markers
Stem	PKP2	Epithelial	Markers
Stem	PDIA3	Epithelial	Markers
Stem	RPL22	Epithelial	Markers
Stem	RPS25	Epithelial	Markers
Stem	CFTR	Epithelial	Markers
Stem	RARRES1	Epithelial	Markers
Stem	RAB25	Epithelial	Markers
Stem	PI3	Epithelial	Markers
Stem	PCK1	Epithelial	Markers
Stem	HMGN1	Epithelial	Markers
Stem	HSPD1	Epithelial	Markers
Stem	SLC12A2	Epithelial	Markers
Stem	CYB5A	Epithelial	Markers
Stem	EEF1A1	Epithelial	Markers
Stem	SULT1B1	Epithelial	Markers
Stem	DSTN	Epithelial	Markers
Stem	CD99	Epithelial	Markers
Stem	C10orf99	Epithelial	Markers
Stem	GLUL	Epithelial	Markers
Stem	HMGCS2	Epithelial	Markers
Stem	ANP32B	Epithelial	Markers
Stem	NUCKS1	Epithelial	Markers
Stem	CCND2	Epithelial	Markers
Stem	LRRC75A	Epithelial	Markers
Stem	CDX1	Epithelial	Markers
Stem	GPR160	Epithelial	Markers
Stem	PDIA6	Epithelial	Markers
Stem	IMPDH2	Epithelial	Markers
Stem	ARPC3	Epithelial	Markers
Stem	SNRPF	Epithelial	Markers
Stem	LPP	Epithelial	Markers
Stem	ETHE1	Epithelial	Markers
Stem	RNF186	Epithelial	Markers
Stem	SPINK5	Epithelial	Markers
Stem	KRTCAP3	Epithelial	Markers
Stem	EIF1	Epithelial	Markers
Stem	DSG2	Epithelial	Markers
Stem	SPCS1	Epithelial	Markers
Stem	TRABD2A	Epithelial	Markers
Stem	PRDX1	Epithelial	Markers
Stem	MARCKSL1	Epithelial	Markers
Stem	TCEA3	Epithelial	Markers
Stem	MARCKS	Epithelial	Markers
Stem	NFIB	Epithelial	Markers
Stem	COMMD6	Epithelial	Markers
Stem	NFIA	Epithelial	Markers
Stem	MECOM	Epithelial	Markers
Stem	ACTB	Epithelial	Markers
Stem	MUC4	Epithelial	Markers
Stem	UGDH	Epithelial	Markers
Stem	RTN4	Epithelial	Markers
Stem	ZFP36L2	Epithelial	Markers
Stem	EMP2	Epithelial	Markers
Stem	YBX3	Epithelial	Markers
Stem	PLCB4	Epithelial	Markers
Stem	APEX1	Epithelial	Markers
Stem	ZFAS1	Epithelial	Markers
Stem	OSTC	Epithelial	Markers
Stem	RAN	Epithelial	Markers
Stem	SEC61B	Epithelial	Markers
Stem	FOXP1	Epithelial	Markers
Stem	TMEM123	Epithelial	Markers
Stem	MT1G	Epithelial	Markers
Stem	MTDH	Epithelial	Markers
Stem	NFKBIZ	Epithelial	Markers
Stem	PDZK1IP1	Epithelial	Markers
Stem	FBL	Epithelial	Markers
Stem	TSPAN6	Epithelial	Markers
Stem	HSP90B1	Epithelial	Markers
Stem	HNRNPA1	Epithelial	Markers
Stem	MT1M	Epithelial	Markers
Stem	MUC12	Epithelial	Markers
Stem	ID2	Epithelial	Markers
Stem	CCND1	Epithelial	Markers
Stem	RAB13	Epithelial	Markers
Stem	NCL	Epithelial	Markers
Stem	HADH	Epithelial	Markers
Stem	TRIM2	Epithelial	Markers
Stem	C12orf57	Epithelial	Markers
Stem	IRF2BP2	Epithelial	Markers
Stem	SET	Epithelial	Markers
Stem	GAS6	Epithelial	Markers
Stem	PLP2	Epithelial	Markers
Stem	TMEM238	Epithelial	Markers
Stem	MYB	Epithelial	Markers
Stem	TNFRSF11A	Epithelial	Markers
Stem	ITGA6	Epithelial	Markers
Stem	CPNE3	Epithelial	Markers
Stem	ID3	Epithelial	Markers
Stem	MT1F	Epithelial	Markers
Stem	PPP1R14B	Epithelial	Markers
Stem	ITM2C	Epithelial	Markers
Stem	GDF15	Epithelial	Markers
Stem	SERP1	Epithelial	Markers
Stem	SUB1	Epithelial	Markers
Stem	ETS2	Epithelial	Markers
Stem	DUT	Epithelial	Markers
Stem	NSA2	Epithelial	Markers
Stem	SYPL1	Epithelial	Markers
Stem	GMNN	Epithelial	Markers
Stem	ATP1B1	Epithelial	Markers
Stem	SRI	Epithelial	Markers
Stem	KCNE3	Epithelial	Markers
Stem	LDHA	Epithelial	Markers
Stem	ZKSCAN1	Epithelial	Markers
Stem	CCNI	Epithelial	Markers
Stem	ECI2	Epithelial	Markers
Stem	TFCP2L1	Epithelial	Markers
Stem	PLBD1	Epithelial	Markers
Stem	CCT2	Epithelial	Markers
Stem	FOSB	Epithelial	Markers
Stem	CTSS	Epithelial	Markers
Stem	TMEM176B	Epithelial	Markers
Stem	ACTR2	Epithelial	Markers
Stem	ENO1	Epithelial	Markers
Stem	PAPSS2	Epithelial	Markers
Stem	LSM5	Epithelial	Markers
Stem	CASP6	Epithelial	Markers
Stem	LBR	Epithelial	Markers
Stem	HIF1A	Epithelial	Markers
Stem	DUOX2	Epithelial	Markers
Stem	PPIC	Epithelial	Markers
Stem	NHP2	Epithelial	Markers
Stem	GOLIM4	Epithelial	Markers
Stem	PDCD4	Epithelial	Markers
Stem	CDH17	Epithelial	Markers
Stem	SNORC	Epithelial	Markers
Stem	SAP18	Epithelial	Markers
Stem	GSTO1	Epithelial	Markers
Stem	RBM47	Epithelial	Markers
Stem	YWHAB	Epithelial	Markers
Stem	IGFBP4	Epithelial	Markers
Stem	MUC5B	Epithelial	Markers
Stem	SH3BGRL	Epithelial	Markers
Stem	HMGB1	Epithelial	Markers
Stem	CERS6	Epithelial	Markers
Stem	SNHG8	Epithelial	Markers
Stem	RSL1D1	Epithelial	Markers
Stem	PGRMC1	Epithelial	Markers
Stem	TCEAL9	Epithelial	Markers
Stem	PDK4	Epithelial	Markers
Stem	PIM3	Epithelial	Markers
Stem	TTC3	Epithelial	Markers
Stem	MTUS1	Epithelial	Markers
Stem	BACE2	Epithelial	Markers
Stem	LDHB	Epithelial	Markers
Stem	ITM2B	Epithelial	Markers
Stem	ATP6AP2	Epithelial	Markers
Stem	H2AZ1	Epithelial	Markers
Stem	SSR4	Epithelial	Markers
Stem	FERMT1	Epithelial	Markers
Stem	GNPTAB	Epithelial	Markers
Stem	DNAJB1	Epithelial	Markers
Stem	IFT57	Epithelial	Markers
Stem	PALLD	Epithelial	Markers
Stem	CD63	Epithelial	Markers
Stem	SELENOW	Epithelial	Markers
Stem	EID1	Epithelial	Markers
Stem	SSB	Epithelial	Markers
Stem	IFITM3	Epithelial	Markers
Stem	PLCE1	Epithelial	Markers
Stem	SLC38A1	Epithelial	Markers
Stem	ZFP36L1	Epithelial	Markers
Stem	DNAJC15	Epithelial	Markers
Stem	PPP1R12B	Epithelial	Markers
Stem	FBP1	Epithelial	Markers
Stem	GFPT1	Epithelial	Markers
Stem	RAB32	Epithelial	Markers
Stem	PRKACB	Epithelial	Markers
Stem	CD74	Epithelial	Markers
Stem	GNAQ	Epithelial	Markers
Stem	RPN2	Epithelial	Markers
Stem	RSL24D1	Epithelial	Markers
Stem	HMGN3	Epithelial	Markers
Stem	FAM177A1	Epithelial	Markers
Stem	HSP90AA1	Epithelial	Markers
Stem	TST	Epithelial	Markers
Stem	CXCL3	Epithelial	Markers
Stem	NFIC	Epithelial	Markers
Stem	NOP53	Epithelial	Markers
Stem	RPS6KA3	Epithelial	Markers
Stem	SRSF2	Epithelial	Markers
Stem	PPIG	Epithelial	Markers
Stem	ASAH1	Epithelial	Markers
Stem	PON2	Epithelial	Markers
Stem	SNHG32	Epithelial	Markers
Stem	PDLIM1	Epithelial	Markers
Stem	SERPINB1	Epithelial	Markers
Stem	MFHAS1	Epithelial	Markers
Stem	PGK1	Epithelial	Markers
Stem	TSPAN13	Epithelial	Markers
Stem	KDM5B	Epithelial	Markers
Stem	BEX3	Epithelial	Markers
Stem	MACROH2A1	Epithelial	Markers
Stem	PGM2L1	Epithelial	Markers
Stem	HNRNPH1	Epithelial	Markers
Stem	TPM3	Epithelial	Markers
Stem	SLC28A2	Epithelial	Markers
Stem	MT2A	Epithelial	Markers
Stem	TC2N	Epithelial	Markers
Stem	SATB2	Epithelial	Markers
Stem	B3GALT5	Epithelial	Markers
Stem	PKM	Epithelial	Markers
Stem	UQCRC1	Epithelial	Markers
Stem	DDX21	Epithelial	Markers
Stem	GCHFR	Epithelial	Markers
Stem	PSMA7	Epithelial	Markers
Stem	EHF	Epithelial	Markers
Stem	CDK6	Epithelial	Markers
Stem	BRI3BP	Epithelial	Markers
Stem	ESRP1	Epithelial	Markers
Stem	DSP	Epithelial	Markers
Stem/TA 1	SOX4	Epithelial	Markers
Stem/TA 1	HEXIM1	Epithelial	Markers
Stem/TA 1	H4C3	Epithelial	Markers
Stem/TA 1	MAFB	Epithelial	Markers
Stem/TA 1	H2BC8	Epithelial	Markers
Stem/TA 1	IER5L	Epithelial	Markers
Stem/TA 1	PPP1R15A	Epithelial	Markers
Stem/TA 1	JUN	Epithelial	Markers
Stem/TA 1	IER5	Epithelial	Markers
Stem/TA 1	IER2	Epithelial	Markers
Stem/TA 1	EGR1	Epithelial	Markers
Stem/TA 1	ZFP36L2	Epithelial	Markers
Stem/TA 1	PPP1R10	Epithelial	Markers
Stem/TA 1	BTG1	Epithelial	Markers
Stem/TA 1	SOCS1	Epithelial	Markers
Stem/TA 1	CEBPB	Epithelial	Markers
Stem/TA 1	NRARP	Epithelial	Markers
Stem/TA 1	HSPA1B	Epithelial	Markers
Stem/TA 1	H2AC11	Epithelial	Markers
Stem/TA 1	GADD45B	Epithelial	Markers
Stem/TA 1	BTG2	Epithelial	Markers
Stem/TA 1	RASD1	Epithelial	Markers
Stem/TA 1	POU3F1	Epithelial	Markers
Stem/TA 1	IER3	Epithelial	Markers
Stem/TA 1	AMD1	Epithelial	Markers
Stem/TA 1	CITED2	Epithelial	Markers
Stem/TA 1	CSKMT	Epithelial	Markers
Stem/TA 1	RHOB	Epithelial	Markers
Stem/TA 1	RPS19	Epithelial	Markers
Stem/TA 1	JUNB	Epithelial	Markers
Stem/TA 1	SELENBP1	Epithelial	Markers
Stem/TA 1	TCIM	Epithelial	Markers
Stem/TA 1	H2AC12	Epithelial	Markers
Stem/TA 1	POLR2A	Epithelial	Markers
Stem/TA 1	CA1	Epithelial	Markers
Stem/TA 1	FOSB	Epithelial	Markers
Stem/TA 1	ID4	Epithelial	Markers
Stem/TA 1	DNAJB1	Epithelial	Markers
Stem/TA 1	RPS18	Epithelial	Markers
Stem/TA 1	DDIT4	Epithelial	Markers
Stem/TA 1	H2BC9	Epithelial	Markers
Stem/TA 1	LINC01970	Epithelial	Markers
Stem/TA 1	H3-3B	Epithelial	Markers
Stem/TA 1	HSPA1A	Epithelial	Markers
Stem/TA 1	VEGFA	Epithelial	Markers
Stem/TA 1	ADIRF	Epithelial	Markers
Stem/TA 1	CDKN1C	Epithelial	Markers
Stem/TA 1	KCNQ1OT1	Epithelial	Markers
Stem/TA 1	PCK1	Epithelial	Markers
Stem/TA 1	H3C1	Epithelial	Markers
Stem/TA 1	RPS2	Epithelial	Markers
Stem/TA 1	RPL28	Epithelial	Markers
Stem/TA 1	RND3	Epithelial	Markers
Stem/TA 1	YME1L1	Epithelial	Markers
Stem/TA 1	ELOB	Epithelial	Markers
Stem/TA 1	RPL13A	Epithelial	Markers
Stem/TA 1	ELF3	Epithelial	Markers
Stem/TA 1	SRSF7	Epithelial	Markers
Stem/TA 1	HSPA2	Epithelial	Markers
Stem/TA 1	PMAIP1	Epithelial	Markers
Stem/TA 1	H2AX	Epithelial	Markers
Stem/TA 1	H1-4	Epithelial	Markers
Stem/TA 1	MED29	Epithelial	Markers
Stem/TA 1	TMEM238	Epithelial	Markers
Stem/TA 1	CBX4	Epithelial	Markers
Stem/TA 1	HSP90AA1	Epithelial	Markers
Stem/TA 1	HNRNPU	Epithelial	Markers
Stem/TA 1	CEBPD	Epithelial	Markers
Stem/TA 1	SNHG8	Epithelial	Markers
Stem/TA 1	H2BC7	Epithelial	Markers
Stem/TA 1	ARGLU1	Epithelial	Markers
Stem/TA 1	ID2	Epithelial	Markers
Stem/TA 1	SOCS3	Epithelial	Markers
Stem/TA 1	RPS9	Epithelial	Markers
Stem/TA 1	C6orf62	Epithelial	Markers
Stem/TA 1	RPL36	Epithelial	Markers
Stem/TA 1	H4C5	Epithelial	Markers
Stem/TA 1	GADD45G	Epithelial	Markers
Stem/TA 2	NXPE1	Epithelial	Markers
Stem/TA 2	NXPE4	Epithelial	Markers
Stem/TA 2	PRAC1	Epithelial	Markers
Stem/TA 2	PLCE1	Epithelial	Markers
Stem/TA 2	RARRES2	Epithelial	Markers
Stem/TA 2	LEFTY1	Epithelial	Markers
Stem/TA 3	CXCR4	Epithelial	Markers
Stem/TA 3	JCHAIN	Epithelial	Markers
Stem/TA 3	SRGN	Epithelial	Markers
Ent. Prog. 1	CA1	Epithelial	Markers
Ent. Prog. 1	SELENBP1	Epithelial	Markers
Ent. Prog. 1	CA2	Epithelial	Markers
Ent. Prog. 1	FABP1	Epithelial	Markers
Ent. Prog. 1	MT1M	Epithelial	Markers
Ent. Prog. 1	SLC26A2	Epithelial	Markers
Ent. Prog. 1	MT1G	Epithelial	Markers
Ent. Prog. 1	CKB	Epithelial	Markers
Ent. Prog. 1	PHGR1	Epithelial	Markers
Ent. Prog. 1	MT1X	Epithelial	Markers
Ent. Prog. 1	MT2A	Epithelial	Markers
Ent. Prog. 1	KRT19	Epithelial	Markers
Ent. Prog. 1	MT1E	Epithelial	Markers
Ent. Prog. 1	ADIRF	Epithelial	Markers
Ent. Prog. 1	UGT2B17	Epithelial	Markers
Ent. Prog. 1	PIGR	Epithelial	Markers
Ent. Prog. 1	HSD11B2	Epithelial	Markers
Ent. Prog. 1	CD24	Epithelial	Markers
Ent. Prog. 1	C10orf99	Epithelial	Markers
Ent. Prog. 1	SULT1B1	Epithelial	Markers
Ent. Prog. 1	LGALS4	Epithelial	Markers
Ent. Prog. 1	ETHE1	Epithelial	Markers
Ent. Prog. 1	MT1F	Epithelial	Markers
Ent. Prog. 1	MT1H	Epithelial	Markers
Ent. Prog. 1	SLC4A4	Epithelial	Markers
Ent. Prog. 1	HMGCS2	Epithelial	Markers
Ent. Prog. 1	PLCE1	Epithelial	Markers
Ent. Prog. 1	BSG	Epithelial	Markers
Ent. Prog. 1	CDKN2B-AS1	Epithelial	Markers
Ent. Prog. 2	FABP1	Epithelial	Markers
Ent. Prog. 2	PHGR1	Epithelial	Markers
Ent. Prog. 2	SLC26A3	Epithelial	Markers
Ent. Prog. 2	CEACAM7	Epithelial	Markers
Ent. Prog. 2	AQP8	Epithelial	Markers
Ent. Prog. 2	CA1	Epithelial	Markers
Ent. Prog. 2	GUCA2A	Epithelial	Markers
Ent. Prog. 2	MS4A12	Epithelial	Markers
Ent. Prog. 2	KRT19	Epithelial	Markers
Ent. Prog. 2	CA2	Epithelial	Markers
Ent. Prog. 2	FXYD3	Epithelial	Markers
Ent. Prog. 2	KRT20	Epithelial	Markers
Ent. Prog. 2	SELENOP	Epithelial	Markers
Ent. Prog. 2	TMEM54	Epithelial	Markers
Ent. Prog. 2	LGALS3	Epithelial	Markers
Ent. Prog. 2	IFI27	Epithelial	Markers
Ent. Prog. 2	MT2A	Epithelial	Markers
Ent. Prog. 2	SLC9A3	Epithelial	Markers
Ent. Prog. 2	FTH1	Epithelial	Markers
Ent. Prog. 2	KRT8	Epithelial	Markers
Ent. Prog. 2	CDKN2B-AS1	Epithelial	Markers
Ent. Prog. 2	IGLC2	Epithelial	Markers
Ent. Prog. 2	CKB	Epithelial	Markers
Ent. Prog. 2	MT1M	Epithelial	Markers
Ent. Prog. 2	PRSS3	Epithelial	Markers
Ent. Prog. 2	PKIB	Epithelial	Markers
Ent. Prog. 2	ETHE1	Epithelial	Markers
Ent. Prog. 2	ANPEP	Epithelial	Markers
Ent. Prog. 2	SLC51B	Epithelial	Markers
Ent. Prog. 2	MUC12	Epithelial	Markers
Ent. Prog. 2	TSPAN1	Epithelial	Markers
Ent. Prog. 2	SELENBP1	Epithelial	Markers
Ent. Prog. 2	CEACAM1	Epithelial	Markers
Ent. Prog. 2	C2orf88	Epithelial	Markers
Ent. Prog. 2	TMIGD1	Epithelial	Markers
Ent. Prog. 2	MYL12B	Epithelial	Markers
Ent. Prog. 2	CDHR5	Epithelial	Markers
Ent. Prog. 2	RHOC	Epithelial	Markers
Ent. Prog. 2	LGALS4	Epithelial	Markers
Ent. Prog. 2	SRI	Epithelial	Markers
Ent. Prog. 2	S100A10	Epithelial	Markers
Ent. Prog. 2	SMIM22	Epithelial	Markers
Ent. Prog. 2	MISP	Epithelial	Markers
Ent. Prog. 2	TST	Epithelial	Markers
Ent. Prog. 2	S100A6	Epithelial	Markers
Ent. Prog. 2	ADIRF	Epithelial	Markers
Ent. Prog. 2	CD177	Epithelial	Markers
Ent. Prog. 2	ITM2C	Epithelial	Markers
Ent. Prog. 2	BSG	Epithelial	Markers
Ent. Prog. 2	SDCBP2	Epithelial	Markers
Ent. Prog. 2	ATP1B3	Epithelial	Markers
Ent. Prog. 2	MT1E	Epithelial	Markers
Ent. Prog. 2	CA4	Epithelial	Markers
Ent. Prog. 2	MT1H	Epithelial	Markers
Ent. Prog. 2	VAMP8	Epithelial	Markers
Ent. Prog. 2	HPGD	Epithelial	Markers
Ent. Prog. 2	GIPC1	Epithelial	Markers
Ent. Prog. 2	TMSB4X	Epithelial	Markers
Ent. Prog. 2	C10orf99	Epithelial	Markers
Ent. Prog. 2	MYL12A	Epithelial	Markers
Ent. Prog. 2	ACAA2	Epithelial	Markers
Ent. Prog. 2	DHRS11	Epithelial	Markers
Ent. Prog. 2	PPDPF	Epithelial	Markers
Ent. Prog. 2	SGK1	Epithelial	Markers
Ent. Prog. 2	SLC26A2	Epithelial	Markers
Ent. Prog. 2	H1-2	Epithelial	Markers
Ent. Prog. 2	UGP2	Epithelial	Markers
Ent. Prog. 2	HSD17B2	Epithelial	Markers
Ent. Prog. 2	PIGR	Epithelial	Markers
Ent. Prog. 2	JPT1	Epithelial	Markers
Ent. Prog. 2	CTSA	Epithelial	Markers
Ent. Prog. 2	GPA33	Epithelial	Markers
Ent. Prog. 2	PRR13	Epithelial	Markers
Ent. Prog. 2	JCHAIN	Epithelial	Markers
Ent. Prog. 2	ISG15	Epithelial	Markers
Ent. Prog. 2	IGKC	Epithelial	Markers
Ent. Prog. 2	MT1G	Epithelial	Markers
Ent. Prog. 2	TRPM6	Epithelial	Markers
Ent. Prog. 2	TSPAN8	Epithelial	Markers
Ent. Prog. 2	CLTB	Epithelial	Markers
Ent. Prog. 2	FCGRT	Epithelial	Markers
Ent. Prog. 2	UGT2B17	Epithelial	Markers
Ent. Prog. 2	CTSZ	Epithelial	Markers
Ent. Prog. 2	C11orf86	Epithelial	Markers
Ent. Prog. 2	SLC25A5	Epithelial	Markers
Ent. Prog. 2	PDE9A	Epithelial	Markers
Ent. Prog. 2	FLNB	Epithelial	Markers
Ent. Prog. 2	C1QTNF12	Epithelial	Markers
Ent. Prog. 2	TMEM37	Epithelial	Markers
Ent. Prog. 2	MEP1A	Epithelial	Markers
Ent. Prog. 2	CLCA4	Epithelial	Markers
Ent. Prog. 2	AKR1B10	Epithelial	Markers
Ent. Prog. 2	MXI1	Epithelial	Markers
Ent. Prog. 2	ETNK1	Epithelial	Markers
Ent. Prog. 2	EFHD2	Epithelial	Markers
Ent. Prog. 2	PPP1R14D	Epithelial	Markers
Ent. Prog. 2	CLDN3	Epithelial	Markers
Ent. Prog. 2	SLC17A4	Epithelial	Markers
Ent. Prog. 2	AOC1	Epithelial	Markers
Ent. Prog. 2	SULT1A2	Epithelial	Markers
Ent. Prog. 2	MGLL	Epithelial	Markers
Ent. Prog. 2	AHCYL2	Epithelial	Markers
Ent. Prog. 2	PLS1	Epithelial	Markers
Ent. Prog. 2	SULT1A1	Epithelial	Markers
Ent. Prog. 2	CDKN2B	Epithelial	Markers
Ent. Prog. 2	CDA	Epithelial	Markers
Ent. Prog. 2	NEAT1	Epithelial	Markers
Ent. Prog. 2	MVP	Epithelial	Markers
Ent. Prog. 2	SLC4A4	Epithelial	Markers
Ent. Prog. 2	ACADS	Epithelial	Markers
Ent. Prog. 2	CFDP1	Epithelial	Markers
Ent. Prog. 2	TP53I3	Epithelial	Markers
Ent. Prog. 2	HHLA2	Epithelial	Markers
Ent. Prog. 2	ACTB	Epithelial	Markers
Ent. Prog. 2	SERINC2	Epithelial	Markers
Ent. Prog. 2	DDAH2	Epithelial	Markers
Ent. Prog. 2	SCNN1B	Epithelial	Markers
Ent. Prog. 2	SH3BGRL3	Epithelial	Markers
Ent. Prog. 2	GNA11	Epithelial	Markers
Ent. Prog. 2	SULT1B1	Epithelial	Markers
Ent. Prog. 2	SLC20A1	Epithelial	Markers
Ent. Prog. 2	AKR1C3	Epithelial	Markers
Ent. Prog. 2	SLC6A8	Epithelial	Markers
Ent. Prog. 2	PAPSS2	Epithelial	Markers
Ent. Prog. 2	TPRN	Epithelial	Markers
Ent. Prog. 2	GGT6	Epithelial	Markers
Ent. Prog. 2	EMP1	Epithelial	Markers
Ent. Prog. 2	SLC22A18	Epithelial	Markers
Ent. Prog. 2	PRR15	Epithelial	Markers
Ent. Prog. 2	LINC01133	Epithelial	Markers
Ent. Prog. 2	CSTB	Epithelial	Markers
Ent. Prog. 2	PRSS8	Epithelial	Markers
Ent. Prog. 2	DHRS9	Epithelial	Markers
Ent. Prog. 2	C4orf48	Epithelial	Markers
Ent. Prog. 2	FTL	Epithelial	Markers
Ent. Prog. 2	ELOB	Epithelial	Markers
Ent. Prog. 2	MT1X	Epithelial	Markers
Ent. Prog. 2	HRCT1	Epithelial	Markers
Ent. Prog. 2	TSC22D1	Epithelial	Markers
Ent. Prog. 2	TDP2	Epithelial	Markers
Ent. Prog. 2	C15orf48	Epithelial	Markers
Ent. Prog. 2	CDKN1A	Epithelial	Markers
Ent. Prog. 2	TMPRSS2	Epithelial	Markers
Ent. Prog. 2	CGN	Epithelial	Markers
Ent. Prog. 2	HLA-A	Epithelial	Markers
Ent. Prog. 2	TSPAN3	Epithelial	Markers
Ent. Prog. 2	LIMA1	Epithelial	Markers
Ent. Prog. 2	PLCD3	Epithelial	Markers
Ent. Prog. 2	ARL4A	Epithelial	Markers
Ent. Prog. 2	DEFB1	Epithelial	Markers
Ent. Prog. 2	CAMK2N1	Epithelial	Markers
Ent. Prog. 2	C19orf33	Epithelial	Markers
Ent. Prog. 2	TMEM45B	Epithelial	Markers
Ent. Prog. 2	CD14	Epithelial	Markers
Ent. Prog. 2	TJP3	Epithelial	Markers
Ent. Prog. 2	IGSF9	Epithelial	Markers
Ent. Prog. 2	ARL14	Epithelial	Markers
Ent. Prog. 2	MAOA	Epithelial	Markers
Ent. Prog. 2	SMPDL3A	Epithelial	Markers
Ent. Prog. 2	PRAP1	Epithelial	Markers
Ent. Prog. 2	UPP1	Epithelial	Markers
Ent. Prog. 2	NR2F6	Epithelial	Markers
Ent. Prog. 2	MAPK3	Epithelial	Markers
Ent. Prog. 2	ASS1	Epithelial	Markers
Ent. Prog. 2	ZBTB7B	Epithelial	Markers
Ent. Prog. 2	PDCD4	Epithelial	Markers
Ent. Prog. 2	FUCA1	Epithelial	Markers
Ent. Prog. 2	LINC02023	Epithelial	Markers
Ent. Prog. 2	RIOK3	Epithelial	Markers
Ent. Prog. 2	SIRT6	Epithelial	Markers
Ent. Prog. 2	MGST3	Epithelial	Markers
Ent. Prog. 2	ABRACL	Epithelial	Markers
Ent. Prog. 2	IGHA1	Epithelial	Markers
Ent. Prog. 2	CD24	Epithelial	Markers
Ent. Prog. 2	COL17A1	Epithelial	Markers
Ent. Prog. 2	PDLIM1	Epithelial	Markers
Ent. Prog. 2	RHOU	Epithelial	Markers
Ent. Prog. 2	ID1	Epithelial	Markers
Ent. Prog. 2	EZR	Epithelial	Markers
Enterocytes 1	AQP8	Epithelial	Markers
Enterocytes 1	SLC26A3	Epithelial	Markers
Enterocytes 1	CLCA4	Epithelial	Markers
Enterocytes 1	CEACAM7	Epithelial	Markers
Enterocytes 1	SELENOP	Epithelial	Markers
Enterocytes 1	ISG15	Epithelial	Markers
Enterocytes 1	CEACAM1	Epithelial	Markers
Enterocytes 1	IFI27	Epithelial	Markers
Enterocytes 1	MS4A12	Epithelial	Markers
Enterocytes 1	SLC9A3	Epithelial	Markers
Enterocytes 1	GUCA2A	Epithelial	Markers
Enterocytes 1	TSPAN1	Epithelial	Markers
Enterocytes 1	ANPEP	Epithelial	Markers
Enterocytes 1	EMP1	Epithelial	Markers
Enterocytes 1	KRT20	Epithelial	Markers
Enterocytes 1	HPGD	Epithelial	Markers
Enterocytes 1	SDCBP2	Epithelial	Markers
Enterocytes 1	DUOX2	Epithelial	Markers
Enterocytes 1	CEACAM6	Epithelial	Markers
Enterocytes 1	MISP	Epithelial	Markers
Enterocytes 1	TRIM31	Epithelial	Markers
Enterocytes 1	FTH1	Epithelial	Markers
Enterocytes 1	FABP1	Epithelial	Markers
Enterocytes 1	PHGR1	Epithelial	Markers
Enterocytes 1	TMPRSS2	Epithelial	Markers
Enterocytes 1	MUC12	Epithelial	Markers
Enterocytes 1	MUC13	Epithelial	Markers
Enterocytes 1	CA4	Epithelial	Markers
Enterocytes 1	PKIB	Epithelial	Markers
Enterocytes 1	PRSS3	Epithelial	Markers
Enterocytes 1	RHOC	Epithelial	Markers
Enterocytes 1	CLDN23	Epithelial	Markers
Enterocytes 1	GUCA2B	Epithelial	Markers
Enterocytes 1	MYL12B	Epithelial	Markers
Enterocytes 1	TMEM54	Epithelial	Markers
Enterocytes 1	H1-2	Epithelial	Markers
Enterocytes 1	CLDN4	Epithelial	Markers
Enterocytes 1	PLS1	Epithelial	Markers
Enterocytes 1	DHRS9	Epithelial	Markers
Enterocytes 1	TMIGD1	Epithelial	Markers
Enterocytes 1	GPRC5A	Epithelial	Markers
Enterocytes 1	CDHR5	Epithelial	Markers
Enterocytes 1	NEAT1	Epithelial	Markers
Enterocytes 1	CA2	Epithelial	Markers
Enterocytes 1	TNFSF10	Epithelial	Markers
Enterocytes 1	ATP1B3	Epithelial	Markers
Enterocytes 1	PI3	Epithelial	Markers
Enterocytes 1	C11orf86	Epithelial	Markers
Enterocytes 1	GPA33	Epithelial	Markers
Enterocytes 1	HLA-A	Epithelial	Markers
Enterocytes 1	SAMD9	Epithelial	Markers
Enterocytes 1	CDA	Epithelial	Markers
Enterocytes 1	UGP2	Epithelial	Markers
Enterocytes 1	ASS1	Epithelial	Markers
Enterocytes 1	SPATS2L	Epithelial	Markers
Enterocytes 1	RHOF	Epithelial	Markers
Enterocytes 1	EPCAM	Epithelial	Markers
Enterocytes 1	CDHR2	Epithelial	Markers
Enterocytes 1	MDK	Epithelial	Markers
Enterocytes 1	PLAAT4	Epithelial	Markers
Enterocytes 1	ISG20	Epithelial	Markers
Enterocytes 1	UPP1	Epithelial	Markers
Enterocytes 1	CLDN3	Epithelial	Markers
Enterocytes 1	HSD17B2	Epithelial	Markers
Enterocytes 1	SLC51B	Epithelial	Markers
Enterocytes 1	CTSZ	Epithelial	Markers
Enterocytes 1	RFK	Epithelial	Markers
Enterocytes 1	LGALS3	Epithelial	Markers
Enterocytes 1	ARL14	Epithelial	Markers
Enterocytes 1	TMEM37	Epithelial	Markers
Enterocytes 1	TSPAN8	Epithelial	Markers
Enterocytes 1	ACAA2	Epithelial	Markers
Enterocytes 1	SQSTM1	Epithelial	Markers
Enterocytes 1	SECTM1	Epithelial	Markers
Enterocytes 1	CGN	Epithelial	Markers
Enterocytes 1	SRI	Epithelial	Markers
Enterocytes 1	FXYD3	Epithelial	Markers
Enterocytes 1	KRT8	Epithelial	Markers
Enterocytes 1	DST	Epithelial	Markers
Enterocytes 1	VAMP8	Epithelial	Markers
Enterocytes 1	LMO7	Epithelial	Markers
Enterocytes 1	CLTB	Epithelial	Markers
Enterocytes 1	SGK1	Epithelial	Markers
Enterocytes 1	PRSS8	Epithelial	Markers
Enterocytes 1	RSAD2	Epithelial	Markers
Enterocytes 1	SMPDL3A	Epithelial	Markers
Enterocytes 1	MEP1A	Epithelial	Markers
Enterocytes 1	ITM2C	Epithelial	Markers
Enterocytes 1	FCGRT	Epithelial	Markers
Enterocytes 1	ABCG2	Epithelial	Markers
Enterocytes 1	CCL20	Epithelial	Markers
Enterocytes 1	OASL	Epithelial	Markers
Enterocytes 1	ATP1B1	Epithelial	Markers
Enterocytes 1	CTSA	Epithelial	Markers
Enterocytes 1	DUOXA2	Epithelial	Markers
Enterocytes 1	EFHD2	Epithelial	Markers
Enterocytes 1	MIER3	Epithelial	Markers
Enterocytes 1	SERINC2	Epithelial	Markers
Enterocytes 1	TYMP	Epithelial	Markers
Enterocytes 1	PLIN3	Epithelial	Markers
Enterocytes 1	EZR	Epithelial	Markers
Enterocytes 1	ETNK1	Epithelial	Markers
Enterocytes 1	PPP1R14D	Epithelial	Markers
Enterocytes 1	S100A6	Epithelial	Markers
Enterocytes 1	ST14	Epithelial	Markers
Enterocytes 1	ACTB	Epithelial	Markers
Enterocytes 1	CFDP1	Epithelial	Markers
Enterocytes 1	SMPD1	Epithelial	Markers
Enterocytes 1	JPT1	Epithelial	Markers
Enterocytes 1	DDX60	Epithelial	Markers
Enterocytes 1	CDKN1A	Epithelial	Markers
Enterocytes 1	MYL12A	Epithelial	Markers
Enterocytes 1	TSPAN3	Epithelial	Markers
Enterocytes 1	TMBIM1	Epithelial	Markers
Enterocytes 1	SLC6A8	Epithelial	Markers
Enterocytes 1	MXI1	Epithelial	Markers
Enterocytes 1	XDH	Epithelial	Markers
Enterocytes 1	TXNIP	Epithelial	Markers
Enterocytes 1	UBC	Epithelial	Markers
Enterocytes 1	TMEM45B	Epithelial	Markers
Enterocytes 1	LAMB3	Epithelial	Markers
Enterocytes 1	LCN2	Epithelial	Markers
Enterocytes 1	IGKC	Epithelial	Markers
Enterocytes 1	SLC17A4	Epithelial	Markers
Enterocytes 1	MXD1	Epithelial	Markers
Enterocytes 1	ENTPD8	Epithelial	Markers
Enterocytes 1	SPINT1	Epithelial	Markers
Enterocytes 1	PRR13	Epithelial	Markers
Enterocytes 1	PDE9A	Epithelial	Markers
Enterocytes 1	EPS8	Epithelial	Markers
Enterocytes 1	HSPA5	Epithelial	Markers
Enterocytes 1	S100A10	Epithelial	Markers
Enterocytes 1	SLC40A1	Epithelial	Markers
Enterocytes 1	SLC44A4	Epithelial	Markers
Enterocytes 1	CDKN2B-AS1	Epithelial	Markers
Enterocytes 1	SMIM22	Epithelial	Markers
Enterocytes 1	HHLA2	Epithelial	Markers
Enterocytes 1	COL17A1	Epithelial	Markers
Enterocytes 1	AOC1	Epithelial	Markers
Enterocytes 1	TP53INP2	Epithelial	Markers
Enterocytes 1	TIMP2	Epithelial	Markers
Enterocytes 1	CD177	Epithelial	Markers
Enterocytes 1	BSG	Epithelial	Markers
Enterocytes 1	ABCB1	Epithelial	Markers
Enterocytes 1	KRT19	Epithelial	Markers
Enterocytes 1	ALDOB	Epithelial	Markers
Enterocytes 1	PIGR	Epithelial	Markers
Enterocytes 1	HLA-E	Epithelial	Markers
Enterocytes 1	TMSB4X	Epithelial	Markers
Enterocytes 1	PLAAT2	Epithelial	Markers
Enterocytes 1	SLC20A1	Epithelial	Markers
Enterocytes 1	MX1	Epithelial	Markers
Enterocytes 1	GIPC1	Epithelial	Markers
Enterocytes 1	C2orf88	Epithelial	Markers
Enterocytes 1	SH3BGRL3	Epithelial	Markers
Enterocytes 1	MGLL	Epithelial	Markers
Enterocytes 1	MAL2	Epithelial	Markers
Enterocytes 1	JCHAIN	Epithelial	Markers
Enterocytes 1	TNFRSF1A	Epithelial	Markers
Enterocytes 1	SULT1A2	Epithelial	Markers
Enterocytes 1	LITAF	Epithelial	Markers
Enterocytes 1	IRF1	Epithelial	Markers
Enterocytes 1	PLEC	Epithelial	Markers
Enterocytes 1	TCF7L2	Epithelial	Markers
Enterocytes 1	BIRC3	Epithelial	Markers
Enterocytes 1	PDZK1IP1	Epithelial	Markers
Enterocytes 1	ETHE1	Epithelial	Markers
Enterocytes 1	CASP5	Epithelial	Markers
Enterocytes 1	LRRC19	Epithelial	Markers
Enterocytes 1	FHL2	Epithelial	Markers
Enterocytes 1	TM4SF1	Epithelial	Markers
Enterocytes 1	NBL1	Epithelial	Markers
Enterocytes 1	AHCYL2	Epithelial	Markers
Enterocytes 1	TST	Epithelial	Markers
Enterocytes 1	TMCC3	Epithelial	Markers
Enterocytes 1	DSG2	Epithelial	Markers
Enterocytes 1	LGALS3BP	Epithelial	Markers
Enterocytes 1	CAP1	Epithelial	Markers
Enterocytes 1	JUP	Epithelial	Markers
Enterocytes 1	AREG	Epithelial	Markers
Enterocytes 1	LSR	Epithelial	Markers
Enterocytes 1	IFIT1	Epithelial	Markers
Enterocytes 1	PARP14	Epithelial	Markers
Enterocytes 1	GNG12	Epithelial	Markers
Enterocytes 1	TFF1	Epithelial	Markers
Enterocytes 1	ARRDC4	Epithelial	Markers
Enterocytes 1	TRANK1	Epithelial	Markers
Enterocytes 1	C1orf115	Epithelial	Markers
Enterocytes 1	CYP3A5	Epithelial	Markers
Enterocytes 1	FBXO32	Epithelial	Markers
Enterocytes 1	TJP3	Epithelial	Markers
Enterocytes 1	CEACAM5	Epithelial	Markers
Enterocytes 1	LRRC1	Epithelial	Markers
Enterocytes 1	UGT2B17	Epithelial	Markers
Enterocytes 1	RBM47	Epithelial	Markers
Enterocytes 1	CD63	Epithelial	Markers
Enterocytes 1	IRF7	Epithelial	Markers
Enterocytes 1	CAMK2N1	Epithelial	Markers
Enterocytes 1	TRPM6	Epithelial	Markers
Enterocytes 1	EGLN3	Epithelial	Markers
Enterocytes 1	CTNNA1	Epithelial	Markers
Enterocytes 1	OPTN	Epithelial	Markers
Enterocytes 1	ITPRID2	Epithelial	Markers
Enterocytes 1	AKR1B10	Epithelial	Markers
Enterocytes 1	APLP2	Epithelial	Markers
Enterocytes 1	DDAH2	Epithelial	Markers
Enterocytes 1	CDKN2B	Epithelial	Markers
Enterocytes 1	LDHA	Epithelial	Markers
Enterocytes 1	NFKBIA	Epithelial	Markers
Enterocytes 1	USP53	Epithelial	Markers
Enterocytes 1	PDLIM1	Epithelial	Markers
Enterocytes 1	SCNN1B	Epithelial	Markers
Enterocytes 1	PLOD2	Epithelial	Markers
Enterocytes 1	PRR15	Epithelial	Markers
Enterocytes 1	PRAP1	Epithelial	Markers
Enterocytes 1	BTNL3	Epithelial	Markers
Enterocytes 1	PLPP1	Epithelial	Markers
Enterocytes 1	ABHD17C	Epithelial	Markers
Enterocytes 1	APOL6	Epithelial	Markers
Enterocytes 1	DHRS11	Epithelial	Markers
Enterocytes 1	MVP	Epithelial	Markers
Enterocytes 1	SIRT6	Epithelial	Markers
Enterocytes 1	CD2AP	Epithelial	Markers
Enterocytes 1	ANXA4	Epithelial	Markers
Enterocytes 1	SULT1A1	Epithelial	Markers
Enterocytes 1	FLNB	Epithelial	Markers
Enterocytes 1	NAAA	Epithelial	Markers
Enterocytes 1	PLSCR1	Epithelial	Markers
Enterocytes 1	RIOK3	Epithelial	Markers
Enterocytes 1	ARL4A	Epithelial	Markers
Enterocytes 1	FUCA1	Epithelial	Markers
Enterocytes 1	XAF1	Epithelial	Markers
Enterocytes 1	ADM	Epithelial	Markers
Enterocytes 1	LPIN2	Epithelial	Markers
Enterocytes 1	SLC22A18	Epithelial	Markers
Enterocytes 1	B2M	Epithelial	Markers
Enterocytes 1	LIMA1	Epithelial	Markers
Enterocytes 1	SLC25A5	Epithelial	Markers
Enterocytes 1	GRN	Epithelial	Markers
Enterocytes 1	CCDC68	Epithelial	Markers
Enterocytes 1	FUT3	Epithelial	Markers
Enterocytes 1	METRNL	Epithelial	Markers
Enterocytes 1	JUND	Epithelial	Markers
Enterocytes 1	ACVRL1	Epithelial	Markers
Enterocytes 1	SMCHD1	Epithelial	Markers
Enterocytes 1	LINC01559	Epithelial	Markers
Enterocytes 1	PTPRR	Epithelial	Markers
Enterocytes 1	GADD45A	Epithelial	Markers
Enterocytes 1	ITM2B	Epithelial	Markers
Enterocytes 1	GNA11	Epithelial	Markers
Enterocytes 1	MAP1LC3B	Epithelial	Markers
Enterocytes 1	CLRN3	Epithelial	Markers
Enterocytes 1	CDH17	Epithelial	Markers
Enterocytes 1	KRT18	Epithelial	Markers
Enterocytes 1	PTPRH	Epithelial	Markers
Enterocytes 1	IGHA1	Epithelial	Markers
Enterocytes 1	MAPK3	Epithelial	Markers
Enterocytes 1	TICAM1	Epithelial	Markers
Enterocytes 1	IFNGR1	Epithelial	Markers
Enterocytes 1	H2AC6	Epithelial	Markers
Enterocytes 1	ANXA11	Epithelial	Markers
Enterocytes 1	HLA-F	Epithelial	Markers
Enterocytes 1	PDCD4	Epithelial	Markers
Enterocytes 1	IFI6	Epithelial	Markers
Enterocytes 1	BTNL8	Epithelial	Markers
Enterocytes 1	RHOU	Epithelial	Markers
Enterocytes 1	ARPC2	Epithelial	Markers
Enterocytes 1	DDX60L	Epithelial	Markers
Enterocytes 1	EPSTI1	Epithelial	Markers
Enterocytes 1	DYRK2	Epithelial	Markers
Enterocytes 1	PLA2G2A	Epithelial	Markers
Enterocytes 1	FBLIM1	Epithelial	Markers
Enterocytes 1	TMC5	Epithelial	Markers
Enterocytes 1	GGT6	Epithelial	Markers
Enterocytes 1	IL18	Epithelial	Markers
Enterocytes 1	SEMA3B	Epithelial	Markers
Enterocytes 1	TP53I3	Epithelial	Markers
Enterocytes 1	RETREG1	Epithelial	Markers
Enterocytes 1	IFIT2	Epithelial	Markers
Enterocytes 1	LINC01133	Epithelial	Markers
Enterocytes 1	UACA	Epithelial	Markers
Enterocytes 1	ANXA2	Epithelial	Markers
Enterocytes 1	NDRG1	Epithelial	Markers
Enterocytes 1	PLAUR	Epithelial	Markers
Enterocytes 1	SLC1A1	Epithelial	Markers
Enterocytes 1	RHPN2	Epithelial	Markers
Enterocytes 1	PPDPF	Epithelial	Markers
Enterocytes 1	NR2F6	Epithelial	Markers
Enterocytes 1	EFNA1	Epithelial	Markers
Enterocytes 1	SPAG9	Epithelial	Markers
Enterocytes 1	DHRS3	Epithelial	Markers
Enterocytes 1	SLC3A1	Epithelial	Markers
Enterocytes 1	TPRN	Epithelial	Markers
Enterocytes 1	IL32	Epithelial	Markers
Enterocytes 1	SMIM5	Epithelial	Markers
Enterocytes 1	MYO7B	Epithelial	Markers
Enterocytes 1	TDP2	Epithelial	Markers
Enterocytes 1	DUSP6	Epithelial	Markers
Enterocytes 1	PDGFA	Epithelial	Markers
Enterocytes 1	IFIT3	Epithelial	Markers
Enterocytes 1	PPARD	Epithelial	Markers
Enterocytes 1	RHOD	Epithelial	Markers
Enterocytes 1	TSC22D1	Epithelial	Markers
Enterocytes 1	CA12	Epithelial	Markers
Enterocytes 1	HNF4A	Epithelial	Markers
Enterocytes 1	ECE1	Epithelial	Markers
Enterocytes 1	SMIM31	Epithelial	Markers
Enterocytes 1	TMEM236	Epithelial	Markers
Enterocytes 1	ATP2B1	Epithelial	Markers
Enterocytes 1	BAIAP2L1	Epithelial	Markers
Enterocytes 1	NDFIP2	Epithelial	Markers
Enterocytes 1	C1QTNF12	Epithelial	Markers
Enterocytes 1	GBP2	Epithelial	Markers
Enterocytes 1	BICDL2	Epithelial	Markers
Enterocytes 1	SYNPO	Epithelial	Markers
Enterocytes 1	CD68	Epithelial	Markers
Enterocytes 1	VSIR	Epithelial	Markers
Enterocytes 1	ACSL5	Epithelial	Markers
Enterocytes 1	PARM1	Epithelial	Markers
Enterocytes 1	F2RL1	Epithelial	Markers
Enterocytes 1	GSN	Epithelial	Markers
Enterocytes 1	SLCO2A1	Epithelial	Markers
Enterocytes 1	HEPH	Epithelial	Markers
Enterocytes 1	PLCD3	Epithelial	Markers
Enterocytes 1	SLC4A4	Epithelial	Markers
Enterocytes 1	PAPSS2	Epithelial	Markers
Enterocytes 1	PLEKHG6	Epithelial	Markers
Enterocytes 1	C19orf33	Epithelial	Markers
Enterocytes 1	MAST2	Epithelial	Markers
Enterocytes 1	EDN3	Epithelial	Markers
Enterocytes 1	LYPD8	Epithelial	Markers
Enterocytes 1	CORO1B	Epithelial	Markers
Enterocytes 1	MCL1	Epithelial	Markers
Enterocytes 1	C10orf99	Epithelial	Markers
Enterocytes 1	LIPH	Epithelial	Markers
Enterocytes 1	GDPD3	Epithelial	Markers
Enterocytes 1	KCNK1	Epithelial	Markers
Enterocytes 1	PDZD3	Epithelial	Markers
Enterocytes 1	FAM43A	Epithelial	Markers
Enterocytes 1	RRAS	Epithelial	Markers
Enterocytes 1	C4orf48	Epithelial	Markers
Enterocytes 1	MIR22HG	Epithelial	Markers
Enterocytes 1	FEM1C	Epithelial	Markers
Enterocytes 1	SEPHS2	Epithelial	Markers
Enterocytes 1	MYLK	Epithelial	Markers
Enterocytes 1	SH3KBP1	Epithelial	Markers
Enterocytes 1	MGAT4A	Epithelial	Markers
Enterocytes 1	HSPA8	Epithelial	Markers
Enterocytes 1	RAP2B	Epithelial	Markers
Enterocytes 1	GNA13	Epithelial	Markers
Enterocytes 1	ELF3	Epithelial	Markers
Enterocytes 1	SCNN1A	Epithelial	Markers
Enterocytes 1	TPM4	Epithelial	Markers
Enterocytes 1	AAK1	Epithelial	Markers
Enterocytes 1	HLA-B	Epithelial	Markers
Enterocytes 1	TJP1	Epithelial	Markers
Enterocytes 1	RALGPS2	Epithelial	Markers
Enterocytes 1	CSTB	Epithelial	Markers
Enterocytes 1	ANKRD12	Epithelial	Markers
Enterocytes 1	SPTBN1	Epithelial	Markers
Enterocytes 1	EDN1	Epithelial	Markers
Enterocytes 1	CCL28	Epithelial	Markers
Enterocytes 1	RHOG	Epithelial	Markers
Enterocytes 1	AGPAT2	Epithelial	Markers
Enterocytes 1	ABRACL	Epithelial	Markers
Enterocytes 1	FOSL2	Epithelial	Markers
Enterocytes 1	RAB9A	Epithelial	Markers
Enterocytes 1	SNX9	Epithelial	Markers
Enterocytes 1	LINC02023	Epithelial	Markers
Enterocytes 1	ERO1A	Epithelial	Markers
Enterocytes 1	HMOX1	Epithelial	Markers
Enterocytes 1	SCIN	Epithelial	Markers
Enterocytes 1	USP2	Epithelial	Markers
Enterocytes 1	IFI35	Epithelial	Markers
Enterocytes 1	BHLHE41	Epithelial	Markers
Enterocytes 1	APOBR	Epithelial	Markers
Enterocytes 1	ZBTB7B	Epithelial	Markers
Enterocytes 1	ARL6IP5	Epithelial	Markers
Enterocytes 1	SDC4	Epithelial	Markers
Enterocytes 1	CD9	Epithelial	Markers
Enterocytes 1	HMCN2	Epithelial	Markers
Enterocytes 1	MYH9	Epithelial	Markers
Enterocytes 1	CTNND1	Epithelial	Markers
Enterocytes 1	C15orf48	Epithelial	Markers
Enterocytes 1	SUSD6	Epithelial	Markers
Enterocytes 1	GBP1	Epithelial	Markers
Enterocytes 1	UGDH	Epithelial	Markers
Enterocytes 1	LAMA1	Epithelial	Markers
Enterocytes 1	C1orf116	Epithelial	Markers
Enterocytes 1	LAMC2	Epithelial	Markers
Enterocytes 1	MYO15B	Epithelial	Markers
Enterocytes 1	SERTAD1	Epithelial	Markers
Enterocytes 1	DEFB1	Epithelial	Markers
Enterocytes 1	PMEPA1	Epithelial	Markers
Enterocytes 1	BMP2	Epithelial	Markers
Enterocytes 1	ACADS	Epithelial	Markers
Enterocytes 1	EPAS1	Epithelial	Markers
Enterocytes 1	SMIM6	Epithelial	Markers
Enterocytes 1	DYNLL1	Epithelial	Markers
Enterocytes 1	PDK4	Epithelial	Markers
Enterocytes 1	MUC17	Epithelial	Markers
Enterocytes 1	RND3	Epithelial	Markers
Enterocytes 1	TNFAIP3	Epithelial	Markers
Enterocytes 1	TMEM176B	Epithelial	Markers
Enterocytes 1	RAB11FIP1	Epithelial	Markers
Enterocytes 1	ABCG1	Epithelial	Markers
Enterocytes 1	EPS8L3	Epithelial	Markers
Enterocytes 1	MYO1E	Epithelial	Markers
Enterocytes 1	SOWAHC	Epithelial	Markers
Enterocytes 1	UGCG	Epithelial	Markers
Enterocytes 1	NCOA4	Epithelial	Markers
Enterocytes 1	ANK3	Epithelial	Markers
Enterocytes 1	STOM	Epithelial	Markers
Enterocytes 1	JAK1	Epithelial	Markers
Enterocytes 1	EPS8L1	Epithelial	Markers
Enterocytes 1	HSPB1	Epithelial	Markers
Enterocytes 1	VASP	Epithelial	Markers
Enterocytes 1	TINAG	Epithelial	Markers
Enterocytes 1	ACHE	Epithelial	Markers
Enterocytes 1	PAG1	Epithelial	Markers
Enterocytes 1	PPP4R2	Epithelial	Markers
Enterocytes 1	TUBB4B	Epithelial	Markers
Enterocytes 1	TMPRSS4	Epithelial	Markers
Enterocytes 1	ATP10B	Epithelial	Markers
Enterocytes 1	RTN4	Epithelial	Markers
Enterocytes 1	KCNK5	Epithelial	Markers
Enterocytes 1	CKB	Epithelial	Markers
Enterocytes 1	SP100	Epithelial	Markers
Enterocytes 1	KLF4	Epithelial	Markers
Enterocytes 1	MARCKS	Epithelial	Markers
Enterocytes 2	CLCA4	Epithelial	Markers
Enterocytes 2	AQP8	Epithelial	Markers
Enterocytes 2	SLC26A3	Epithelial	Markers
Enterocytes 2	SELENOP	Epithelial	Markers
Enterocytes 2	CD177	Epithelial	Markers
Enterocytes 2	GUCA2A	Epithelial	Markers
Enterocytes 2	ISG15	Epithelial	Markers
Enterocytes 2	H1-2	Epithelial	Markers
Enterocytes 2	ANPEP	Epithelial	Markers
Enterocytes 2	HLA-A	Epithelial	Markers
Enterocytes 2	CEACAM7	Epithelial	Markers
Enterocytes 2	IFI27	Epithelial	Markers
Enterocytes 2	MDK	Epithelial	Markers
Enterocytes 2	TSPAN1	Epithelial	Markers
Enterocytes 2	SGK1	Epithelial	Markers
Enterocytes 2	PLAAT4	Epithelial	Markers
Enterocytes 2	MUC12	Epithelial	Markers
Enterocytes 2	FTH1	Epithelial	Markers
Enterocytes 2	TMIGD1	Epithelial	Markers
Enterocytes 2	CDHR5	Epithelial	Markers
Enterocytes 2	HPGD	Epithelial	Markers
Enterocytes 2	TRIM31	Epithelial	Markers
Enterocytes 2	SLC9A3	Epithelial	Markers
Enterocytes 2	CA4	Epithelial	Markers
Enterocytes 2	EMP1	Epithelial	Markers
Enterocytes 2	GUCA2B	Epithelial	Markers
Enterocytes 2	MISP	Epithelial	Markers
Enterocytes 2	SMPDL3A	Epithelial	Markers
Enterocytes 2	MS4A12	Epithelial	Markers
Enterocytes 2	SECTM1	Epithelial	Markers
Enterocytes 2	TXNIP	Epithelial	Markers
Enterocytes 2	SDCBP2	Epithelial	Markers
Enterocytes 2	LINC02023	Epithelial	Markers
Enterocytes 2	TNFSF10	Epithelial	Markers
Enterocytes 2	CFDP1	Epithelial	Markers
Enterocytes 2	FCGRT	Epithelial	Markers
Enterocytes 2	CDA	Epithelial	Markers
Enterocytes 2	GPA33	Epithelial	Markers
Enterocytes 2	PKIB	Epithelial	Markers
Enterocytes 2	MEP1A	Epithelial	Markers
Enterocytes 2	CDHR2	Epithelial	Markers
Enterocytes 2	TMEM37	Epithelial	Markers
Enterocytes 2	PRSS3	Epithelial	Markers
Enterocytes 2	ABCG2	Epithelial	Markers
Enterocytes 2	MIR194-2HG	Epithelial	Markers
Enterocytes 2	SLC17A4	Epithelial	Markers
Enterocytes 2	ABCB1	Epithelial	Markers
Enterocytes 2	TRPM6	Epithelial	Markers
Enterocytes 2	SAMD9	Epithelial	Markers
Enterocytes 2	DST	Epithelial	Markers
Enterocytes 2	RHOC	Epithelial	Markers
Enterocytes 2	SERINC2	Epithelial	Markers
Enterocytes 2	C2orf88	Epithelial	Markers
Enterocytes 2	CYP3A5	Epithelial	Markers
Enterocytes 2	SLC51B	Epithelial	Markers
Enterocytes 2	PDE9A	Epithelial	Markers
Enterocytes 2	PRSS8	Epithelial	Markers
Enterocytes 2	FABP1	Epithelial	Markers
Enterocytes 2	CGN	Epithelial	Markers
Enterocytes 2	ANKRD12	Epithelial	Markers
Enterocytes 2	SMCHD1	Epithelial	Markers
Enterocytes 2	ENTPD8	Epithelial	Markers
Enterocytes 2	CTSA	Epithelial	Markers
Enterocytes 2	CLDN23	Epithelial	Markers
Enterocytes 2	RFK	Epithelial	Markers
Enterocytes 2	SPATS2L	Epithelial	Markers
Enterocytes 2	TMPRSS2	Epithelial	Markers
Enterocytes 2	RNASE1	Epithelial	Markers
Enterocytes 2	TCF7L2	Epithelial	Markers
Enterocytes 2	VAMP8	Epithelial	Markers
Enterocytes 2	MIER3	Epithelial	Markers
Enterocytes 2	PDCD4	Epithelial	Markers
Enterocytes 2	CLDN4	Epithelial	Markers
Enterocytes 2	MXI1	Epithelial	Markers
Enterocytes 2	TIMP2	Epithelial	Markers
Enterocytes 2	MXD1	Epithelial	Markers
Enterocytes 2	NEAT1	Epithelial	Markers
Enterocytes 2	LMO7	Epithelial	Markers
Enterocytes 2	C11orf86	Epithelial	Markers
Enterocytes 2	ATP1B3	Epithelial	Markers
Enterocytes 2	MYL12B	Epithelial	Markers
Enterocytes 2	GPRC5A	Epithelial	Markers
Enterocytes 2	CCDC68	Epithelial	Markers
Enterocytes 2	ISG20	Epithelial	Markers
Enterocytes 2	NAAA	Epithelial	Markers
Enterocytes 2	SLC6A8	Epithelial	Markers
Enterocytes 2	CLDN3	Epithelial	Markers
Enterocytes 2	TRANK1	Epithelial	Markers
Enterocytes 2	FXYD3	Epithelial	Markers
Enterocytes 2	SULT1A2	Epithelial	Markers
Enterocytes 2	PDZD3	Epithelial	Markers
Enterocytes 2	SMIM22	Epithelial	Markers
Enterocytes 2	HHLA2	Epithelial	Markers
Enterocytes 2	LIPH	Epithelial	Markers
Enterocytes 2	COL17A1	Epithelial	Markers
Enterocytes 2	PCK1	Epithelial	Markers
Enterocytes 2	PRAP1	Epithelial	Markers
Enterocytes 2	LPIN2	Epithelial	Markers
Enterocytes 2	CEACAM1	Epithelial	Markers
Enterocytes 2	SPINT1	Epithelial	Markers
Enterocytes 2	CDKN2B-AS1	Epithelial	Markers
Enterocytes 2	SCNN1B	Epithelial	Markers
Enterocytes 2	B2M	Epithelial	Markers
Enterocytes 2	PHGR1	Epithelial	Markers
Enterocytes 2	TYMP	Epithelial	Markers
Enterocytes 2	RHOF	Epithelial	Markers
Enterocytes 2	BIRC3	Epithelial	Markers
Enterocytes 2	CTSZ	Epithelial	Markers
Enterocytes 2	RHOU	Epithelial	Markers
Enterocytes 2	SQSTM1	Epithelial	Markers
Enterocytes 2	TMSB4X	Epithelial	Markers
Enterocytes 2	DUOX2	Epithelial	Markers
Enterocytes 2	CLTB	Epithelial	Markers
Enterocytes 2	TMCC3	Epithelial	Markers
Enterocytes 2	AAK1	Epithelial	Markers
Enterocytes 2	MYL12A	Epithelial	Markers
Enterocytes 2	CDKN2B	Epithelial	Markers
Enterocytes 2	LRRC1	Epithelial	Markers
Enterocytes 2	MUC13	Epithelial	Markers
Enterocytes 2	TMC5	Epithelial	Markers
Enterocytes 2	LINC01559	Epithelial	Markers
Enterocytes 2	PTPRR	Epithelial	Markers
Enterocytes 2	MTRNR2L12	Epithelial	Markers
Enterocytes 2	EFHD2	Epithelial	Markers
Enterocytes 2	ST14	Epithelial	Markers
Enterocytes 2	AOC1	Epithelial	Markers
Enterocytes 2	ARL14	Epithelial	Markers
Enterocytes 2	IGLC3	Epithelial	Markers
Enterocytes 2	JCHAIN	Epithelial	Markers
Enterocytes 2	C1orf115	Epithelial	Markers
Enterocytes 2	PPP1R14D	Epithelial	Markers
Enterocytes 2	TSPAN3	Epithelial	Markers
Enterocytes 2	HSD17B2	Epithelial	Markers
Enterocytes 2	ACVRL1	Epithelial	Markers
Enterocytes 2	SMPD1	Epithelial	Markers
Enterocytes 2	CYP3A4	Epithelial	Markers
Enterocytes 2	CAMK2N1	Epithelial	Markers
Enterocytes 2	TJP3	Epithelial	Markers
Enterocytes 2	C1QTNF12	Epithelial	Markers
Enterocytes 2	HLA-B	Epithelial	Markers
Enterocytes 2	ASS1	Epithelial	Markers
Enterocytes 2	LSR	Epithelial	Markers
Enterocytes 2	DDX60	Epithelial	Markers
Enterocytes 2	RSAD2	Epithelial	Markers
Enterocytes 2	TP53INP2	Epithelial	Markers
Enterocytes 2	YPEL3	Epithelial	Markers
Enterocytes 2	CCDC152	Epithelial	Markers
Enterocytes 2	UGP2	Epithelial	Markers
Enterocytes 2	KRT20	Epithelial	Markers
Enterocytes 2	FBXO32	Epithelial	Markers
Enterocytes 2	EPS8	Epithelial	Markers
Enterocytes 2	IGKC	Epithelial	Markers
Enterocytes 3	GUCA2B	Epithelial	Markers
Enterocytes 3	OTOP2	Epithelial	Markers
Enterocytes 3	BEST4	Epithelial	Markers
Enterocytes 3	CA7	Epithelial	Markers
Enterocytes 3	GUCA2A	Epithelial	Markers
Enterocytes 3	MT1G	Epithelial	Markers
Enterocytes 3	MT1H	Epithelial	Markers
Enterocytes 3	MT2A	Epithelial	Markers
Enterocytes 3	SPIB	Epithelial	Markers
Enterocytes 3	CKB	Epithelial	Markers
Enterocytes 3	CA4	Epithelial	Markers
Enterocytes 3	HES4	Epithelial	Markers
Enterocytes 3	PCSK1N	Epithelial	Markers
Enterocytes 3	MT1E	Epithelial	Markers
Enterocytes 3	MT1X	Epithelial	Markers
Enterocytes 3	SRI	Epithelial	Markers
Enterocytes 3	TMSB10	Epithelial	Markers
Enterocytes 3	KRT20	Epithelial	Markers
Enterocytes 3	MT1M	Epithelial	Markers
Enterocytes 3	FRMD1	Epithelial	Markers
Enterocytes 3	AOC1	Epithelial	Markers
Enterocytes 3	DMBT1	Epithelial	Markers
Enterocytes 3	NEURL1	Epithelial	Markers
Enterocytes 3	CEACAM1	Epithelial	Markers
Enterocytes 3	SDCBP2	Epithelial	Markers
Enterocytes 3	HRCT1	Epithelial	Markers
Enterocytes 3	FXYD3	Epithelial	Markers
Enterocytes 3	GPA33	Epithelial	Markers
Enterocytes 3	MT1F	Epithelial	Markers
Enterocytes 3	S100A10	Epithelial	Markers
Enterocytes 3	SAMD9	Epithelial	Markers
Enterocytes 3	SCIN	Epithelial	Markers
Enterocytes 3	ADRA2A	Epithelial	Markers
Enterocytes 3	CARD16	Epithelial	Markers
Enterocytes 3	CDHR5	Epithelial	Markers
Enterocytes 3	CDHR2	Epithelial	Markers
Enterocytes 3	ADCY5	Epithelial	Markers
Enterocytes 3	TMEM176A	Epithelial	Markers
Enterocytes 3	GNPTAB	Epithelial	Markers
Enterocytes 3	TMEM176B	Epithelial	Markers
Enterocytes 3	MYOM1	Epithelial	Markers
Enterocytes 3	CLCA4	Epithelial	Markers
Enterocytes 3	CTSE	Epithelial	Markers
Enterocytes 3	ID1	Epithelial	Markers
Enterocytes 3	NOTCH2	Epithelial	Markers
Enterocytes 3	C1orf21	Epithelial	Markers
Enterocytes 3	ITM2C	Epithelial	Markers
Enterocytes 3	SLC2A5	Epithelial	Markers
Enterocytes 3	CEACAM7	Epithelial	Markers
Enterocytes 3	CDK18	Epithelial	Markers
Enterocytes 3	TTC39B	Epithelial	Markers
Enterocytes 3	PHGR1	Epithelial	Markers
Enterocytes 3	TDP2	Epithelial	Markers
Enterocytes 3	SLC20A1	Epithelial	Markers
Enterocytes 3	MEIS1	Epithelial	Markers
Enterocytes 3	HEPACAM2	Epithelial	Markers
Enterocytes 3	VIPR1	Epithelial	Markers
Enterocytes 3	SAMD9L	Epithelial	Markers
Enterocytes 3	SELENOW	Epithelial	Markers
Enterocytes 3	FTH1	Epithelial	Markers
Enterocytes 3	GUCY2C	Epithelial	Markers
Enterocytes 3	KRT19	Epithelial	Markers
Enterocytes 3	MDK	Epithelial	Markers
Enterocytes 3	CFD	Epithelial	Markers
Enterocytes 3	MAB21L4	Epithelial	Markers
Enterocytes 3	PROX1	Epithelial	Markers
Enterocytes 3	OTOP3	Epithelial	Markers
Enterocytes 3	MSLN	Epithelial	Markers
Enterocytes 3	KRT8	Epithelial	Markers
Enterocytes 3	CEACAM6	Epithelial	Markers
Enterocytes 3	NEAT1	Epithelial	Markers
Enterocytes 3	PDE9A	Epithelial	Markers
Enterocytes 3	IGLC3	Epithelial	Markers
Enterocytes 3	CFDP1	Epithelial	Markers
Enterocytes 3	LYPD8	Epithelial	Markers
Enterocytes 3	ECE1	Epithelial	Markers
Enterocytes 3	CDC42BPA	Epithelial	Markers
Enterocytes 3	PPDPF	Epithelial	Markers
Enterocytes 3	GSN	Epithelial	Markers
Enterocytes 3	SGK1	Epithelial	Markers
Enterocytes 3	ATP1B1	Epithelial	Markers
Enterocytes 3	LINC01559	Epithelial	Markers
Enterocytes 3	TST	Epithelial	Markers
Enterocytes 3	HSD17B2	Epithelial	Markers
Enterocytes 3	C10orf99	Epithelial	Markers
Enterocytes 3	DST	Epithelial	Markers
Enterocytes 3	FLNB	Epithelial	Markers
Enterocytes 3	GRN	Epithelial	Markers
Enterocytes 3	TP53INP2	Epithelial	Markers
Enterocytes 3	MEP1A	Epithelial	Markers
Enterocytes 3	MISP	Epithelial	Markers
Enterocytes 3	A1CF	Epithelial	Markers
Enterocytes 3	UNC5C	Epithelial	Markers
Enterocytes 3	PRSS3	Epithelial	Markers
Enterocytes 3	SLC17A4	Epithelial	Markers
Enterocytes 3	LGALS3	Epithelial	Markers
Enterocytes 3	TP53INP1	Epithelial	Markers
Enterocytes 3	PDCD4	Epithelial	Markers
Enterocytes 3	CAMK2N1	Epithelial	Markers
Enterocytes 3	APOBR	Epithelial	Markers
Enterocytes 3	PRKG2	Epithelial	Markers
Enterocytes 3	PDLIM1	Epithelial	Markers
Enterocytes 3	MALT1	Epithelial	Markers
Enterocytes 3	HSPB1	Epithelial	Markers
Enterocytes 3	S100A6	Epithelial	Markers
Enterocytes 3	BSG	Epithelial	Markers
Enterocytes 3	RHOC	Epithelial	Markers
Enterocytes 3	DDAH2	Epithelial	Markers
Enterocytes 3	MTRNR2L12	Epithelial	Markers
Enterocytes 3	CA2	Epithelial	Markers
Enterocytes 3	NSD2	Epithelial	Markers
Enterocytes 3	MUC13	Epithelial	Markers
Enterocytes 3	NBPF14	Epithelial	Markers
Enterocytes 3	FNIP2	Epithelial	Markers
Enterocytes 3	TXNIP	Epithelial	Markers
Enterocytes 3	GOLIM4	Epithelial	Markers
Enterocytes 3	JUND	Epithelial	Markers
Enterocytes 3	GOLM1	Epithelial	Markers
Enterocytes 3	HLA-A	Epithelial	Markers
Enterocytes 3	C4orf48	Epithelial	Markers
Enterocytes 3	VSIR	Epithelial	Markers
Enterocytes 3	FCGRT	Epithelial	Markers
Enterocytes 3	SAMHD1	Epithelial	Markers
Enterocytes 3	NBPF19	Epithelial	Markers
Enterocytes 3	ID4	Epithelial	Markers
Enterocytes 3	DOCK4	Epithelial	Markers
Enterocytes 3	PDGFA	Epithelial	Markers
Enterocytes 3	PTPRR	Epithelial	Markers
Enterocytes 3	FABP1	Epithelial	Markers
Enterocytes 3	MXI1	Epithelial	Markers
Enterocytes 3	ISG15	Epithelial	Markers
Enterocytes 3	PDZD3	Epithelial	Markers
Imma. Gob. 1	CLCA1	Epithelial	Markers
Imma. Gob. 1	FCGBP	Epithelial	Markers
Imma. Gob. 1	REP15	Epithelial	Markers
Imma. Gob. 1	ITLN1	Epithelial	Markers
Imma. Gob. 1	SPINK4	Epithelial	Markers
Imma. Gob. 1	TFF3	Epithelial	Markers
Imma. Gob. 1	MUC2	Epithelial	Markers
Imma. Gob. 1	ST6GALNAC1	Epithelial	Markers
Imma. Gob. 1	KLK1	Epithelial	Markers
Imma. Gob. 1	SYTL2	Epithelial	Markers
Imma. Gob. 1	FRYL	Epithelial	Markers
Imma. Gob. 1	MUC4	Epithelial	Markers
Imma. Gob. 1	SERPINA1	Epithelial	Markers
Imma. Gob. 1	ANO7	Epithelial	Markers
Imma. Gob. 1	ERN2	Epithelial	Markers
Imma. Gob. 1	SPDEF	Epithelial	Markers
Imma. Gob. 1	SLC4A7	Epithelial	Markers
Imma. Gob. 1	HEPACAM2	Epithelial	Markers
Imma. Gob. 1	MLPH	Epithelial	Markers
Imma. Gob. 1	RAP1GAP	Epithelial	Markers
Imma. Gob. 1	L1TD1	Epithelial	Markers
Imma. Gob. 1	ATOH1	Epithelial	Markers
Imma. Gob. 1	WNK4	Epithelial	Markers
Imma. Gob. 1	RASD1	Epithelial	Markers
Imma. Gob. 2	SPINK4	Epithelial	Markers
Imma. Gob. 2	ITLN1	Epithelial	Markers
Imma. Gob. 2	CLCA1	Epithelial	Markers
Imma. Gob. 2	TFF3	Epithelial	Markers
Imma. Gob. 2	WFDC2	Epithelial	Markers
Imma. Gob. 2	FCGBP	Epithelial	Markers
Imma. Gob. 2	KLK1	Epithelial	Markers
Imma. Gob. 2	AGR2	Epithelial	Markers
Imma. Gob. 2	MUC2	Epithelial	Markers
Imma. Gob. 2	SPINK1	Epithelial	Markers
Imma. Gob. 2	REG4	Epithelial	Markers
Imma. Gob. 2	ST6GALNAC1	Epithelial	Markers
Imma. Gob. 2	REP15	Epithelial	Markers
Imma. Gob. 2	SERPINA1	Epithelial	Markers
Imma. Gob. 2	RPL36	Epithelial	Markers
Imma. Gob. 2	RNASE1	Epithelial	Markers
Imma. Gob. 2	HSPA1A	Epithelial	Markers
Imma. Gob. 2	RPS24	Epithelial	Markers
Imma. Gob. 2	FOSB	Epithelial	Markers
Imma. Gob. 2	SLC12A2	Epithelial	Markers
Imma. Gob. 2	HEPACAM2	Epithelial	Markers
Imma. Gob. 2	ZG16	Epithelial	Markers
Imma. Gob. 2	RPLP1	Epithelial	Markers
Imma. Gob. 2	RPL18A	Epithelial	Markers
Imma. Gob. 2	IGFBP2	Epithelial	Markers
Imma. Gob. 2	RPS27	Epithelial	Markers
Imma. Gob. 2	SPDEF	Epithelial	Markers
Imma. Gob. 2	FOS	Epithelial	Markers
Imma. Gob. 2	RETNLB	Epithelial	Markers
Imma. Gob. 2	NR4A1	Epithelial	Markers
Imma. Gob. 2	RPL32	Epithelial	Markers
Imma. Gob. 2	RPL37	Epithelial	Markers
Imma. Gob. 2	ELAPOR1	Epithelial	Markers
Imma. Gob. 2	RPL14	Epithelial	Markers
Imma. Gob. 2	KLF4	Epithelial	Markers
Imma. Gob. 2	RPS8	Epithelial	Markers
Imma. Gob. 2	SSR4	Epithelial	Markers
Imma. Gob. 2	RPL34	Epithelial	Markers
Imma. Gob. 2	RPL13A	Epithelial	Markers
Imma. Gob. 2	SH3BGRL3	Epithelial	Markers
Imma. Gob. 2	RPL3	Epithelial	Markers
Imma. Gob. 2	FAM3D	Epithelial	Markers
Imma. Gob. 2	RASD1	Epithelial	Markers
Imma. Gob. 2	RPS3A	Epithelial	Markers
Imma. Gob. 2	ATOH1	Epithelial	Markers
Imma. Gob. 2	CREB3L1	Epithelial	Markers
Imma. Gob. 2	C12orf57	Epithelial	Markers
Imma. Gob. 2	RPL28	Epithelial	Markers
Imma. Gob. 2	RPS6	Epithelial	Markers
Imma. Gob. 2	RPS14	Epithelial	Markers
Imma. Gob. 2	RPS18	Epithelial	Markers
Imma. Gob. 2	RPL12	Epithelial	Markers
Imma. Gob. 2	CDC42EP5	Epithelial	Markers
Imma. Gob. 2	RPS15A	Epithelial	Markers
Imma. Gob. 2	BTG2	Epithelial	Markers
Imma. Gob. 2	TPSG1	Epithelial	Markers
Imma. Gob. 2	RPL9	Epithelial	Markers
Imma. Gob. 2	RPS16	Epithelial	Markers
Imma. Gob. 2	RPS9	Epithelial	Markers
Imma. Gob. 2	L1TD1	Epithelial	Markers
Imma. Gob. 2	RAP1GAP	Epithelial	Markers
Imma. Gob. 2	RPL23A	Epithelial	Markers
Imma. Gob. 2	RPL10A	Epithelial	Markers
Imma. Gob. 2	ATF3	Epithelial	Markers
Imma. Gob. 2	GMDS	Epithelial	Markers
Imma. Gob. 2	TSPAN13	Epithelial	Markers
Imma. Gob. 2	JUN	Epithelial	Markers
Imma. Gob. 2	RPS5	Epithelial	Markers
Imma. Gob. 2	RPL35A	Epithelial	Markers
Imma. Gob. 2	RPS4X	Epithelial	Markers
Imma. Gob. 2	RPLP0	Epithelial	Markers
Imma. Gob. 2	SELENOK	Epithelial	Markers
Imma. Gob. 2	TCIM	Epithelial	Markers
Imma. Gob. 2	EGR1	Epithelial	Markers
Imma. Gob. 2	RPL30	Epithelial	Markers
Imma. Gob. 2	RPL19	Epithelial	Markers
Imma. Gob. 2	BEST2	Epithelial	Markers
Imma. Gob. 2	RPS19	Epithelial	Markers
Imma. Gob. 2	RPL31	Epithelial	Markers
Imma. Gob. 2	KRT18	Epithelial	Markers
Imma. Gob. 2	TCEA3	Epithelial	Markers
Imma. Gob. 2	HPCAL1	Epithelial	Markers
Imma. Gob. 2	FRYL	Epithelial	Markers
Imma. Gob. 2	CKAP4	Epithelial	Markers
Imma. Gob. 2	RPS23	Epithelial	Markers
Imma. Gob. 2	RPS2	Epithelial	Markers
Imma. Gob. 2	HSPA1B	Epithelial	Markers
Imma. Gob. 2	HSP90AA1	Epithelial	Markers
Imma. Gob. 2	LGALS4	Epithelial	Markers
Imma. Gob. 2	RPS13	Epithelial	Markers
Imma. Gob. 2	ERN2	Epithelial	Markers
Imma. Gob. 2	MYADM	Epithelial	Markers
Imma. Gob. 2	ANXA13	Epithelial	Markers
Imma. Gob. 2	MLPH	Epithelial	Markers
Imma. Gob. 2	RPL7A	Epithelial	Markers
Imma. Gob. 2	RPS27A	Epithelial	Markers
Imma. Gob. 2	RAB27A	Epithelial	Markers
Imma. Gob. 2	RPS20	Epithelial	Markers
Imma. Gob. 2	RPSA	Epithelial	Markers
Imma. Gob. 2	PDIA3	Epithelial	Markers
Imma. Gob. 2	ARFGEF3	Epithelial	Markers
Imma. Gob. 2	KCNQ1OT1	Epithelial	Markers
Imma. Gob. 2	MUC4	Epithelial	Markers
Imma. Gob. 2	GNE	Epithelial	Markers
Imma. Gob. 2	SLC4A7	Epithelial	Markers
Imma. Gob. 2	NUPR1	Epithelial	Markers
Imma. Gob. 2	FOXP1	Epithelial	Markers
Imma. Gob. 2	NEDD4L	Epithelial	Markers
Imma. Gob. 2	FMOD	Epithelial	Markers
Imma. Gob. 2	UQCRH	Epithelial	Markers
Imma. Gob. 2	HES6	Epithelial	Markers
Imma. Gob. 2	TPM1	Epithelial	Markers
Imma. Gob. 2	RPL5	Epithelial	Markers
Imma. Gob. 2	ANO7	Epithelial	Markers
Imma. Gob. 2	RPL21	Epithelial	Markers
Imma. Gob. 2	SMIM14	Epithelial	Markers
Imma. Gob. 2	NACA	Epithelial	Markers
Imma. Gob. 2	SLC38A2	Epithelial	Markers
Imma. Gob. 2	RPL22	Epithelial	Markers
Imma. Gob. 2	SYTL2	Epithelial	Markers
Imma. Gob. 2	HSD11B2	Epithelial	Markers
Imma. Gob. 2	ALDH1A1	Epithelial	Markers
Imma. Gob. 2	PRDX5	Epithelial	Markers
Imma. Gob. 2	DLL1	Epithelial	Markers
Imma. Gob. 2	PPIB	Epithelial	Markers
Imma. Gob. 2	RPS25	Epithelial	Markers
Imma. Gob. 2	RPL39	Epithelial	Markers
Imma. Gob. 2	IL1R2	Epithelial	Markers
Imma. Gob. 2	IER3	Epithelial	Markers
Imma. Gob. 2	IL13RA1	Epithelial	Markers
Imma. Gob. 2	FOXA3	Epithelial	Markers
Imma. Gob. 2	RPS21	Epithelial	Markers
Imma. Gob. 2	RACK1	Epithelial	Markers
Imma. Gob. 2	WNK4	Epithelial	Markers
Imma. Gob. 2	AGR3	Epithelial	Markers
Imma. Gob. 2	EEF1A1	Epithelial	Markers
Imma. Gob. 2	RPL6	Epithelial	Markers
Imma. Gob. 2	IER2	Epithelial	Markers
Imma. Gob. 2	PRAC1	Epithelial	Markers
Imma. Gob. 2	SELENOM	Epithelial	Markers
Imma. Gob. 2	RPS3	Epithelial	Markers
Imma. Gob. 2	EEF1B2	Epithelial	Markers
Imma. Gob. 2	RPL27	Epithelial	Markers
Imma. Gob. 2	JUNB	Epithelial	Markers
Imma. Gob. 2	GDF15	Epithelial	Markers
Imma. Gob. 2	LMAN1	Epithelial	Markers
Imma. Gob. 2	SLC9A3R2	Epithelial	Markers
Imma. Gob. 2	GFPT1	Epithelial	Markers
Imma. Gob. 2	DNAJC10	Epithelial	Markers
Imma. Gob. 2	ATP5MC2	Epithelial	Markers
Imma. Gob. 2	PTMA	Epithelial	Markers
Imma. Gob. 2	RPS7	Epithelial	Markers
Imma. Gob. 2	RAB26	Epithelial	Markers
Imma. Gob. 2	ABLIM1	Epithelial	Markers
Imma. Gob. 2	SERP1	Epithelial	Markers
Imma. Gob. 2	GALNT3	Epithelial	Markers
Imma. Gob. 2	DNAJB1	Epithelial	Markers
Imma. Gob. 2	CD63	Epithelial	Markers
Imma. Gob. 2	RPL7	Epithelial	Markers
Imma. Gob. 2	NOP53	Epithelial	Markers
Imma. Gob. 2	ETS2	Epithelial	Markers
Imma. Gob. 2	ID2	Epithelial	Markers
Imma. Gob. 2	GALNT5	Epithelial	Markers
Imma. Gob. 2	RPS10	Epithelial	Markers
Imma. Gob. 2	DNAJC12	Epithelial	Markers
Imma. Gob. 2	MIA3	Epithelial	Markers
Imma. Gob. 2	SNORC	Epithelial	Markers
Imma. Gob. 2	FRZB	Epithelial	Markers
Imma. Gob. 2	MB	Epithelial	Markers
Imma. Gob. 2	NEURL1	Epithelial	Markers
Imma. Gob. 2	NUCB2	Epithelial	Markers
Imma. Gob. 2	GLUL	Epithelial	Markers
Imma. Gob. 2	DNAJA1	Epithelial	Markers
Imma. Gob. 2	ITPR2	Epithelial	Markers
Imma. Gob. 2	HERPUD1	Epithelial	Markers
Imma. Gob. 2	NUCKS1	Epithelial	Markers
Imma. Gob. 2	HID1	Epithelial	Markers
Imma. Gob. 2	PRUNE2	Epithelial	Markers
Imma. Gob. 2	ATP2A3	Epithelial	Markers
Imma. Gob. 2	NDUFA4	Epithelial	Markers
Imma. Gob. 2	ATP2C2	Epithelial	Markers
Imma. Gob. 2	S100P	Epithelial	Markers
Imma. Gob. 2	FKBP11	Epithelial	Markers
Imma. Gob. 2	ERLEC1	Epithelial	Markers
Imma. Gob. 2	ZFP36L2	Epithelial	Markers
Imma. Gob. 2	GALNT8	Epithelial	Markers
Imma. Gob. 2	TMEM61	Epithelial	Markers
Imma. Gob. 2	RPL4	Epithelial	Markers
Imma. Gob. 2	TACC1	Epithelial	Markers
Imma. Gob. 2	AQP3	Epithelial	Markers
Imma. Gob. 2	DOP1B	Epithelial	Markers
Imma. Gob. 2	TTC3	Epithelial	Markers
Imma. Gob. 2	TOMM20	Epithelial	Markers
Imma. Gob. 2	TMSB10	Epithelial	Markers
Imma. Gob. 2	OSTC	Epithelial	Markers
Imma. Gob. 2	PPP1R1B	Epithelial	Markers
Imma. Gob. 2	EMP2	Epithelial	Markers
Imma. Gob. 2	CCND2	Epithelial	Markers
Imma. Gob. 2	LGALS9	Epithelial	Markers
Imma. Gob. 2	GPRIN3	Epithelial	Markers
Imma. Gob. 2	EHF	Epithelial	Markers
Imma. Gob. 2	SCNN1A	Epithelial	Markers
Imma. Gob. 2	ELF3	Epithelial	Markers
Imma. Gob. 2	PLXDC2	Epithelial	Markers
Imma. Gob. 2	FAM13A	Epithelial	Markers
Imma. Gob. 2	QSOX1	Epithelial	Markers
Imma. Gob. 2	ESRP1	Epithelial	Markers
Goblet	ZG16	Epithelial	Markers
Goblet	MUC2	Epithelial	Markers
Goblet	TFF1	Epithelial	Markers
Goblet	FCGBP	Epithelial	Markers
Goblet	GSN	Epithelial	Markers
Goblet	TFF3	Epithelial	Markers
Goblet	CD177	Epithelial	Markers
Goblet	TSPAN1	Epithelial	Markers
Goblet	SYTL2	Epithelial	Markers
Goblet	REP15	Epithelial	Markers
Goblet	TPM1	Epithelial	Markers
Goblet	ANKRD36C	Epithelial	Markers
Goblet	CDC42EP3	Epithelial	Markers
Goblet	FXYD3	Epithelial	Markers
Goblet	MUC13	Epithelial	Markers
Goblet	IFI27	Epithelial	Markers
Goblet	HLA-E	Epithelial	Markers
Goblet	FAM3D	Epithelial	Markers
Goblet	KLK1	Epithelial	Markers
Goblet	SPATS2L	Epithelial	Markers
Goblet	S100P	Epithelial	Markers
Goblet	SMIM14	Epithelial	Markers
Goblet	ENTPD8	Epithelial	Markers
Goblet	SCNN1A	Epithelial	Markers
Goblet	MLPH	Epithelial	Markers
Goblet	SERPINA1	Epithelial	Markers
Goblet	RAB27A	Epithelial	Markers
Goblet	MGLL	Epithelial	Markers
Goblet	HLA-A	Epithelial	Markers
Goblet	ISG15	Epithelial	Markers
Goblet	RASEF	Epithelial	Markers
Goblet	BCAS1	Epithelial	Markers
Goblet	SPINK4	Epithelial	Markers
Goblet	AGR2	Epithelial	Markers
Goblet	QSOX1	Epithelial	Markers
Goblet	TPSG1	Epithelial	Markers
Goblet	TM4SF5	Epithelial	Markers
Goblet	TBX10	Epithelial	Markers
Goblet	FER1L6	Epithelial	Markers
Goblet	NUPR1	Epithelial	Markers
Goblet	DST	Epithelial	Markers
Goblet	SPDEF	Epithelial	Markers
Goblet	CD63	Epithelial	Markers
Goblet	CREB3L1	Epithelial	Markers
Goblet	SH3BGRL3	Epithelial	Markers
Goblet	HEPACAM2	Epithelial	Markers
Goblet	MUC4	Epithelial	Markers
Goblet	REG4	Epithelial	Markers
Goblet	TSPAN3	Epithelial	Markers
Goblet	GPR153	Epithelial	Markers
Goblet	SELENOP	Epithelial	Markers
Goblet	TXNIP	Epithelial	Markers
Goblet	VIPR1	Epithelial	Markers
Goblet	NAAA	Epithelial	Markers
Goblet	TUBB2A	Epithelial	Markers
Goblet	ID3	Epithelial	Markers
Goblet	SAMD9	Epithelial	Markers
Goblet	FOXA3	Epithelial	Markers
Goblet	CKB	Epithelial	Markers
Goblet	S100A6	Epithelial	Markers
Goblet	CLDN8	Epithelial	Markers
Goblet	TCIM	Epithelial	Markers
Goblet	BEST2	Epithelial	Markers
Goblet	ISG20	Epithelial	Markers
Goblet	GALNT5	Epithelial	Markers
Goblet	MINPP1	Epithelial	Markers
Goblet	DHRS9	Epithelial	Markers
Goblet	NEDD4L	Epithelial	Markers
Goblet	MIA3	Epithelial	Markers
Goblet	DDX60	Epithelial	Markers
Goblet	TRANK1	Epithelial	Markers
Goblet	CDC42EP5	Epithelial	Markers
Goblet	CLDN4	Epithelial	Markers
Goblet	HLA-F	Epithelial	Markers
Goblet	KLF4	Epithelial	Markers
Goblet	ST6GALNAC1	Epithelial	Markers
Goblet	PARM1	Epithelial	Markers
Goblet	LPIN2	Epithelial	Markers
Goblet	RFLNA	Epithelial	Markers
Goblet	LIPH	Epithelial	Markers
Goblet	GLUL	Epithelial	Markers
Goblet	CCDC68	Epithelial	Markers
Goblet	TCF7L2	Epithelial	Markers
Goblet	KRT20	Epithelial	Markers
Goblet	ATOH1	Epithelial	Markers
Goblet	CAPN9	Epithelial	Markers
Goblet	MLLT3	Epithelial	Markers
Goblet	ITM2C	Epithelial	Markers
Goblet	FAM107B	Epithelial	Markers
Goblet	B2M	Epithelial	Markers
Goblet	DISP2	Epithelial	Markers
Goblet	TSPAN13	Epithelial	Markers
Goblet	SH3PXD2A	Epithelial	Markers
Goblet	SELENOK	Epithelial	Markers
Goblet	RHOC	Epithelial	Markers
Goblet	CLTB	Epithelial	Markers
Goblet	WNK4	Epithelial	Markers
Goblet	DYRK2	Epithelial	Markers
Goblet	GDPD3	Epithelial	Markers
Goblet	MCF2L	Epithelial	Markers
Goblet	MYL12A	Epithelial	Markers
Goblet	ATP2A3	Epithelial	Markers
Goblet	SMIM5	Epithelial	Markers
Goblet	SDCBP2	Epithelial	Markers
Goblet	RAB3B	Epithelial	Markers
Goblet	MAN1A1	Epithelial	Markers
Goblet	ATP6V1G1	Epithelial	Markers
Goblet	TDP2	Epithelial	Markers
Goblet	SMIM6	Epithelial	Markers
Goblet	GALNT3	Epithelial	Markers
Goblet	MXD1	Epithelial	Markers
Goblet	CEACAM6	Epithelial	Markers
Goblet	SERINC2	Epithelial	Markers
Goblet	CAMK2N1	Epithelial	Markers
Goblet	ERI3	Epithelial	Markers
Goblet	AREG	Epithelial	Markers
Goblet	ERN2	Epithelial	Markers
Goblet	CLCA1	Epithelial	Markers
Goblet	WSB1	Epithelial	Markers
Goblet	SYTL5	Epithelial	Markers
Goblet	YPEL3	Epithelial	Markers
Goblet	KCNK1	Epithelial	Markers
Goblet	FAM177B	Epithelial	Markers
Goblet	KCNK6	Epithelial	Markers
Goblet	HSPA2	Epithelial	Markers
Goblet	PHGR1	Epithelial	Markers
Goblet	MFSD4A	Epithelial	Markers
Goblet	IL3RA	Epithelial	Markers
Goblet	FSIP2	Epithelial	Markers
Goblet	FBXO32	Epithelial	Markers
Goblet	SLC16A9	Epithelial	Markers
Goblet	ACOT7	Epithelial	Markers
Goblet	LINC01559	Epithelial	Markers
Goblet	OPTN	Epithelial	Markers
Goblet	SLC44A4	Epithelial	Markers
Goblet	H1-2	Epithelial	Markers
Goblet	TP53INP2	Epithelial	Markers
Goblet	GFPT1	Epithelial	Markers
Goblet	CFDP1	Epithelial	Markers
Goblet	SCGB2A1	Epithelial	Markers
Goblet	SYT7	Epithelial	Markers
Goblet	HLA-B	Epithelial	Markers
Goblet	GPRIN2	Epithelial	Markers
Goblet	MAPK3	Epithelial	Markers
Goblet	H1-0	Epithelial	Markers
Goblet	CORO1B	Epithelial	Markers
Goblet	TNFSF10	Epithelial	Markers
Goblet	DNAJC10	Epithelial	Markers
Goblet	AGR3	Epithelial	Markers
Goblet	FAM83E	Epithelial	Markers
Goblet	PTGER4	Epithelial	Markers
Goblet	SECTM1	Epithelial	Markers
Goblet	FHL2	Epithelial	Markers
Goblet	SHROOM3	Epithelial	Markers
Goblet	B3GALT5	Epithelial	Markers
Goblet	PLAAT4	Epithelial	Markers
Goblet	FAM114A1	Epithelial	Markers
Goblet	MARCKS	Epithelial	Markers
Goblet	CD2AP	Epithelial	Markers
Goblet	PADI2	Epithelial	Markers
Goblet	UBC	Epithelial	Markers
Goblet	TP53INP1	Epithelial	Markers
Goblet	VAMP8	Epithelial	Markers
Goblet	GPA33	Epithelial	Markers
Goblet	ID1	Epithelial	Markers
Goblet	PDGFA	Epithelial	Markers
Goblet	LGALS4	Epithelial	Markers
Goblet	NEDD9	Epithelial	Markers
Goblet	ARL14	Epithelial	Markers
Goblet	TC2N	Epithelial	Markers
Goblet	PDLIM1	Epithelial	Markers
Goblet	PLS1	Epithelial	Markers
Goblet	LSR	Epithelial	Markers
Goblet	PTPRF	Epithelial	Markers
Goblet	APOL6	Epithelial	Markers
Goblet	TMEM54	Epithelial	Markers
Goblet	EIF2AK3	Epithelial	Markers
Goblet	NEURL1	Epithelial	Markers
Goblet	ANO7	Epithelial	Markers
Goblet	LMO7	Epithelial	Markers
Goblet	CEACAM5	Epithelial	Markers
Goblet	SMIM22	Epithelial	Markers
Goblet	CDHR2	Epithelial	Markers
Goblet	INSR	Epithelial	Markers
Goblet	ANKRD12	Epithelial	Markers
Goblet	MYL12B	Epithelial	Markers
Goblet	STX19	Epithelial	Markers
Goblet	ABHD17C	Epithelial	Markers
Goblet	SPTBN1	Epithelial	Markers
Goblet	CTNND1	Epithelial	Markers
Goblet	TACC1	Epithelial	Markers
Goblet	RIOK3	Epithelial	Markers
Goblet	EPCAM	Epithelial	Markers
Goblet	CDKN1A	Epithelial	Markers
Goblet	UGCG	Epithelial	Markers
Goblet	KRT18	Epithelial	Markers
Goblet	KAZALD1	Epithelial	Markers
Goblet	DDR1	Epithelial	Markers
Goblet	FAXDC2	Epithelial	Markers
Goblet	RASD1	Epithelial	Markers
Goblet	ADM	Epithelial	Markers
Goblet	SCNN1B	Epithelial	Markers
Goblet	EGLN3	Epithelial	Markers
Goblet	CDHR5	Epithelial	Markers
Goblet	TMC5	Epithelial	Markers
Goblet	HPGD	Epithelial	Markers
Goblet	SQSTM1	Epithelial	Markers
Goblet	CA12	Epithelial	Markers
Goblet	LYPD8	Epithelial	Markers
Goblet	RAB11FIP1	Epithelial	Markers
Goblet	CTTNBP2NL	Epithelial	Markers
Goblet	MYO5C	Epithelial	Markers
Goblet	SUSD6	Epithelial	Markers
Goblet	CKAP4	Epithelial	Markers
Goblet	SMPDL3A	Epithelial	Markers
Goblet	JUND	Epithelial	Markers
Goblet	HRCT1	Epithelial	Markers
Goblet	SMIM31	Epithelial	Markers
Tuft	IRAG2	Epithelial	Markers
Tuft	SH2D6	Epithelial	Markers
Tuft	FYB1	Epithelial	Markers
Tuft	HPGDS	Epithelial	Markers
Tuft	TRPM5	Epithelial	Markers
Tuft	PLCG2	Epithelial	Markers
Tuft	AZGP1	Epithelial	Markers
Tuft	PSTPIP2	Epithelial	Markers
Tuft	BMX	Epithelial	Markers
Tuft	MARCKSL1	Epithelial	Markers
Tuft	COL27A1	Epithelial	Markers
Tuft	IGLC3	Epithelial	Markers
Tuft	ALOX5	Epithelial	Markers
Tuft	IFI6	Epithelial	Markers
Tuft	HCK	Epithelial	Markers
Tuft	KRT18	Epithelial	Markers
Tuft	ATP2A3	Epithelial	Markers
Tuft	RASSF6	Epithelial	Markers
Tuft	ITPR2	Epithelial	Markers
Tuft	ALOX5AP	Epithelial	Markers
Tuft	AVIL	Epithelial	Markers
Tuft	IL17RB	Epithelial	Markers
Tuft	PTPN18	Epithelial	Markers
Tuft	PTGS1	Epithelial	Markers
Tuft	EIF1B	Epithelial	Markers
Tuft	PBXIP1	Epithelial	Markers
Tuft	MATK	Epithelial	Markers
Tuft	CCSER1	Epithelial	Markers
Tuft	TPM1	Epithelial	Markers
Tuft	SH2D7	Epithelial	Markers
Tuft	SPTLC2	Epithelial	Markers
Tuft	LUC7L3	Epithelial	Markers
Tuft	TAMALIN	Epithelial	Markers
Tuft	ZFHX3	Epithelial	Markers
Tuft	ANXA13	Epithelial	Markers
Tuft	TLE4	Epithelial	Markers
Tuft	HOTAIRM1	Epithelial	Markers
Tuft	MAP7	Epithelial	Markers
Tuft	HTR3E	Epithelial	Markers
Tuft	GNG13	Epithelial	Markers
Tuft	HIP1R	Epithelial	Markers
Tuft	AFAP1L2	Epithelial	Markers
Tuft	OGDHL	Epithelial	Markers
Tuft	B4GALNT4	Epithelial	Markers
Tuft	PPDPF	Epithelial	Markers
Tuft	GRK5	Epithelial	Markers
Tuft	IGSF3	Epithelial	Markers
Tuft	KMT2C	Epithelial	Markers
Tuft	FURIN	Epithelial	Markers
Tuft	UTRN	Epithelial	Markers
Tuft	SELENOM	Epithelial	Markers
Tuft	DEFB1	Epithelial	Markers
Tuft	IL13RA1	Epithelial	Markers
Tuft	SPIB	Epithelial	Markers
Tuft	ARGLU1	Epithelial	Markers
Tuft	ANXA4	Epithelial	Markers
Tuft	ADGRG6	Epithelial	Markers
Tuft	CHD6	Epithelial	Markers
Tuft	DKK3	Epithelial	Markers
Tuft	H1-10	Epithelial	Markers
Tuft	AOC1	Epithelial	Markers
Tuft	ANXA1	Epithelial	Markers
Tuft	SPAG9	Epithelial	Markers
Tuft	JCHAIN	Epithelial	Markers
Tuft	PTPRJ	Epithelial	Markers
Tuft	TUBA1A	Epithelial	Markers
Tuft	IGKC	Epithelial	Markers
Tuft	SKAP2	Epithelial	Markers
Tuft	PTPN6	Epithelial	Markers
Tuft	POU2F3	Epithelial	Markers
Tuft	KIT	Epithelial	Markers
Tuft	CD300LF	Epithelial	Markers
Tuft	DPYSL3	Epithelial	Markers
Tuft	TAS1R3	Epithelial	Markers
Tuft	SNORC	Epithelial	Markers
Tuft	MYO1B	Epithelial	Markers
Tuft	CD14	Epithelial	Markers
Tuft	DDX5	Epithelial	Markers
Tuft	MTSS1	Epithelial	Markers
Tuft	TMEM176A	Epithelial	Markers
Tuft	PLEKHB1	Epithelial	Markers
Tuft	SOX9	Epithelial	Markers
Tuft	PIK3CG	Epithelial	Markers
Tuft	GNAI2	Epithelial	Markers
Tuft	HEPACAM2	Epithelial	Markers
Tuft	ARHGEF38	Epithelial	Markers
Tuft	HTR3C	Epithelial	Markers
Tuft	BIK	Epithelial	Markers
Tuft	TET2	Epithelial	Markers
Tuft	TMEM176B	Epithelial	Markers
Tuft	IGHA1	Epithelial	Markers
Tuft	JMY	Epithelial	Markers
Tuft	RALGPS2	Epithelial	Markers
Tuft	LIPG	Epithelial	Markers
Tuft	EID1	Epithelial	Markers
Tuft	PNISR	Epithelial	Markers
Tuft	NCMAP	Epithelial	Markers
Tuft	RICTOR	Epithelial	Markers
Tuft	ACTN1	Epithelial	Markers
Tuft	ABHD2	Epithelial	Markers
Tuft	TREH	Epithelial	Markers
Tuft	VAV1	Epithelial	Markers
Tuft	TBC1D2B	Epithelial	Markers
Tuft	KLK11	Epithelial	Markers
Tuft	SEC11C	Epithelial	Markers
Tuft	PRXL2A	Epithelial	Markers
Tuft	CHDH	Epithelial	Markers
Tuft	DCLK2	Epithelial	Markers
Tuft	GSTP1	Epithelial	Markers
Tuft	SNX9	Epithelial	Markers
Tuft	FRY	Epithelial	Markers
Tuft	PTMA	Epithelial	Markers
Tuft	TIMP1	Epithelial	Markers
Tuft	SLCO3A1	Epithelial	Markers
Tuft	YPEL3	Epithelial	Markers
Tuft	CSK	Epithelial	Markers
Tuft	PROX1	Epithelial	Markers
Tuft	LIMCH1	Epithelial	Markers
Tuft	FGFR4	Epithelial	Markers
Tuft	KCNQ4	Epithelial	Markers
Tuft	HNRNPA2B1	Epithelial	Markers
Tuft	PCLO	Epithelial	Markers
Tuft	WSB1	Epithelial	Markers
Tuft	CGNL1	Epithelial	Markers
Tuft	CCDC88B	Epithelial	Markers
Tuft	EHF	Epithelial	Markers
Tuft	CHD3	Epithelial	Markers
Tuft	CAPN12	Epithelial	Markers
Tuft	RBM38	Epithelial	Markers
Tuft	CNN3	Epithelial	Markers
Tuft	ATRX	Epithelial	Markers
Tuft	CCDC28B	Epithelial	Markers
Tuft	FBXO32	Epithelial	Markers
Tuft	NCK2	Epithelial	Markers
Tuft	HLA-E	Epithelial	Markers
Tuft	UCP2	Epithelial	Markers
Tuft	HOXA3	Epithelial	Markers
Tuft	PRDX4	Epithelial	Markers
Tuft	SMTN	Epithelial	Markers
Tuft	ERO1B	Epithelial	Markers
Tuft	ARHGEF11	Epithelial	Markers
Tuft	RUNX1	Epithelial	Markers
Tuft	BAZ2B	Epithelial	Markers
Tuft	ARID4B	Epithelial	Markers
Tuft	ROCK1	Epithelial	Markers
Tuft	HMCES	Epithelial	Markers
Tuft	INPP5D	Epithelial	Markers
Tuft	FES	Epithelial	Markers
Tuft	RTN4	Epithelial	Markers
Tuft	H4C3	Epithelial	Markers
Tuft	TM4SF5	Epithelial	Markers
Tuft	CCNI	Epithelial	Markers
Tuft	COL9A3	Epithelial	Markers
Tuft	ELAPOR1	Epithelial	Markers
Tuft	FKBP2	Epithelial	Markers
Tuft	IFI27L2	Epithelial	Markers
Tuft	VPS13C	Epithelial	Markers
Tuft	CNKSR3	Epithelial	Markers
Tuft	PGGHG	Epithelial	Markers
Tuft	TMEM63A	Epithelial	Markers
Tuft	DCP2	Epithelial	Markers
Tuft	PRNP	Epithelial	Markers
Tuft	KRT8	Epithelial	Markers
TC1	TUBA1B	Epithelial	Markers
TC1	HMGB1	Epithelial	Markers
TC1	HSPD1	Epithelial	Markers
TC1	CENPF	Epithelial	Markers
TC1	H2AZ1	Epithelial	Markers
TC1	TOP2A	Epithelial	Markers
TC1	MKI67	Epithelial	Markers
TC1	LDHB	Epithelial	Markers
TC1	HMGB2	Epithelial	Markers
TC1	RPSA	Epithelial	Markers
TC1	RPL23	Epithelial	Markers
TC1	RPL21	Epithelial	Markers
TC1	SET	Epithelial	Markers
TC1	PTMA	Epithelial	Markers
TC1	RPS7	Epithelial	Markers
TC1	NCL	Epithelial	Markers
TC1	RPL7A	Epithelial	Markers
TC1	RPS2	Epithelial	Markers
TC1	RPL6	Epithelial	Markers
TC1	HSP90AB1	Epithelial	Markers
TC1	RPS4X	Epithelial	Markers
TC1	RAN	Epithelial	Markers
TC1	REG1A	Epithelial	Markers
TC1	NAP1L1	Epithelial	Markers
TC1	RPS27A	Epithelial	Markers
TC1	RPS6	Epithelial	Markers
TC1	GAPDH	Epithelial	Markers
TC1	OLFM4	Epithelial	Markers
TC1	RPLP0	Epithelial	Markers
TC1	ENO1	Epithelial	Markers
TC1	DEK	Epithelial	Markers
TC1	RPL27	Epithelial	Markers
TC1	RPL7	Epithelial	Markers
TC1	RPL19	Epithelial	Markers
TC1	NPM1	Epithelial	Markers
TC1	RPS21	Epithelial	Markers
TC1	RANBP1	Epithelial	Markers
TC1	HSPE1	Epithelial	Markers
TC1	RPS15A	Epithelial	Markers
TC1	NUCKS1	Epithelial	Markers
TC1	RPS3A	Epithelial	Markers
TC1	RPL5	Epithelial	Markers
TC1	RPL23A	Epithelial	Markers
TC1	RPL32	Epithelial	Markers
TC1	RPS20	Epithelial	Markers
TC1	PTTG1	Epithelial	Markers
TC1	PCCA	Epithelial	Markers
TC1	PRKDC	Epithelial	Markers
TC1	HMGA1	Epithelial	Markers
TC1	PSMA7	Epithelial	Markers
TC1	EEF1B2	Epithelial	Markers
TC1	SNRPF	Epithelial	Markers
TC1	RPS23	Epithelial	Markers
TC1	GSTP1	Epithelial	Markers
TC1	PCNA	Epithelial	Markers
TC1	RPL35A	Epithelial	Markers
TC1	YBX1	Epithelial	Markers
TC1	RPL4	Epithelial	Markers
TC1	RPL3	Epithelial	Markers
TC1	RPS18	Epithelial	Markers
TC1	RPS3	Epithelial	Markers
TC1	NACA	Epithelial	Markers
TC1	RPLP1	Epithelial	Markers
TC1	RPS8	Epithelial	Markers
TC1	ANP32B	Epithelial	Markers
TC1	RPS13	Epithelial	Markers
TC1	PTMS	Epithelial	Markers
TC1	ACTG1	Epithelial	Markers
TC1	RPL12	Epithelial	Markers
TC1	RPL10A	Epithelial	Markers
TC1	ATP5MC1	Epithelial	Markers
TC1	RPS5	Epithelial	Markers
TC1	LDHA	Epithelial	Markers
TC1	RPL9	Epithelial	Markers
TC1	TPX2	Epithelial	Markers
TC1	RPS19	Epithelial	Markers
TC1	RPS14	Epithelial	Markers
TC1	GPX2	Epithelial	Markers
TC1	LSM5	Epithelial	Markers
TC1	C1QBP	Epithelial	Markers
TC1	RPL37	Epithelial	Markers
TC1	SLC12A2	Epithelial	Markers
TC1	FBL	Epithelial	Markers
TC1	RPS16	Epithelial	Markers
TC1	ATAD5	Epithelial	Markers
TC1	BIRC5	Epithelial	Markers
TC1	LYZ	Epithelial	Markers
TC1	RAD21	Epithelial	Markers
TC1	MCM3	Epithelial	Markers
TC1	PDIA6	Epithelial	Markers
TC1	RPS24	Epithelial	Markers
TC1	DUT	Epithelial	Markers
TC1	PEBP1	Epithelial	Markers
TC1	HSP90AA1	Epithelial	Markers
TC1	LCN15	Epithelial	Markers
TC1	RPL30	Epithelial	Markers
TC1	CCT2	Epithelial	Markers
TC1	PKM	Epithelial	Markers
TC1	IGFBP2	Epithelial	Markers
TC1	IFITM3	Epithelial	Markers
TC1	PPA1	Epithelial	Markers
TC1	RPL34	Epithelial	Markers
TC1	RACK1	Epithelial	Markers
TC1	GGH	Epithelial	Markers
TC1	GGCT	Epithelial	Markers
TC1	NHP2	Epithelial	Markers
TC1	SMC4	Epithelial	Markers
TC1	DKC1	Epithelial	Markers
TC1	HSPA8	Epithelial	Markers
TC1	LBR	Epithelial	Markers
TC1	MLEC	Epithelial	Markers
TC1	UQCRH	Epithelial	Markers
TC1	RPS10	Epithelial	Markers
TC1	MCM7	Epithelial	Markers
TC1	EIF3E	Epithelial	Markers
TC1	CBX3	Epithelial	Markers
TC1	RPL31	Epithelial	Markers
TC1	CD81	Epithelial	Markers
TC1	BRCA2	Epithelial	Markers
TC1	KIF20B	Epithelial	Markers
TC1	LCN2	Epithelial	Markers
TC1	HELLS	Epithelial	Markers
TC1	SMC2	Epithelial	Markers
TC1	CDCA7	Epithelial	Markers
TC1	MCM4	Epithelial	Markers
TC1	TXN	Epithelial	Markers
TC1	HSP90B1	Epithelial	Markers
TC1	CCNB1	Epithelial	Markers
TC1	SSB	Epithelial	Markers
TC1	PRDX1	Epithelial	Markers
TC1	SMC1A	Epithelial	Markers
TC1	NDUFA4	Epithelial	Markers
TC1	EIF2S2	Epithelial	Markers
TC1	HMGN1	Epithelial	Markers
TC1	IGLC2	Epithelial	Markers
TC1	TK1	Epithelial	Markers
TC1	CBX5	Epithelial	Markers
TC1	SRSF2	Epithelial	Markers
TC1	RPL22L1	Epithelial	Markers
TC1	RPL14	Epithelial	Markers
TC1	RSL1D1	Epithelial	Markers
TC1	NASP	Epithelial	Markers
TC1	TYMS	Epithelial	Markers
TC1	MAD2L1	Epithelial	Markers
TC1	RPA3	Epithelial	Markers
TC1	RPN2	Epithelial	Markers
TC1	HMGB3	Epithelial	Markers
TC1	DDX21	Epithelial	Markers
TC1	SLC25A5	Epithelial	Markers
TC1	ASPM	Epithelial	Markers
TC1	RPL18A	Epithelial	Markers
TC1	GMNN	Epithelial	Markers
TC1	IMPDH2	Epithelial	Markers
TC1	PGK1	Epithelial	Markers
TC1	PRDX4	Epithelial	Markers
TC1	HACD3	Epithelial	Markers
TC1	MTDH	Epithelial	Markers
TC1	GTF3A	Epithelial	Markers
TC1	NOP58	Epithelial	Markers
TC1	PLP2	Epithelial	Markers
TC1	NSA2	Epithelial	Markers
TC1	UBE2C	Epithelial	Markers
TC1	RPL28	Epithelial	Markers
TC1	DNMT1	Epithelial	Markers
TC1	RPL13A	Epithelial	Markers
TC1	CDC20	Epithelial	Markers
TC1	DYNC2I2	Epithelial	Markers
TC1	RPL22	Epithelial	Markers
TC1	ECT2	Epithelial	Markers
TC1	FERMT1	Epithelial	Markers
TC1	DTYMK	Epithelial	Markers
TC1	SUPT16H	Epithelial	Markers
TC1	TMSB10	Epithelial	Markers
TC1	CENPE	Epithelial	Markers
TC1	RRM1	Epithelial	Markers
TC1	RPL36	Epithelial	Markers
TC1	RARRES2	Epithelial	Markers
TC1	RPL39	Epithelial	Markers
TC1	MYC	Epithelial	Markers
TC1	CKS2	Epithelial	Markers
TC1	EEF1A1	Epithelial	Markers
TC1	LMNB1	Epithelial	Markers
TC1	DDX18	Epithelial	Markers
TC1	PABPC1	Epithelial	Markers
TC1	HNRNPA2B1	Epithelial	Markers
TC1	TMEM123	Epithelial	Markers
TC1	PRDX5	Epithelial	Markers
TC1	NUSAP1	Epithelial	Markers
TC1	DSTN	Epithelial	Markers
TC1	COMMD6	Epithelial	Markers
TC1	GINS2	Epithelial	Markers
TC1	BRI3BP	Epithelial	Markers
TC1	HMMR	Epithelial	Markers
TC1	PERP	Epithelial	Markers
TC1	CENPW	Epithelial	Markers
TC1	RNF43	Epithelial	Markers
TC1	HSPH1	Epithelial	Markers
TC1	RPS9	Epithelial	Markers
TC1	EIF3L	Epithelial	Markers
TC1	MACROH2A1	Epithelial	Markers
TC1	CCDC34	Epithelial	Markers
TC1	KPNA2	Epithelial	Markers
TC1	TOMM20	Epithelial	Markers
TC1	WDR43	Epithelial	Markers
TC1	PARP1	Epithelial	Markers
TC1	YWHAB	Epithelial	Markers
TC1	RPS27	Epithelial	Markers
TC1	FN1	Epithelial	Markers
TC1	PDIA4	Epithelial	Markers
TC1	SOX9	Epithelial	Markers
TC1	PPIB	Epithelial	Markers
TC1	EIF3F	Epithelial	Markers
TC1	ASCL2	Epithelial	Markers
TC1	CACYBP	Epithelial	Markers
TC1	GOLIM4	Epithelial	Markers
TC1	CENPJ	Epithelial	Markers
TC1	PPP1R14B	Epithelial	Markers
TC1	RPS25	Epithelial	Markers
TC1	YBX3	Epithelial	Markers
TC1	PFN1	Epithelial	Markers
TC1	GADD45GIP1	Epithelial	Markers
TC1	PGRMC1	Epithelial	Markers
TC1	ACTB	Epithelial	Markers
TC1	METAP2	Epithelial	Markers
TC1	NUDT1	Epithelial	Markers
TC1	CD9	Epithelial	Markers
TC1	TMPO	Epithelial	Markers
TC1	CDT1	Epithelial	Markers
TC1	CMSS1	Epithelial	Markers
TC1	HNRNPA1	Epithelial	Markers
TC1	EIF2S3	Epithelial	Markers
TC1	FDFT1	Epithelial	Markers
TC1	ATAD2	Epithelial	Markers
TC1	PPP1R1B	Epithelial	Markers
TC1	SSR3	Epithelial	Markers
TC1	CKAP5	Epithelial	Markers
TC1	PBK	Epithelial	Markers
TC1	SMC3	Epithelial	Markers
TC1	NCAPD2	Epithelial	Markers
TC1	XRCC2	Epithelial	Markers
TC1	CD24	Epithelial	Markers
TC1	UBE2T	Epithelial	Markers
TC1	NAP1L4	Epithelial	Markers
TC1	TGFBI	Epithelial	Markers
TC1	HSPA5	Epithelial	Markers
TC1	LYAR	Epithelial	Markers
TC1	CXCL3	Epithelial	Markers
TC1	SUB1	Epithelial	Markers
TC1	SNRNP25	Epithelial	Markers
TC1	HNRNPDL	Epithelial	Markers
TC1	ITGA6	Epithelial	Markers
TC1	TUBB4B	Epithelial	Markers
TC1	CLSPN	Epithelial	Markers
TC1	KNOP1	Epithelial	Markers
TC1	CCNB2	Epithelial	Markers
TC1	HNRNPU	Epithelial	Markers
TC1	LMAN1	Epithelial	Markers
TC1	PUM3	Epithelial	Markers
TC1	CDK1	Epithelial	Markers
TC1	DLGAP5	Epithelial	Markers
TC1	APEX1	Epithelial	Markers
TC1	SAP18	Epithelial	Markers
TC1	ESD	Epithelial	Markers
TC1	GSTO1	Epithelial	Markers
TC1	TRMT112	Epithelial	Markers
TC1	H4C3	Epithelial	Markers
TC1	GTSE1	Epithelial	Markers
TC1	ZWINT	Epithelial	Markers
TC1	ZFAS1	Epithelial	Markers
TC1	TMEM97	Epithelial	Markers
TC1	ADD3	Epithelial	Markers
TC1	CD99	Epithelial	Markers
TC1	CCNA2	Epithelial	Markers
TC1	HNRNPH1	Epithelial	Markers
TC1	PPIG	Epithelial	Markers
TC1	MCM6	Epithelial	Markers
TC1	SRSF7	Epithelial	Markers
TC1	USP1	Epithelial	Markers
TC1	FAM111B	Epithelial	Markers
TC1	CEBPZ	Epithelial	Markers
TC1	ORC6	Epithelial	Markers
TC1	CENPK	Epithelial	Markers
TC1	LRRC75A	Epithelial	Markers
TC1	SYNE2	Epithelial	Markers
TC1	CD320	Epithelial	Markers
TC1	GDF15	Epithelial	Markers
TC1	CENPU	Epithelial	Markers
TC1	KRTCAP3	Epithelial	Markers
TC1	DSP	Epithelial	Markers
TC1	RAD51AP1	Epithelial	Markers
TC1	SMARCC1	Epithelial	Markers
TC1	CD44	Epithelial	Markers
TC1	EZH2	Epithelial	Markers
TC1	ATP5MC2	Epithelial	Markers
TC1	SKA2	Epithelial	Markers
TC1	KIF4A	Epithelial	Markers
TC1	S100A11	Epithelial	Markers
TC1	PLCB4	Epithelial	Markers
TC1	PDIA3	Epithelial	Markers
TC1	CEP55	Epithelial	Markers
TC1	ATRX	Epithelial	Markers
TC1	PAXX	Epithelial	Markers
TC1	EPHB2	Epithelial	Markers
TC1	DDX39A	Epithelial	Markers
TC1	SYPL1	Epithelial	Markers
TC1	FDPS	Epithelial	Markers
TC1	TPR	Epithelial	Markers
TC1	CNN3	Epithelial	Markers
TC1	SLBP	Epithelial	Markers
TC1	IRF2BP2	Epithelial	Markers
TC1	MYBL2	Epithelial	Markers
TC1	ETS2	Epithelial	Markers
TC1	CHD4	Epithelial	Markers
TC1	NDUFAF2	Epithelial	Markers
TC1	NORAD	Epithelial	Markers
TC1	DPEP1	Epithelial	Markers
TC1	FANCI	Epithelial	Markers
TC1	MSH6	Epithelial	Markers
TC1	DIAPH3	Epithelial	Markers
TC1	SAPCD2	Epithelial	Markers
TC1	ABCE1	Epithelial	Markers
TC1	MTHFD2	Epithelial	Markers
TC1	TPM3	Epithelial	Markers
TC1	MCM5	Epithelial	Markers
TC1	LAPTM4B	Epithelial	Markers
TC1	CKAP4	Epithelial	Markers
TC1	ACTN1	Epithelial	Markers
TC1	PPIF	Epithelial	Markers
TC1	H1-5	Epithelial	Markers
TC1	AURKB	Epithelial	Markers
TC1	OSTC	Epithelial	Markers
TC1	LAMP1	Epithelial	Markers
TC1	TRIM2	Epithelial	Markers
TC1	C21orf58	Epithelial	Markers
TC1	H2AZ2	Epithelial	Markers
TC1	CDK6	Epithelial	Markers
TC1	SGO2	Epithelial	Markers
TC1	MRPL18	Epithelial	Markers
TC1	BEX3	Epithelial	Markers
TC1	CKS1B	Epithelial	Markers
TC1	CKAP2	Epithelial	Markers
TC1	KIF11	Epithelial	Markers
TC1	FOXM1	Epithelial	Markers
TC1	HADH	Epithelial	Markers
TC1	CERS6	Epithelial	Markers
TC1	PRRC2B	Epithelial	Markers
TC1	MIS18BP1	Epithelial	Markers
TC1	ALDH1B1	Epithelial	Markers
TC1	ANP32E	Epithelial	Markers
TC1	RCN1	Epithelial	Markers
TC1	TCOF1	Epithelial	Markers
TC1	UBA2	Epithelial	Markers
TC1	ACTR2	Epithelial	Markers
TC1	SLC38A1	Epithelial	Markers
TC1	CENPM	Epithelial	Markers
TC1	EMP2	Epithelial	Markers
TC1	EREG	Epithelial	Markers
TC1	ENC1	Epithelial	Markers
TC1	TTF2	Epithelial	Markers
TC1	SEC61B	Epithelial	Markers
TC1	MCM8	Epithelial	Markers
TC1	EPHB3	Epithelial	Markers
TC1	CTNNAL1	Epithelial	Markers
TC1	NOTCH1	Epithelial	Markers
TC1	PSIP1	Epithelial	Markers
TC1	RMI2	Epithelial	Markers
TC1	PRSS56	Epithelial	Markers
TC1	PLK1	Epithelial	Markers
TC1	CCND1	Epithelial	Markers
TC1	CCND2	Epithelial	Markers
TC1	DIAPH1	Epithelial	Markers
TC1	CENPH	Epithelial	Markers
TC1	MET	Epithelial	Markers
TC1	HMGCS1	Epithelial	Markers
TC1	SNHG19	Epithelial	Markers
TC1	ARGLU1	Epithelial	Markers
TC1	CDKN3	Epithelial	Markers
TC1	BUB3	Epithelial	Markers
TC1	COTL1	Epithelial	Markers
TC1	LEFTY1	Epithelial	Markers
TC1	BRCA1	Epithelial	Markers
TC1	QPRT	Epithelial	Markers
TC1	VMP1	Epithelial	Markers
TC1	UBE2S	Epithelial	Markers
TC1	HMGN3	Epithelial	Markers
TC1	TSPAN6	Epithelial	Markers
TC1	TACC3	Epithelial	Markers
TC1	BUB1	Epithelial	Markers
TC1	CRYBG1	Epithelial	Markers
TC1	SCML1	Epithelial	Markers
TC1	NSD2	Epithelial	Markers
TC1	PHLDA2	Epithelial	Markers
TC1	ASF1B	Epithelial	Markers
TC1	TTC3	Epithelial	Markers
TC1	IGF2BP1	Epithelial	Markers
TC1	DYNLL1	Epithelial	Markers
TC1	RBM28	Epithelial	Markers
TC1	MACC1	Epithelial	Markers
TC1	NCAPG	Epithelial	Markers
TC1	PUS7L	Epithelial	Markers
TC1	MTIF3	Epithelial	Markers
TC1	FTL	Epithelial	Markers
TC1	NOC3L	Epithelial	Markers
TC1	RSL24D1	Epithelial	Markers
TC1	AGO2	Epithelial	Markers
TC1	MYB	Epithelial	Markers
TC1	CYB5A	Epithelial	Markers
TC1	RPIA	Epithelial	Markers
TC1	PNN	Epithelial	Markers
TC1	REXO2	Epithelial	Markers
TC1	LIMS1	Epithelial	Markers
TC1	DBF4	Epithelial	Markers
TC1	HES6	Epithelial	Markers
TC1	ATP6AP2	Epithelial	Markers
TC1	CCDC167	Epithelial	Markers
TC1	H2AX	Epithelial	Markers
TC1	ENAH	Epithelial	Markers
TC1	CIP2A	Epithelial	Markers
TC1	TPM4	Epithelial	Markers
TC1	INSIG1	Epithelial	Markers
TC1	RANBP2	Epithelial	Markers
TC1	CTBP2	Epithelial	Markers
TC1	CDCA8	Epithelial	Markers
TC1	ARHGAP11A	Epithelial	Markers
TC1	EIF2AK2	Epithelial	Markers
TC1	ZNF703	Epithelial	Markers
TC1	POLR1G	Epithelial	Markers
TC1	CEP78	Epithelial	Markers
TC1	SYAP1	Epithelial	Markers
TC1	SNHG8	Epithelial	Markers
TC1	PKP2	Epithelial	Markers
TC1	SNHG15	Epithelial	Markers
TC1	PAFAH1B3	Epithelial	Markers
TC1	EHF	Epithelial	Markers
TC1	PRPF38B	Epithelial	Markers
TC1	CCNI	Epithelial	Markers
TC1	PHGDH	Epithelial	Markers
TC1	MAT2A	Epithelial	Markers
TC1	ANLN	Epithelial	Markers
TC1	GCHFR	Epithelial	Markers
TC1	VIL1	Epithelial	Markers
TC1	NCAPG2	Epithelial	Markers
TC1	YWHAH	Epithelial	Markers
TC1	NFE2L3	Epithelial	Markers
TC1	CRTAP	Epithelial	Markers
TC1	MGST2	Epithelial	Markers
TC1	MDN1	Epithelial	Markers
TC1	STRBP	Epithelial	Markers
TC1	MRE11	Epithelial	Markers
TC2	HLA-DRA	Epithelial	Markers
TC2	CD74	Epithelial	Markers
TC2	SRGN	Epithelial	Markers
TC2	IGHA1	Epithelial	Markers
TC2	LYZ	Epithelial	Markers
TC2	VIM	Epithelial	Markers
TC2	CXCR4	Epithelial	Markers
TC2	TNFAIP3	Epithelial	Markers
TC2	MKI67	Epithelial	Markers
TC2	CENPF	Epithelial	Markers
TC2	TSC22D3	Epithelial	Markers
TC2	PTPRC	Epithelial	Markers
TC2	RGS1	Epithelial	Markers
TC2	CXCL8	Epithelial	Markers
TC2	S100A4	Epithelial	Markers
TC2	RNF43	Epithelial	Markers
TC3	IGLC3	Epithelial	Markers
TC3	IGKC	Epithelial	Markers
TC3	IGLC2	Epithelial	Markers
TC3	LYZ	Epithelial	Markers
TC3	VIM	Epithelial	Markers
TC3	IGHA1	Epithelial	Markers
TC3	JCHAIN	Epithelial	Markers
TC3	RPL12	Epithelial	Markers
TC3	LCN15	Epithelial	Markers
TC3	SRGN	Epithelial	Markers
TC3	S100A11	Epithelial	Markers
TC3	RPS2	Epithelial	Markers
TC3	RPS19	Epithelial	Markers
TC3	RPL21	Epithelial	Markers
TC3	MMP7	Epithelial	Markers
TC3	RPL37	Epithelial	Markers
TC3	RPS18	Epithelial	Markers
TC3	TGFBI	Epithelial	Markers
TC3	HSP90AB1	Epithelial	Markers
TC3	PMEPA1	Epithelial	Markers
TC3	RPL7A	Epithelial	Markers
TC3	LCN2	Epithelial	Markers
TC3	RPS15A	Epithelial	Markers
TC3	RPL6	Epithelial	Markers
TC3	RPL35A	Epithelial	Markers
TC3	KCNQ1OT1	Epithelial	Markers
TC3	RPS4X	Epithelial	Markers
TC3	DPEP1	Epithelial	Markers
TC3	RPL32	Epithelial	Markers
TC3	RPS23	Epithelial	Markers
TC3	S100A4	Epithelial	Markers
TC3	RPS7	Epithelial	Markers
TC3	IFITM3	Epithelial	Markers
TC3	TIMP1	Epithelial	Markers
TC3	RPS27A	Epithelial	Markers
TC3	PKM	Epithelial	Markers
TC3	HSPH1	Epithelial	Markers
TC3	NAP1L1	Epithelial	Markers
TC3	RPS21	Epithelial	Markers
TC3	RPL30	Epithelial	Markers
TC3	RPL36	Epithelial	Markers
TC3	PTMS	Epithelial	Markers
TC3	RPL23	Epithelial	Markers
TC3	RPS5	Epithelial	Markers
TC3	PHLDA1	Epithelial	Markers
TC3	HSPD1	Epithelial	Markers
TC3	RNF43	Epithelial	Markers
TC3	RPS16	Epithelial	Markers
TC3	RPL4	Epithelial	Markers
TC3	RACK1	Epithelial	Markers
TC3	RPS20	Epithelial	Markers
TC3	RPL28	Epithelial	Markers
TC3	TUBA1A	Epithelial	Markers
TC3	RPS3	Epithelial	Markers
TC3	RPL31	Epithelial	Markers
TC3	COMMD6	Epithelial	Markers
TC3	RPL14	Epithelial	Markers
TC3	RPL10A	Epithelial	Markers
TC3	RPL7	Epithelial	Markers
TC3	MACC1	Epithelial	Markers
TC3	ATRX	Epithelial	Markers
TC3	RPS27	Epithelial	Markers
TC3	PERP	Epithelial	Markers
TC3	EEF1A1	Epithelial	Markers
TC3	FOXQ1	Epithelial	Markers
TC3	RPS8	Epithelial	Markers
TC3	SLC7A11	Epithelial	Markers
TC3	ZKSCAN1	Epithelial	Markers
TC3	HSPA1B	Epithelial	Markers
TC3	ASCL2	Epithelial	Markers
TC3	ABHD2	Epithelial	Markers
TC3	RPL19	Epithelial	Markers
TC3	SET	Epithelial	Markers
TC3	NPM1	Epithelial	Markers
TC3	TESC	Epithelial	Markers
TC3	RPL3	Epithelial	Markers
TC3	CD81	Epithelial	Markers
TC3	SOX9	Epithelial	Markers
TC3	HSP90AA1	Epithelial	Markers
TC3	ENO1	Epithelial	Markers
TC3	CCL20	Epithelial	Markers
TC3	ENC1	Epithelial	Markers
TC3	GSTP1	Epithelial	Markers
TC3	NACA	Epithelial	Markers
TC4	MMP7	Epithelial	Markers
TC4	S100A11	Epithelial	Markers
TC4	LYZ	Epithelial	Markers
TC4	PERP	Epithelial	Markers
TC4	RPS7	Epithelial	Markers
TC4	LCN2	Epithelial	Markers
TC4	PI3	Epithelial	Markers
TC4	RPL7	Epithelial	Markers
TC4	CEACAM6	Epithelial	Markers
TC4	RPL21	Epithelial	Markers
TC4	PMEPA1	Epithelial	Markers
TC4	RPL7A	Epithelial	Markers
TC4	RPL23	Epithelial	Markers
TC4	RPS4X	Epithelial	Markers
TC4	ZFAS1	Epithelial	Markers
TC4	HSP90AB1	Epithelial	Markers
TC4	TM4SF1	Epithelial	Markers
TC4	RPS21	Epithelial	Markers
TC4	PPA1	Epithelial	Markers
TC4	RPL35A	Epithelial	Markers
TC4	RPL5	Epithelial	Markers
TC4	ANXA2	Epithelial	Markers
TC4	RPS27A	Epithelial	Markers
TC4	EIF3E	Epithelial	Markers
TC4	RPL12	Epithelial	Markers
TC4	RPS15A	Epithelial	Markers
TC4	S100P	Epithelial	Markers
TC4	RPS20	Epithelial	Markers
TC4	TIMP1	Epithelial	Markers
TC4	FTL	Epithelial	Markers
TC4	PSMA7	Epithelial	Markers
TC4	NACA	Epithelial	Markers
TC4	RPS14	Epithelial	Markers
TC4	RPS2	Epithelial	Markers
TC4	S100A4	Epithelial	Markers
TC4	RPS23	Epithelial	Markers
TC4	GPX2	Epithelial	Markers
TC4	RPS6	Epithelial	Markers
TC4	CCL20	Epithelial	Markers
TC4	RPSA	Epithelial	Markers
TC4	RPL30	Epithelial	Markers
TC4	RPS18	Epithelial	Markers
TC4	RPL27	Epithelial	Markers
TC4	COMMD6	Epithelial	Markers
TC4	FN1	Epithelial	Markers
TC4	RPL10A	Epithelial	Markers
TC4	GSTP1	Epithelial	Markers
TC4	RPL19	Epithelial	Markers
TC4	PCCA	Epithelial	Markers
TC4	IFITM3	Epithelial	Markers
TC4	RPL4	Epithelial	Markers
TC4	HSPD1	Epithelial	Markers
TC4	TGFBI	Epithelial	Markers
TC4	RPL32	Epithelial	Markers
TC4	RPL6	Epithelial	Markers
TC4	RPS3A	Epithelial	Markers
TC4	RPS13	Epithelial	Markers
TC4	LDHA	Epithelial	Markers
TC4	RPS3	Epithelial	Markers
TC4	SLPI	Epithelial	Markers
TC4	NPM1	Epithelial	Markers
TC4	GAPDH	Epithelial	Markers
TC4	RPLP1	Epithelial	Markers
TC4	RPS5	Epithelial	Markers
TC4	RPL37	Epithelial	Markers
TC4	RPS19	Epithelial	Markers
TC4	ACTG1	Epithelial	Markers
TC4	RPS16	Epithelial	Markers
TC4	RPL23A	Epithelial	Markers
TC4	RPS24	Epithelial	Markers
TC4	RPL3	Epithelial	Markers
TC4	EEF1B2	Epithelial	Markers
TC4	RPLP0	Epithelial	Markers
TC4	PHLDA2	Epithelial	Markers
TC4	CD24	Epithelial	Markers
TC4	RPL9	Epithelial	Markers
TC4	LCN15	Epithelial	Markers
TC4	PRDX1	Epithelial	Markers
TC4	AREG	Epithelial	Markers
TC4	OLFM4	Epithelial	Markers
TC4	PKM	Epithelial	Markers
TC4	PGK1	Epithelial	Markers
TC4	SET	Epithelial	Markers
TC4	RACK1	Epithelial	Markers
TC4	NDUFA4	Epithelial	Markers
TC4	SLC2A1	Epithelial	Markers
TC4	YWHAB	Epithelial	Markers
TC4	CD9	Epithelial	Markers
TC4	CSTB	Epithelial	Markers
TC4	RPS10	Epithelial	Markers
TC4	RPS8	Epithelial	Markers
TC4	KLK10	Epithelial	Markers
TC4	EIF2S2	Epithelial	Markers
TC4	HSPH1	Epithelial	Markers
TC4	GDF15	Epithelial	Markers
TC4	PABPC1	Epithelial	Markers
TC4	PDIA6	Epithelial	Markers
TC4	SLC12A2	Epithelial	Markers
TC4	RPL14	Epithelial	Markers
TC4	GPRC5A	Epithelial	Markers
TC4	RPL39	Epithelial	Markers
TC4	ATP1B1	Epithelial	Markers
TC4	CCND1	Epithelial	Markers
TC4	RPN2	Epithelial	Markers
TC4	TFF1	Epithelial	Markers
TC4	RPL28	Epithelial	Markers
TC4	HMGA1	Epithelial	Markers
TC4	RPL34	Epithelial	Markers
TC4	KRT17	Epithelial	Markers
TC4	DPEP1	Epithelial	Markers
TC4	CXCL1	Epithelial	Markers
TC4	DNAJC15	Epithelial	Markers
TC4	ERO1A	Epithelial	Markers
TC4	HSPA8	Epithelial	Markers
TC4	SERPINB1	Epithelial	Markers
TC4	RPL18A	Epithelial	Markers
TC4	ACTB	Epithelial	Markers
TC4	NAP1L1	Epithelial	Markers
TC4	CXCL3	Epithelial	Markers
TC4	ABHD2	Epithelial	Markers
TC4	HSPE1	Epithelial	Markers
TC4	TMEM123	Epithelial	Markers
TC4	HSP90AA1	Epithelial	Markers
TC4	EPCAM	Epithelial	Markers
TC4	RPL31	Epithelial	Markers
TC4	TSPAN8	Epithelial	Markers
TC4	LMO7	Epithelial	Markers
TC4	SOX9	Epithelial	Markers
TC4	NORAD	Epithelial	Markers
TC4	RPS9	Epithelial	Markers
TC4	ATP6V1G1	Epithelial	Markers
TC4	ANXA3	Epithelial	Markers
TC4	SAP18	Epithelial	Markers
TC4	PTMA	Epithelial	Markers
TC4	DSTN	Epithelial	Markers
TC4	RPL13A	Epithelial	Markers
TC4	TXN	Epithelial	Markers
TC4	KRT23	Epithelial	Markers
TC4	CD81	Epithelial	Markers
TC4	ANXA4	Epithelial	Markers
TC4	FOXQ1	Epithelial	Markers
TC4	GTF3A	Epithelial	Markers
TC4	RPL36	Epithelial	Markers
TC4	HSPA5	Epithelial	Markers
TC4	TOMM20	Epithelial	Markers
TC4	RAN	Epithelial	Markers
TC4	BACE2	Epithelial	Markers
TC4	ENO1	Epithelial	Markers
TC4	DUOXA2	Epithelial	Markers
TC4	ITGA2	Epithelial	Markers
TC4	S100A10	Epithelial	Markers
TC4	TFF2	Epithelial	Markers
TC4	FERMT1	Epithelial	Markers
TC4	PRDX5	Epithelial	Markers
TC4	OCIAD2	Epithelial	Markers
TC4	TACSTD2	Epithelial	Markers
TC4	SSB	Epithelial	Markers
TC4	DSP	Epithelial	Markers
TC4	RSL1D1	Epithelial	Markers
TC4	MYC	Epithelial	Markers
TC4	LAMC2	Epithelial	Markers
TC4	RPS27	Epithelial	Markers
TC4	EREG	Epithelial	Markers
TC4	TNFRSF12A	Epithelial	Markers
TC4	MAL2	Epithelial	Markers
TC4	YBX1	Epithelial	Markers
TC4	TMSB10	Epithelial	Markers
TC4	CCNI	Epithelial	Markers
TC4	LAMP1	Epithelial	Markers
TC4	EEF1A1	Epithelial	Markers
TC4	RPL22L1	Epithelial	Markers
TC4	ASCL2	Epithelial	Markers
TC4	NCOA7	Epithelial	Markers
TC4	CXCL8	Epithelial	Markers
TC4	TPM4	Epithelial	Markers
TC4	KRT18	Epithelial	Markers
TC4	MTDH	Epithelial	Markers
TC4	DNAJB1	Epithelial	Markers
TC4	SQSTM1	Epithelial	Markers
TC4	EIF1	Epithelial	Markers
TC4	PDZK1IP1	Epithelial	Markers
TC4	LAMB3	Epithelial	Markers
TC4	SUB1	Epithelial	Markers
TC4	HSPA6	Epithelial	Markers
TC4	PPIB	Epithelial	Markers
TC4	ITGA6	Epithelial	Markers
TC4	LAPTM4A	Epithelial	Markers
TC4	YBX3	Epithelial	Markers
TC4	LDHB	Epithelial	Markers
TC4	MACC1	Epithelial	Markers
TC4	S100A6	Epithelial	Markers
TC4	RPS25	Epithelial	Markers
TC4	NCL	Epithelial	Markers
TC4	MET	Epithelial	Markers
TC4	PRELID3B	Epithelial	Markers
TC4	REG4	Epithelial	Markers
TC4	PON2	Epithelial	Markers
TC4	DEK	Epithelial	Markers
TC4	FDFT1	Epithelial	Markers
TC4	NSA2	Epithelial	Markers
TC4	GGH	Epithelial	Markers
TC4	PPP1R14B	Epithelial	Markers
TC4	UQCRH	Epithelial	Markers
TC4	IRF2BP2	Epithelial	Markers
TC4	SERP1	Epithelial	Markers
TC4	RAB25	Epithelial	Markers
TC4	HSPB1	Epithelial	Markers
TC4	TESC	Epithelial	Markers
TC4	JUP	Epithelial	Markers
TC4	SDC4	Epithelial	Markers
TC4	ZFP36L1	Epithelial	Markers
TC4	SLC7A11	Epithelial	Markers
TC4	EFNA1	Epithelial	Markers
TC4	PTMS	Epithelial	Markers
TC4	SYPL1	Epithelial	Markers
TC4	APP	Epithelial	Markers
TC4	ARPC3	Epithelial	Markers
TC4	SPTBN1	Epithelial	Markers
TC4	ARPC2	Epithelial	Markers
TC4	RAB11FIP1	Epithelial	Markers
TC4	IGFBP2	Epithelial	Markers
TC4	HSP90B1	Epithelial	Markers
TC4	DYNLL1	Epithelial	Markers
TC4	DDIT4	Epithelial	Markers
TC4	NDRG1	Epithelial	Markers
TC4	C1QBP	Epithelial	Markers
TC4	INSIG1	Epithelial	Markers
TC4	SSR3	Epithelial	Markers
TC4	HMGB1	Epithelial	Markers
TC4	TSC22D1	Epithelial	Markers
TC4	FHL2	Epithelial	Markers
TC4	CCT2	Epithelial	Markers
TC4	DSG2	Epithelial	Markers
TC4	FDPS	Epithelial	Markers
TC4	PHLDA1	Epithelial	Markers
TC4	TRIM29	Epithelial	Markers
TC4	NHP2	Epithelial	Markers
TC4	SLC40A1	Epithelial	Markers
TC4	ENC1	Epithelial	Markers
TC4	ADD3	Epithelial	Markers
TC4	PRDX4	Epithelial	Markers
TC4	ATP6V1F	Epithelial	Markers
TC4	SNX3	Epithelial	Markers
TC4	KLF5	Epithelial	Markers
TC4	MACROH2A1	Epithelial	Markers
TC4	ZKSCAN1	Epithelial	Markers
TC4	HSPA1B	Epithelial	Markers
TC4	TINAGL1	Epithelial	Markers
TC4	SNHG32	Epithelial	Markers
TC4	SERPINB5	Epithelial	Markers
TC4	NDFIP2	Epithelial	Markers
TC4	CXCL2	Epithelial	Markers
TC4	SEC61B	Epithelial	Markers
TC4	EIF3F	Epithelial	Markers
TC4	PRKDC	Epithelial	Markers
TC4	CD55	Epithelial	Markers
TC4	NDUFA4L2	Epithelial	Markers
TC4	PDIA3	Epithelial	Markers
TC4	MYO6	Epithelial	Markers
TC4	CBX3	Epithelial	Markers
TC4	ZNF703	Epithelial	Markers
TC4	SOX4	Epithelial	Markers
TC4	RSL24D1	Epithelial	Markers
TC4	MSMO1	Epithelial	Markers
TC4	ACTN1	Epithelial	Markers
TC4	TMEM106B	Epithelial	Markers
TC4	ZBTB20	Epithelial	Markers
TC4	SNRPF	Epithelial	Markers
TC4	HMGN1	Epithelial	Markers
TC4	CAPG	Epithelial	Markers
TC4	EPB41L4A-AS1	Epithelial	Markers
TC4	MTIF3	Epithelial	Markers
TC4	CYB5B	Epithelial	Markers
TC4	TMSB4X	Epithelial	Markers
TC4	S100A9	Epithelial	Markers
TC4	SLC25A5	Epithelial	Markers
TC4	EIF2S3	Epithelial	Markers
TC4	PEBP1	Epithelial	Markers
TC4	KCNQ1OT1	Epithelial	Markers
TC4	QPRT	Epithelial	Markers
TC4	DUOX2	Epithelial	Markers
TC4	PLAAT3	Epithelial	Markers
TC4	ETS2	Epithelial	Markers
TC4	ACTR2	Epithelial	Markers
TC4	PLPP2	Epithelial	Markers
TC4	S100A13	Epithelial	Markers
TC4	EIF3L	Epithelial	Markers
TC4	ANXA1	Epithelial	Markers
TC4	PLP2	Epithelial	Markers
TC4	MARCKSL1	Epithelial	Markers
TC4	RNF43	Epithelial	Markers
TC4	HMGCS1	Epithelial	Markers
TC4	SSR4	Epithelial	Markers
TC4	IER3	Epithelial	Markers
TC4	MSLN	Epithelial	Markers
TC4	PGRMC1	Epithelial	Markers
TC4	ANP32B	Epithelial	Markers
TC4	ATP5MC2	Epithelial	Markers
TC4	UBE2H	Epithelial	Markers
TC4	LAPTM4B	Epithelial	Markers
TC4	NFE2L3	Epithelial	Markers
TC4	CEMIP	Epithelial	Markers
TC4	AQP5	Epithelial	Markers
TC4	EZR	Epithelial	Markers
TC4	DMBT1	Epithelial	Markers
TC4	RTN4	Epithelial	Markers
TC4	IMPDH2	Epithelial	Markers
TC4	FXYD5	Epithelial	Markers
TC4	CXXC5	Epithelial	Markers
TC4	RCN1	Epithelial	Markers
TC4	ACTR3	Epithelial	Markers
TC4	CAP1	Epithelial	Markers
TC4	GRINA	Epithelial	Markers
TC4	PDIA4	Epithelial	Markers
TC4	GSTO1	Epithelial	Markers
TC4	ESD	Epithelial	Markers
TC4	DNTTIP1	Epithelial	Markers
TC4	DDX21	Epithelial	Markers
TC4	SDCBP	Epithelial	Markers
TC4	CACYBP	Epithelial	Markers
TC4	LRRC75A	Epithelial	Markers
TC4	TSPAN6	Epithelial	Markers
TC4	MTPN	Epithelial	Markers
TC4	HACD3	Epithelial	Markers
TC4	DNAJA1	Epithelial	Markers
TC4	TRIM2	Epithelial	Markers
TC4	CTSH	Epithelial	Markers
TC4	CEBPB	Epithelial	Markers
TC4	ADGRG1	Epithelial	Markers
TC4	CPNE3	Epithelial	Markers
TC4	ATP6AP2	Epithelial	Markers
TC4	EFNB2	Epithelial	Markers
TC4	CERS6	Epithelial	Markers
TC4	SLC38A1	Epithelial	Markers
TC4	CDH17	Epithelial	Markers
TC4	PROX1	Epithelial	Markers
TC4	CD47	Epithelial	Markers
TC4	DDR1	Epithelial	Markers
TC4	EDN1	Epithelial	Markers
TC4	IRS2	Epithelial	Markers
TC4	PSMB9	Epithelial	Markers
TC4	NPTX2	Epithelial	Markers
TC4	DKC1	Epithelial	Markers
TC4	TTC3	Epithelial	Markers
TC4	ANKRD10	Epithelial	Markers
TC4	KRAS	Epithelial	Markers
TC4	CTSE	Epithelial	Markers
TC4	ECM1	Epithelial	Markers
TC4	VEGFA	Epithelial	Markers
TC4	BMP4	Epithelial	Markers
TC4	OSTC	Epithelial	Markers
TC4	LSM5	Epithelial	Markers
TC4	KRT19	Epithelial	Markers
TC4	TPM3	Epithelial	Markers
TC4	CD44	Epithelial	Markers
TC4	ELOB	Epithelial	Markers
TC4	FTH1	Epithelial	Markers
TC4	ANXA11	Epithelial	Markers
TC4	MYL12B	Epithelial	Markers
TC4	DDX18	Epithelial	Markers
TC4	BHLHE40	Epithelial	Markers
TC4	TRMT112	Epithelial	Markers
TC4	EMP1	Epithelial	Markers
TC4	SOD3	Epithelial	Markers
TC4	KRTCAP3	Epithelial	Markers
TC4	ASS1	Epithelial	Markers
TC4	TRAM1	Epithelial	Markers
TC4	CDK6	Epithelial	Markers
TC4	H3-3B	Epithelial	Markers
TC4	MDK	Epithelial	Markers
TC4	RPL22	Epithelial	Markers
TC4	MUC13	Epithelial	Markers
TC4	APEX1	Epithelial	Markers
TC4	TOB1	Epithelial	Markers
TC4	AZGP1	Epithelial	Markers
TC4	CTNNA1	Epithelial	Markers
TC4	PYCARD	Epithelial	Markers
TC4	MAP1LC3B	Epithelial	Markers
TC4	GGCT	Epithelial	Markers
TC4	RHOB	Epithelial	Markers
TC4	VIL1	Epithelial	Markers
TC4	ABRACL	Epithelial	Markers
TC4	HLA-A	Epithelial	Markers
TC4	TMPRSS4	Epithelial	Markers
TC4	PRSS22	Epithelial	Markers
TC4	SPCS1	Epithelial	Markers
TC4	FOXO3	Epithelial	Markers
TC4	MGST3	Epithelial	Markers
TC4	TMEM45B	Epithelial	Markers
TC4	SULF2	Epithelial	Markers
TC4	ACSL5	Epithelial	Markers
TC4	WDR43	Epithelial	Markers
TC4	SAA1	Epithelial	Markers
TC4	COL17A1	Epithelial	Markers
TC4	P4HA1	Epithelial	Markers
TC4	FAM210B	Epithelial	Markers
TC4	NEBL	Epithelial	Markers
TC4	MRPL18	Epithelial	Markers
TC4	MLEC	Epithelial	Markers
TC4	SNHG8	Epithelial	Markers
TC4	ATP9A	Epithelial	Markers
TC4	ATRX	Epithelial	Markers
TC4	REXO2	Epithelial	Markers
TC4	CD99	Epithelial	Markers
TC4	CXCL16	Epithelial	Markers
TC4	CMTM6	Epithelial	Markers
TC4	CD63	Epithelial	Markers
TC4	IFI6	Epithelial	Markers
TC4	DPYSL2	Epithelial	Markers
TC4	NUCKS1	Epithelial	Markers
TC4	LIMS1	Epithelial	Markers
TC4	RANBP1	Epithelial	Markers
TC4	SMARCC1	Epithelial	Markers
TC4	CLDN1	Epithelial	Markers
TC4	PFN1	Epithelial	Markers
TC4	DCBLD2	Epithelial	Markers
TC4	NOP58	Epithelial	Markers
TC4	TMBIM1	Epithelial	Markers
TC4	ANXA5	Epithelial	Markers
TC4	ZC3H13	Epithelial	Markers
TC4	TSPO	Epithelial	Markers
TC4	BZW1	Epithelial	Markers
TC4	PITX1	Epithelial	Markers
TC4	NEU1	Epithelial	Markers
TC4	PPIG	Epithelial	Markers
TC4	SQLE	Epithelial	Markers
TC4	CAMLG	Epithelial	Markers
TC4	LMAN1	Epithelial	Markers
TC4	EPHA2	Epithelial	Markers
TC4	FLNA	Epithelial	Markers
TC4	GPR160	Epithelial	Markers
TC4	NKD1	Epithelial	Markers
TC4	ADIRF	Epithelial	Markers
TC4	SNX9	Epithelial	Markers
TC4	ANAPC16	Epithelial	Markers
TC4	METTL9	Epithelial	Markers
TC4	CCDC6	Epithelial	Markers
TC4	ITGB1	Epithelial	Markers
TC4	TRIB3	Epithelial	Markers
TC4	CEBPD	Epithelial	Markers
TC4	ARMCX3	Epithelial	Markers
TC4	FBL	Epithelial	Markers
TC4	CNN2	Epithelial	Markers
TC4	LMNA	Epithelial	Markers
TC4	KLK6	Epithelial	Markers
TC4	KRT6B	Epithelial	Markers
TC4	CDKN2A	Epithelial	Markers
TC4	ATP5MC1	Epithelial	Markers
TC4	MGST2	Epithelial	Markers
TC4	COL6A1	Epithelial	Markers
TC4	TNFAIP2	Epithelial	Markers
TC4	MYCBP2	Epithelial	Markers
TC4	DIAPH1	Epithelial	Markers
TC4	ZNF292	Epithelial	Markers
TC4	HLA-E	Epithelial	Markers
TC4	KRT80	Epithelial	Markers
TC4	TIMP3	Epithelial	Markers
TC4	GADD45GIP1	Epithelial	Markers
TC4	UBC	Epithelial	Markers
TC4	TMEM176B	Epithelial	Markers
TC4	EPS8	Epithelial	Markers
TC4	ATF3	Epithelial	Markers
TC4	RAMP1	Epithelial	Markers
TC4	SPRY2	Epithelial	Markers
TC4	HBEGF	Epithelial	Markers
TC4	AHNAK2	Epithelial	Markers
TC4	CLIC3	Epithelial	Markers
TC4	FIBCD1	Epithelial	Markers
TC4	SYAP1	Epithelial	Markers
TC4	GFPT1	Epithelial	Markers
TC4	ICA1	Epithelial	Markers
TC4	B4GALT5	Epithelial	Markers
TC4	FGFBP1	Epithelial	Markers
TC4	SPCS2	Epithelial	Markers
TC4	CCDC85B	Epithelial	Markers
TC4	VSNL1	Epithelial	Markers
TC4	PPP1R2	Epithelial	Markers
TC4	IGFBP3	Epithelial	Markers
TC4	KCNK1	Epithelial	Markers
TC4	ENAH	Epithelial	Markers
TC4	BAIAP2L1	Epithelial	Markers
TC4	DUSP4	Epithelial	Markers
TC4	KRT8	Epithelial	Markers
TC4	CNN3	Epithelial	Markers
TC4	FNDC3B	Epithelial	Markers
TC4	SESTD1	Epithelial	Markers
TC4	TGFBR2	Epithelial	Markers
TC4	EPB41L1	Epithelial	Markers
TC4	CYB5A	Epithelial	Markers
TC4	PLCB4	Epithelial	Markers
TC4	IGLC2	Epithelial	Markers
TC4	PMAIP1	Epithelial	Markers
TC4	AGO2	Epithelial	Markers
TC4	RND3	Epithelial	Markers
TC4	TGM2	Epithelial	Markers
TC4	CLDN4	Epithelial	Markers
TC4	FAT1	Epithelial	Markers
TC4	EPB41L2	Epithelial	Markers
TC4	GALNT6	Epithelial	Markers
TC4	PTPN12	Epithelial	Markers
TC4	TMEM181	Epithelial	Markers
TC4	PNRC1	Epithelial	Markers
TC4	C4BPB	Epithelial	Markers
TC4	JPT1	Epithelial	Markers
TC4	SPTAN1	Epithelial	Markers
TC4	TRIB1	Epithelial	Markers
TC4	EGR3	Epithelial	Markers
TC4	RANBP2	Epithelial	Markers
TC4	EIF2AK2	Epithelial	Markers
TC4	RAD21	Epithelial	Markers
TC4	MYL12A	Epithelial	Markers
TC4	LGMN	Epithelial	Markers
TC4	CTBP2	Epithelial	Markers
TC4	NAMPT	Epithelial	Markers
TC4	HEPH	Epithelial	Markers
TC4	POLR1H	Epithelial	Markers
TC4	ZYX	Epithelial	Markers
TC4	BMP7	Epithelial	Markers
TC4	CLDN2	Epithelial	Markers
TC4	SORL1	Epithelial	Markers
TC4	NDUFAF2	Epithelial	Markers
TC4	MGAT5	Epithelial	Markers
B cells	CD74	Immune	Markers
B cells	BANK1	Immune	Markers
B cells	CD83	Immune	Markers
B cells	VPREB3	Immune	Markers
B cells	CD37	Immune	Markers
B cells	HLA-DRA	Immune	Markers
B cells	CD79A	Immune	Markers
B cells	CXCR4	Immune	Markers
B cells	SMIM14	Immune	Markers
B cells	HLA-DPB1	Immune	Markers
B cells	IGHD	Immune	Markers
B cells	TNFRSF13C	Immune	Markers
B cells	BTG1	Immune	Markers
B cells	RPL23	Immune	Markers
B cells	POU2F2	Immune	Markers
B cells	CD52	Immune	Markers
B cells	RPS20	Immune	Markers
B cells	RPS8	Immune	Markers
B cells	RPS27	Immune	Markers
B cells	RPL31	Immune	Markers
B cells	RPL13A	Immune	Markers
B cells	RPS23	Immune	Markers
B cells	TCL1A	Immune	Markers
B cells	RPS21	Immune	Markers
B cells	RALGPS2	Immune	Markers
B cells	RPL32	Immune	Markers
B cells	RPL23A	Immune	Markers
B cells	CD79B	Immune	Markers
B cells	NR4A2	Immune	Markers
B cells	RPL21	Immune	Markers
B cells	RPL18A	Immune	Markers
B cells	RPSA	Immune	Markers
B cells	RPL10A	Immune	Markers
B cells	RPL27	Immune	Markers
B cells	RPL19	Immune	Markers
B cells	RPL37	Immune	Markers
B cells	HLA-DPA1	Immune	Markers
B cells	RPS3A	Immune	Markers
B cells	RPL34	Immune	Markers
B cells	REL	Immune	Markers
B cells	RPL9	Immune	Markers
B cells	EZR	Immune	Markers
B cells	RPS18	Immune	Markers
B cells	RPL12	Immune	Markers
B cells	EEF1B2	Immune	Markers
B cells	TXNIP	Immune	Markers
B cells	RPS10	Immune	Markers
B cells	RPS13	Immune	Markers
B cells	LINC01781	Immune	Markers
B cells	IRF8	Immune	Markers
B cells	LTB	Immune	Markers
B cells	HLA-DRB5	Immune	Markers
B cells	RPS6	Immune	Markers
B cells	ZFAS1	Immune	Markers
B cells	RPS5	Immune	Markers
B cells	FCMR	Immune	Markers
B cells	RPL30	Immune	Markers
B cells	RPL35A	Immune	Markers
B cells	RPL28	Immune	Markers
B cells	RPS27A	Immune	Markers
B cells	KLF2	Immune	Markers
B cells	RPL36	Immune	Markers
B cells	RPL5	Immune	Markers
B cells	RPS2	Immune	Markers
B cells	GPR183	Immune	Markers
B cells	RPS16	Immune	Markers
B cells	RPL7	Immune	Markers
B cells	PAX5	Immune	Markers
B cells	RPS14	Immune	Markers
B cells	RPL14	Immune	Markers
B cells	MEF2C	Immune	Markers
B cells	AFF3	Immune	Markers
B cells	LAPTM5	Immune	Markers
B cells	RPS9	Immune	Markers
B cells	RPS7	Immune	Markers
B cells	HLA-DQA1	Immune	Markers
B cells	MARCHF1	Immune	Markers
B cells	SWAP70	Immune	Markers
B cells	HLA-DQB1	Immune	Markers
B cells	BLK	Immune	Markers
B cells	ZNF331	Immune	Markers
B cells	FCER2	Immune	Markers
B cells	YPEL5	Immune	Markers
B cells	SP110	Immune	Markers
B cells	CD69	Immune	Markers
B cells	STX7	Immune	Markers
B cells	RPL7A	Immune	Markers
B cells	RPS25	Immune	Markers
B cells	RPS24	Immune	Markers
B cells	TRIM38	Immune	Markers
B cells	RHOH	Immune	Markers
B cells	MIR29B2CHG	Immune	Markers
B cells	RPL3	Immune	Markers
B cells	LINC02397	Immune	Markers
B cells	NACA	Immune	Markers
B cells	CD22	Immune	Markers
B cells	ZBTB20	Immune	Markers
B cells	IDI1	Immune	Markers
B cells	RPS15A	Immune	Markers
B cells	SYPL1	Immune	Markers
B cells	SLC2A3	Immune	Markers
B cells	LUC7L3	Immune	Markers
B cells	RACK1	Immune	Markers
B cells	PHGR1	Immune	Markers
B cells	SP100	Immune	Markers
B cells	DDX21	Immune	Markers
B cells	RPL6	Immune	Markers
B cells	PTMA	Immune	Markers
B cells	SNX2	Immune	Markers
B cells	RPS3	Immune	Markers
B cells	RPS19	Immune	Markers
B cells	ARPC3	Immune	Markers
B cells	CCDC50	Immune	Markers
B cells	HLA-DQA2	Immune	Markers
B cells	RASGEF1B	Immune	Markers
B cells	RPL22	Immune	Markers
B cells	GPR18	Immune	Markers
B cells	TNRC6B	Immune	Markers
B cells	LY86	Immune	Markers
B cells	TAMALIN	Immune	Markers
B cells	EIF1B	Immune	Markers
B cells	LY9	Immune	Markers
B cells	PARP15	Immune	Markers
B cells	IFT57	Immune	Markers
B cells	TRAF5	Immune	Markers
B cells	ORAI2	Immune	Markers
B cells	RPL4	Immune	Markers
B cells	NAP1L1	Immune	Markers
B cells	PARP14	Immune	Markers
B cells	HLA-DRB1	Immune	Markers
B cells	CXCR5	Immune	Markers
B cells	MTPN	Immune	Markers
B cells	RPLP0	Immune	Markers
B cells	PDLIM1	Immune	Markers
B cells	LYN	Immune	Markers
B cells	CD72	Immune	Markers
B cells	LINC00926	Immune	Markers
B cells	YBX3	Immune	Markers
B cells	EEF1A1	Immune	Markers
B cells	CD53	Immune	Markers
B cells	RBM38	Immune	Markers
B cells	FCRL1	Immune	Markers
B cells	NOP53	Immune	Markers
B cells	RPLP1	Immune	Markers
B cells	SMCHD1	Immune	Markers
B cells	PNISR	Immune	Markers
B cells	MGAT5	Immune	Markers
B cells	NCOA3	Immune	Markers
B cells	EIF3E	Immune	Markers
B cells	SNHG8	Immune	Markers
B cells	JUNB	Immune	Markers
B cells	MAP3K1	Immune	Markers
B cells	KDM6B	Immune	Markers
B cells	NCL	Immune	Markers
B cells	FOXP1	Immune	Markers
B cells	SESN3	Immune	Markers
B cells	HNRNPA2B1	Immune	Markers
B cells	NPM1	Immune	Markers
B cells	ADAM28	Immune	Markers
B cells	CD19	Immune	Markers
B cells	SET	Immune	Markers
B cells	CD24	Immune	Markers
B cells	RCSD1	Immune	Markers
B cells	SPIB	Immune	Markers
B cells	MYCBP2	Immune	Markers
B cells	COMMD6	Immune	Markers
B cells	CCR7	Immune	Markers
B cells	ATP2B1	Immune	Markers
B cells	STK17A	Immune	Markers
B cells	RPS4X	Immune	Markers
B cells	BASP1	Immune	Markers
B cells	PABPC1	Immune	Markers
B cells	ARGLU1	Immune	Markers
B cells	CMTM6	Immune	Markers
B cells	WSB1	Immune	Markers
B cells	MARCKSL1	Immune	Markers
B cells	EBF1	Immune	Markers
B cells	HLA-E	Immune	Markers
B cells	HLA-DMB	Immune	Markers
B cells	HLA-DOB	Immune	Markers
B cells	RUBCNL	Immune	Markers
B cells	SKIL	Immune	Markers
B cells	PNN	Immune	Markers
B cells	DDX5	Immune	Markers
B cells	USP8	Immune	Markers
B cells	LYL1	Immune	Markers
B cells	TLR10	Immune	Markers
B cells	SNHG32	Immune	Markers
B cells	ZG16	Immune	Markers
B cells 2	CD83	Immune	Markers
B cells 2	BANK1	Immune	Markers
B cells 2	CD74	Immune	Markers
B cells 2	CD37	Immune	Markers
B cells 2	HLA-DRA	Immune	Markers
B cells 2	CD79A	Immune	Markers
B cells 2	TNFRSF13C	Immune	Markers
B cells 2	VPREB3	Immune	Markers
B cells 2	CXCR4	Immune	Markers
B cells 2	SMIM14	Immune	Markers
B cells 2	HLA-DPB1	Immune	Markers
B cells 2	CD79B	Immune	Markers
B cells 2	HLA-DRB1	Immune	Markers
B cells 2	POU2F2	Immune	Markers
B cells 2	BTG1	Immune	Markers
B cells 2	EZR	Immune	Markers
B cells 2	REL	Immune	Markers
B cells 2	IGHD	Immune	Markers
B cells 2	LAPTM5	Immune	Markers
B cells 2	CD52	Immune	Markers
B cells 2	RPS23	Immune	Markers
B cells 2	IRF8	Immune	Markers
B cells 2	RPS27	Immune	Markers
B cells 2	TCL1A	Immune	Markers
B cells 2	KLF2	Immune	Markers
B cells 2	RALGPS2	Immune	Markers
B cells 2	HLA-DPA1	Immune	Markers
B cells 2	RPS8	Immune	Markers
B cells 2	RPL13A	Immune	Markers
B cells 2	FCMR	Immune	Markers
B cells 2	NR4A2	Immune	Markers
B cells 2	RPS20	Immune	Markers
B cells 2	RPL21	Immune	Markers
B cells 2	HLA-DQA1	Immune	Markers
B cells 2	PAX5	Immune	Markers
B cells 2	IFT57	Immune	Markers
B cells 2	RPL37	Immune	Markers
B cells 2	SNX2	Immune	Markers
B cells 2	CCR7	Immune	Markers
B cells 2	RPSA	Immune	Markers
B cells 2	RPS18	Immune	Markers
B cells 2	RPL23A	Immune	Markers
B cells 2	BLK	Immune	Markers
B cells 2	MARCKSL1	Immune	Markers
B cells 2	RPL32	Immune	Markers
B cells 2	RPS21	Immune	Markers
B cells 2	RPL30	Immune	Markers
B cells 2	HLA-DQB1	Immune	Markers
B cells 2	RPL19	Immune	Markers
B cells 2	RPL10A	Immune	Markers
B cells 2	YBX3	Immune	Markers
B cells 2	STX7	Immune	Markers
B cells 2	RPL18A	Immune	Markers
B cells 2	RPS3A	Immune	Markers
B cells 2	RPL12	Immune	Markers
B cells 2	TAMALIN	Immune	Markers
B cells 2	MEF2C	Immune	Markers
B cells 2	AFF3	Immune	Markers
B cells 2	ZFAS1	Immune	Markers
B cells 2	CD22	Immune	Markers
B cells 2	TXNIP	Immune	Markers
B cells 2	RPL9	Immune	Markers
B cells 2	RPL31	Immune	Markers
B cells 2	TRIM38	Immune	Markers
B cells 2	KDM6B	Immune	Markers
B cells 2	MARCHF1	Immune	Markers
B cells 2	BASP1	Immune	Markers
B cells 2	RPS5	Immune	Markers
B cells 2	RPS6	Immune	Markers
B cells 2	SWAP70	Immune	Markers
B cells 2	RPL23	Immune	Markers
B cells 2	RPS10	Immune	Markers
B cells 2	EEF1B2	Immune	Markers
B cells 2	RPS2	Immune	Markers
B cells 2	RPS13	Immune	Markers
B cells 2	LYN	Immune	Markers
B cells 2	RPL28	Immune	Markers
B cells 2	RPL27	Immune	Markers
B cells 2	RPS7	Immune	Markers
B cells 2	RPL34	Immune	Markers
B cells 2	HLA-DRB5	Immune	Markers
B cells 2	RPS27A	Immune	Markers
B cells 2	RHOH	Immune	Markers
B cells 2	STK17A	Immune	Markers
B cells 2	ATP2B1	Immune	Markers
B cells 2	RPL5	Immune	Markers
B cells 2	LTB	Immune	Markers
B cells 2	MTPN	Immune	Markers
B cells 2	LINC01781	Immune	Markers
B cells 2	DDX21	Immune	Markers
B cells 2	NFKBID	Immune	Markers
B cells 2	RPL39	Immune	Markers
B cells 2	LINC00926	Immune	Markers
B cells 2	RPS25	Immune	Markers
B cells 2	SP110	Immune	Markers
B cells 2	FCRL1	Immune	Markers
B cells 2	LINC02397	Immune	Markers
B cells 2	LY86	Immune	Markers
B cells 2	SMCHD1	Immune	Markers
B cells 2	SELL	Immune	Markers
B cells 2	CXCR5	Immune	Markers
B cells 2	YPEL5	Immune	Markers
B cells 2	HLA-DQA2	Immune	Markers
B cells 2	ZBTB20	Immune	Markers
B cells 2	PARP14	Immune	Markers
B cells 2	RBM38	Immune	Markers
B cells 2	RPS16	Immune	Markers
B cells 2	CD19	Immune	Markers
B cells 2	ORAI2	Immune	Markers
B cells 2	FCER2	Immune	Markers
B cells 2	RPL36	Immune	Markers
B cells 2	RPL35A	Immune	Markers
B cells 2	SKIL	Immune	Markers
B cells 2	WSB1	Immune	Markers
B cells 2	CD53	Immune	Markers
B cells 2	RPS14	Immune	Markers
B cells 2	RCSD1	Immune	Markers
B cells 2	EBF1	Immune	Markers
B cells 2	SYPL1	Immune	Markers
B cells 2	RPL14	Immune	Markers
B cells 2	CD24	Immune	Markers
B cells 2	BCAS4	Immune	Markers
B cells 2	ZNF331	Immune	Markers
B cells 2	RPL4	Immune	Markers
B cells 2	RASGEF1B	Immune	Markers
B cells 2	IDI1	Immune	Markers
B cells 2	LUC7L3	Immune	Markers
B cells 2	PDLIM1	Immune	Markers
B cells 2	RPL7	Immune	Markers
B cells 2	RPS3	Immune	Markers
B cells 2	LY9	Immune	Markers
B cells 2	SESN3	Immune	Markers
B cells 2	NACA	Immune	Markers
B cells 2	TUBA1A	Immune	Markers
B cells 2	RPL3	Immune	Markers
B cells 2	ID3	Immune	Markers
B cells 2	RPL7A	Immune	Markers
B cells 2	RPS15A	Immune	Markers
B cells 2	CCDC50	Immune	Markers
B cells 2	CD69	Immune	Markers
B cells 2	PABPC1	Immune	Markers
B cells 2	EIF1B	Immune	Markers
B cells 2	RPL22	Immune	Markers
B cells 2	USP8	Immune	Markers
B cells 2	CD72	Immune	Markers
B cells 2	BACH2	Immune	Markers
B cells 2	MGAT5	Immune	Markers
B cells 2	SNHG8	Immune	Markers
B cells 2	PTMA	Immune	Markers
B cells 2	NCOA3	Immune	Markers
B cells 2	ARPC3	Immune	Markers
B cells 2	PMAIP1	Immune	Markers
B cells 2	RACK1	Immune	Markers
B cells 2	CD40	Immune	Markers
B cells 2	HLA-DMB	Immune	Markers
B cells 2	MYCBP2	Immune	Markers
B cells 2	PARP1	Immune	Markers
B cells 2	KDM4B	Immune	Markers
B cells 2	PPM1K	Immune	Markers
B cells 2	SLC2A3	Immune	Markers
B cells 2	LINC01857	Immune	Markers
B cells 2	HLA-E	Immune	Markers
B cells 2	NOP53	Immune	Markers
B cells 2	TRAF5	Immune	Markers
B cells 2	MIR29B2CHG	Immune	Markers
B cells 2	PNISR	Immune	Markers
B cells 2	CKS2	Immune	Markers
B cells 2	SP100	Immune	Markers
B cells 2	CD47	Immune	Markers
B cells 2	TNRC6B	Immune	Markers
B cells 2	MAP4K4	Immune	Markers
B cells 2	JUND	Immune	Markers
B cells 2	COMMD6	Immune	Markers
B cells 2	PRDM2	Immune	Markers
B cells 2	SERTAD1	Immune	Markers
B cells 2	SPIB	Immune	Markers
GC B cells	H4C3	Immune	Markers
GC B cells	HMGB2	Immune	Markers
GC B cells	TCL1A	Immune	Markers
GC B cells	HMGB1	Immune	Markers
GC B cells	TUBA1B	Immune	Markers
GC B cells	CD79B	Immune	Markers
GC B cells	H2AZ1	Immune	Markers
GC B cells	HMGN1	Immune	Markers
GC B cells	DUT	Immune	Markers
GC B cells	ANP32B	Immune	Markers
GC B cells	DEK	Immune	Markers
GC B cells	BASP1	Immune	Markers
GC B cells	PARP1	Immune	Markers
GC B cells	IRAG2	Immune	Markers
GC B cells	METAP2	Immune	Markers
GC B cells	MKI67	Immune	Markers
GC B cells	MARCKSL1	Immune	Markers
GC B cells	GAPDH	Immune	Markers
GC B cells	ACTG1	Immune	Markers
GC B cells	LPP	Immune	Markers
GC B cells	TOP2A	Immune	Markers
GC B cells	HMGA1	Immune	Markers
GC B cells	SMC4	Immune	Markers
GC B cells	NUSAP1	Immune	Markers
GC B cells	CENPF	Immune	Markers
GC B cells	VPREB3	Immune	Markers
GC B cells	PSIP1	Immune	Markers
GC B cells	PTTG1	Immune	Markers
GC B cells	DNMT1	Immune	Markers
GC B cells	MYBL2	Immune	Markers
GC B cells	PCNA	Immune	Markers
GC B cells	NUCKS1	Immune	Markers
GC B cells	RAN	Immune	Markers
GC B cells	TYMS	Immune	Markers
GC B cells	H1-5	Immune	Markers
GC B cells	BACH2	Immune	Markers
GC B cells	SLC25A5	Immune	Markers
GC B cells	CBX5	Immune	Markers
GC B cells	RANBP1	Immune	Markers
GC B cells	MYBL1	Immune	Markers
GC B cells	IRF8	Immune	Markers
GC B cells	ACTR3	Immune	Markers
GC B cells	ARPC2	Immune	Markers
GC B cells	SLBP	Immune	Markers
GC B cells	BCL7A	Immune	Markers
GC B cells	ACTB	Immune	Markers
GC B cells	SET	Immune	Markers
GC B cells	PFN1	Immune	Markers
GC B cells	EZR	Immune	Markers
GC B cells	LBR	Immune	Markers
GC B cells	SUGCT	Immune	Markers
GC B cells	FAM111B	Immune	Markers
GC B cells	PTMA	Immune	Markers
GC B cells	PRKDC	Immune	Markers
GC B cells	RPA3	Immune	Markers
GC B cells	SYNE2	Immune	Markers
GC B cells	LMO2	Immune	Markers
GC B cells	CORO1A	Immune	Markers
GC B cells	BCAS4	Immune	Markers
GC B cells	CENPM	Immune	Markers
GC B cells	YBX1	Immune	Markers
GC B cells	TMEM131L	Immune	Markers
GC B cells	H1-3	Immune	Markers
GC B cells	HELLS	Immune	Markers
GC B cells	MAP4K4	Immune	Markers
GC B cells	ARPC3	Immune	Markers
GC B cells	SMIM14	Immune	Markers
GC B cells	CENPU	Immune	Markers
GC B cells	DCK	Immune	Markers
GC B cells	CBX3	Immune	Markers
GC B cells	MCM3	Immune	Markers
GC B cells	POU2F2	Immune	Markers
GC B cells	TK1	Immune	Markers
GC B cells	CD79A	Immune	Markers
GC B cells	BRI3BP	Immune	Markers
GC B cells	LAPTM5	Immune	Markers
GC B cells	HNRNPA2B1	Immune	Markers
GC B cells	CLSPN	Immune	Markers
GC B cells	HMGN2	Immune	Markers
GC B cells	RAD21	Immune	Markers
GC B cells	PAX5	Immune	Markers
GC B cells	NAP1L1	Immune	Markers
GC B cells	CD22	Immune	Markers
GC B cells	DDX39A	Immune	Markers
GC B cells	HMCES	Immune	Markers
GC B cells	SMC2	Immune	Markers
GC B cells	SMC1A	Immune	Markers
GC B cells	MCM7	Immune	Markers
GC B cells	MCM4	Immune	Markers
GC B cells	USP34	Immune	Markers
GC B cells	GCHFR	Immune	Markers
GC B cells	MEF2C	Immune	Markers
GC B cells	CD53	Immune	Markers
GC B cells	MACROH2A1	Immune	Markers
GC B cells	TMPO	Immune	Markers
GC B cells	RHOH	Immune	Markers
GC B cells	POU2AF1	Immune	Markers
GC B cells	MCM5	Immune	Markers
GC B cells	TPX2	Immune	Markers
GC B cells	NASP	Immune	Markers
GC B cells	ANP32E	Immune	Markers
GC B cells	PKM	Immune	Markers
GC B cells	UBE2J1	Immune	Markers
GC B cells	SNRNP25	Immune	Markers
GC B cells	UCP2	Immune	Markers
GC B cells	CDCA7	Immune	Markers
GC B cells	GINS2	Immune	Markers
GC B cells	ARHGDIB	Immune	Markers
GC B cells	SWAP70	Immune	Markers
GC B cells	TMEM123	Immune	Markers
GC B cells	ATAD2	Immune	Markers
GC B cells	PEG10	Immune	Markers
GC B cells	SMC3	Immune	Markers
GC B cells	ACTR2	Immune	Markers
GC B cells	USP1	Immune	Markers
GC B cells	CD74	Immune	Markers
GC B cells	STX7	Immune	Markers
GC B cells	RAPGEF5	Immune	Markers
GC B cells	CCNI	Immune	Markers
GC B cells	NCL	Immune	Markers
GC B cells	MCM6	Immune	Markers
GC B cells	FAM107B	Immune	Markers
GC B cells	YWHAB	Immune	Markers
GC B cells	CD81	Immune	Markers
GC B cells	BIRC5	Immune	Markers
GC B cells	TRIM38	Immune	Markers
GC B cells	NPM1	Immune	Markers
GC B cells	GCSAM	Immune	Markers
GC B cells	RBM38	Immune	Markers
GC B cells	CENPE	Immune	Markers
GC B cells	CCDC69	Immune	Markers
GC B cells	IFT57	Immune	Markers
GC B cells	JPT1	Immune	Markers
GC B cells	UBE2C	Immune	Markers
GC B cells	DAAM1	Immune	Markers
GC B cells	CCDC167	Immune	Markers
GC B cells	WDR76	Immune	Markers
GC B cells	CDK1	Immune	Markers
GC B cells	RAB30	Immune	Markers
GC B cells	NUGGC	Immune	Markers
GC B cells	SYPL1	Immune	Markers
GC B cells	MTPN	Immune	Markers
GC B cells	H2AZ2	Immune	Markers
GC B cells	ITGAE	Immune	Markers
GC B cells	RMI2	Immune	Markers
GC B cells	STMN1	Immune	Markers
GC B cells	H2AC20	Immune	Markers
GC B cells	CD37	Immune	Markers
GC B cells	CKS2	Immune	Markers
GC B cells	NUDT1	Immune	Markers
GC B cells	EZH2	Immune	Markers
GC B cells	CCDC88A	Immune	Markers
GC B cells	LSM5	Immune	Markers
GC B cells	TNFRSF13C	Immune	Markers
GC B cells	ANKRD13A	Immune	Markers
GC B cells	BLK	Immune	Markers
GC B cells	HNRNPA1	Immune	Markers
GC B cells	RRM1	Immune	Markers
GC B cells	ATAD5	Immune	Markers
GC B cells	LDHB	Immune	Markers
GC B cells	LYN	Immune	Markers
GC B cells	ST6GAL1	Immune	Markers
GC B cells	TACC1	Immune	Markers
GC B cells	MAD2L1	Immune	Markers
GC B cells	ZCCHC7	Immune	Markers
GC B cells	CCNB2	Immune	Markers
GC B cells	RASSF6	Immune	Markers
GC B cells	CNTRL	Immune	Markers
GC B cells	KIF20B	Immune	Markers
GC B cells	UQCRH	Immune	Markers
GC B cells	H1-2	Immune	Markers
GC B cells	LMNB1	Immune	Markers
GC B cells	CXCR5	Immune	Markers
GC B cells	KIF11	Immune	Markers
GC B cells	SH3KBP1	Immune	Markers
GC B cells	PXK	Immune	Markers
GC B cells	PSMA7	Immune	Markers
GC B cells	MOB1A	Immune	Markers
GC B cells	RPS7	Immune	Markers
GC B cells	PRPSAP2	Immune	Markers
GC B cells	SNRPF	Immune	Markers
GC B cells	LTB	Immune	Markers
GC B cells	NCOA3	Immune	Markers
GC B cells	FGD6	Immune	Markers
GC B cells	PHF6	Immune	Markers
GC B cells	MIS18BP1	Immune	Markers
GC B cells	PNN	Immune	Markers
GC B cells	HLA-DRA	Immune	Markers
GC B cells	NCAPG	Immune	Markers
GC B cells	NUF2	Immune	Markers
GC B cells	ZWINT	Immune	Markers
GC B cells	SKA2	Immune	Markers
GC B cells	RFTN1	Immune	Markers
GC B cells	ASPM	Immune	Markers
GC B cells	SUPT16H	Immune	Markers
GC B cells	SYK	Immune	Markers
GC B cells	ARGLU1	Immune	Markers
GC B cells	MME	Immune	Markers
GC B cells	TMED8	Immune	Markers
GC B cells	RPLP0	Immune	Markers
GC B cells	HMGN3	Immune	Markers
GC B cells	TACC3	Immune	Markers
GC B cells	PTPN18	Immune	Markers
GC B cells	REL	Immune	Markers
GC B cells	ORC6	Immune	Markers
GC B cells	MTDH	Immune	Markers
GC B cells	DYNLL1	Immune	Markers
GC B cells	HMMR	Immune	Markers
GC B cells	RPS20	Immune	Markers
GC B cells	CD40	Immune	Markers
GC B cells	ISG20	Immune	Markers
GC B cells	GMNN	Immune	Markers
GC B cells	RPS2	Immune	Markers
GC B cells	ARPC5	Immune	Markers
GC B cells	CDKN3	Immune	Markers
GC B cells	RPL28	Immune	Markers
GC B cells	RPL4	Immune	Markers
GC B cells	RPS16	Immune	Markers
GC B cells	GNAI2	Immune	Markers
GC B cells	AICDA	Immune	Markers
GC B cells	KMT2A	Immune	Markers
GC B cells	DTYMK	Immune	Markers
GC B cells	DLGAP5	Immune	Markers
GC B cells	H3C2	Immune	Markers
GC B cells	PBK	Immune	Markers
GC B cells	PLEKHF2	Immune	Markers
GC B cells	PLEKHA2	Immune	Markers
GC B cells	MYO1E	Immune	Markers
GC B cells	RPL23	Immune	Markers
GC B cells	DNAJC8	Immune	Markers
GC B cells	BIK	Immune	Markers
GC B cells	MSH6	Immune	Markers
GC B cells	PMAIP1	Immune	Markers
GC B cells	SMARCC1	Immune	Markers
GC B cells	HNRNPU	Immune	Markers
GC B cells	BCL6	Immune	Markers
GC B cells	CENPH	Immune	Markers
GC B cells	ZFP36L1	Immune	Markers
GC B cells	RRM2B	Immune	Markers
GC B cells	GTSE1	Immune	Markers
GC B cells	PLCG2	Immune	Markers
GC B cells	STRBP	Immune	Markers
GC B cells	E2F1	Immune	Markers
GC B cells	CCT2	Immune	Markers
GC B cells	MCUB	Immune	Markers
GC B cells	RPSA	Immune	Markers
GC B cells	OTULIN	Immune	Markers
GC B cells	CCNB1	Immune	Markers
GC B cells	NDUFA4	Immune	Markers
GC B cells	LNPEP	Immune	Markers
GC B cells	DEGS1	Immune	Markers
GC B cells	RCSD1	Immune	Markers
GC B cells	GSTP1	Immune	Markers
GC B cells	HLA-DMB	Immune	Markers
GC B cells	YWHAH	Immune	Markers
GC B cells	AURKB	Immune	Markers
GC B cells	MND1	Immune	Markers
GC B cells	SPIB	Immune	Markers
GC B cells	CDT1	Immune	Markers
GC B cells	SHCBP1	Immune	Markers
GC B cells	TMEM156	Immune	Markers
GC B cells	RPS6	Immune	Markers
GC B cells	SNX3	Immune	Markers
GC B cells	CKAP2	Immune	Markers
GC B cells	SSBP2	Immune	Markers
GC B cells	PTPRC	Immune	Markers
GC B cells	UBA2	Immune	Markers
GC B cells	E2F8	Immune	Markers
GC B cells	SRSF7	Immune	Markers
GC B cells	HCLS1	Immune	Markers
GC B cells	CLEC2D	Immune	Markers
GC B cells	CSK	Immune	Markers
GC B cells	CPNE3	Immune	Markers
GC B cells	BARD1	Immune	Markers
GC B cells	ACY3	Immune	Markers
GC B cells	FNBP1	Immune	Markers
GC B cells	CYRIB	Immune	Markers
GC B cells	CD19	Immune	Markers
GC B cells	IL4R	Immune	Markers
GC B cells	PRDX1	Immune	Markers
GC B cells	LUC7L3	Immune	Markers
GC B cells	MAP1LC3B	Immune	Markers
GC B cells	CCNA2	Immune	Markers
GC B cells	CCND3	Immune	Markers
GC B cells	RPL39L	Immune	Markers
GC B cells	SEC14L1	Immune	Markers
GC B cells	JMJD1C	Immune	Markers
GC B cells	CNN2	Immune	Markers
GC B cells	AFF3	Immune	Markers
GC B cells	COTL1	Immune	Markers
GC B cells	NCAPD2	Immune	Markers
GC B cells	HLA-DQA2	Immune	Markers
GC B cells	FBXO5	Immune	Markers
GC B cells	ORAI2	Immune	Markers
GC B cells	EIF3F	Immune	Markers
GC B cells	FANCI	Immune	Markers
GC B cells	SEL1L3	Immune	Markers
GC B cells	ENO1	Immune	Markers
GC B cells	H2AC12	Immune	Markers
GC B cells	IKZF3	Immune	Markers
GC B cells	CDCA2	Immune	Markers
GC B cells	RAP1B	Immune	Markers
GC B cells	PAG1	Immune	Markers
GC B cells	TPR	Immune	Markers
GC B cells	HLA-DRB5	Immune	Markers
GC B cells	SGO2	Immune	Markers
GC B cells	NEIL1	Immune	Markers
GC B cells	SUSD3	Immune	Markers
GC B cells	SOCS1	Immune	Markers
GC B cells	IFI16	Immune	Markers
GC B cells	H2AC17	Immune	Markers
GC B cells	H1-4	Immune	Markers
GC B cells	RAD51AP1	Immune	Markers
GC B cells	CD38	Immune	Markers
GC B cells	RGS16	Immune	Markers
GC B cells	UBE2T	Immune	Markers
GC B cells	EBF1	Immune	Markers
GC B cells	ASF1B	Immune	Markers
GC B cells	C1QBP	Immune	Markers
GC B cells	OSBPL8	Immune	Markers
GC B cells	CCDC6	Immune	Markers
GC B cells	TMEM243	Immune	Markers
GC B cells	MRPS6	Immune	Markers
GC B cells	DNAJC10	Immune	Markers
GC B cells	ZNF292	Immune	Markers
GC B cells	DNAJC15	Immune	Markers
GC B cells	RPS4X	Immune	Markers
GC B cells	RPS18	Immune	Markers
GC B cells	PLIN3	Immune	Markers
GC B cells	NDC80	Immune	Markers
GC B cells	RPL23A	Immune	Markers
GC B cells	RRAS2	Immune	Markers
GC B cells	PABPC1	Immune	Markers
GC B cells	TUBB2B	Immune	Markers
GC B cells	UGCG	Immune	Markers
GC B cells	SORL1	Immune	Markers
GC B cells	CD83	Immune	Markers
GC B cells	RPL19	Immune	Markers
GC B cells	EIF2S2	Immune	Markers
GC B cells	TPM3	Immune	Markers
GC B cells	CKS1B	Immune	Markers
GC B cells	STK17A	Immune	Markers
GC B cells	SNX2	Immune	Markers
GC B cells	RPS8	Immune	Markers
GC B cells	RFC3	Immune	Markers
GC B cells	CDC20	Immune	Markers
GC B cells	EIF3L	Immune	Markers
GC B cells	CAP1	Immune	Markers
GC B cells	NSD2	Immune	Markers
GC B cells	SKAP2	Immune	Markers
GC B cells	ESCO2	Immune	Markers
GC B cells	USP53	Immune	Markers
GC B cells	TBC1D1	Immune	Markers
GC B cells	RPL10A	Immune	Markers
GC B cells	HLA-DMA	Immune	Markers
GC B cells	MAP4K2	Immune	Markers
GC B cells	RPL7	Immune	Markers
GC B cells	CENPK	Immune	Markers
GC B cells	NFKBID	Immune	Markers
GC B cells	NCF1	Immune	Markers
GC B cells	RAC2	Immune	Markers
GC B cells	TRAF5	Immune	Markers
GC B cells	GPR18	Immune	Markers
GC B cells	SSB	Immune	Markers
GC B cells	ATP2A3	Immune	Markers
GC B cells	AMD1	Immune	Markers
GC B cells	ROCK1	Immune	Markers
GC B cells	HNRNPH1	Immune	Markers
GC B cells	HLA-DPA1	Immune	Markers
GC B cells	TPM4	Immune	Markers
GC B cells	DSTN	Immune	Markers
GC B cells	EIF1B	Immune	Markers
GC B cells	RACK1	Immune	Markers
GC B cells	TAF15	Immune	Markers
GC B cells	SRSF2	Immune	Markers
GC B cells	TUBB2A	Immune	Markers
GC B cells	RPL5	Immune	Markers
GC B cells	CHAF1A	Immune	Markers
GC B cells	KPNA2	Immune	Markers
GC B cells	DCP2	Immune	Markers
GC B cells	TP53INP1	Immune	Markers
GC B cells	DAPP1	Immune	Markers
GC B cells	FAM76B	Immune	Markers
GC B cells	BUB3	Immune	Markers
GC B cells	BRCA1	Immune	Markers
GC B cells	OTUD1	Immune	Markers
GC B cells	NOP58	Immune	Markers
GC B cells	AFF2	Immune	Markers
GC B cells	SYAP1	Immune	Markers
GC B cells	PPP1R12A	Immune	Markers
GC B cells	MX1	Immune	Markers
GC B cells	UBE2S	Immune	Markers
GC B cells	RNGTT	Immune	Markers
GC B cells	RPL7A	Immune	Markers
GC B cells	BCL2L11	Immune	Markers
GC B cells	GMDS	Immune	Markers
GC B cells	HMGB3	Immune	Markers
GC B cells	KIF2C	Immune	Markers
GC B cells	HNRNPDL	Immune	Markers
GC B cells	SLC2A5	Immune	Markers
GC B cells	FDPS	Immune	Markers
GC B cells	MFHAS1	Immune	Markers
GC B cells	EIF2S3	Immune	Markers
GC B cells	LDHA	Immune	Markers
GC B cells	LY86	Immune	Markers
GC B cells	LYL1	Immune	Markers
GC B cells	RPL12	Immune	Markers
GC B cells	ELOB	Immune	Markers
GC B cells	RPL6	Immune	Markers
GC B cells	KNL1	Immune	Markers
GC B cells	BRCA2	Immune	Markers
GC B cells	ESD	Immune	Markers
GC B cells	ZFAS1	Immune	Markers
GC B cells	PIK3AP1	Immune	Markers
GC B cells	RUBCNL	Immune	Markers
GC B cells	RPS5	Immune	Markers
GC B cells	RPS23	Immune	Markers
GC B cells	RPL14	Immune	Markers
GC B cells	CENPW	Immune	Markers
GC B cells	HES6	Immune	Markers
GC B cells	KRR1	Immune	Markers
GC B cells	LINC01991	Immune	Markers
GC B cells	NCAPG2	Immune	Markers
GC B cells	MCM8	Immune	Markers
GC B cells	RPL21	Immune	Markers
GC B cells	SLC15A4	Immune	Markers
GC B cells	RBM8A	Immune	Markers
GC B cells	EPC1	Immune	Markers
GC B cells	NIN	Immune	Markers
GC B cells	MYCBP2	Immune	Markers
GC B cells	UHRF1	Immune	Markers
GC B cells	H2AX	Immune	Markers
GC B cells	ARID4B	Immune	Markers
GC B cells	CDK2AP2	Immune	Markers
GC B cells	ATP2B1	Immune	Markers
GC B cells	KCNK12	Immune	Markers
GC B cells	RBBP8	Immune	Markers
GC B cells	RPS24	Immune	Markers
GC B cells	DOCK2	Immune	Markers
GC B cells	SPEN	Immune	Markers
GC B cells	CTNNAL1	Immune	Markers
GC B cells	WAS	Immune	Markers
GC B cells	JAK1	Immune	Markers
GC B cells	CKAP5	Immune	Markers
GC B cells	SERPINA9	Immune	Markers
GC B cells	OSBPL10	Immune	Markers
GC B cells	CDCA8	Immune	Markers
GC B cells	CEP135	Immune	Markers
GC B cells	GGCT	Immune	Markers
GC B cells	HLA-DPB1	Immune	Markers
GC B cells	FAM111A	Immune	Markers
GC B cells	CDKN2D	Immune	Markers
GC B cells	NAP1L4	Immune	Markers
GC B cells	GGA2	Immune	Markers
GC B cells	RPL18A	Immune	Markers
GC B cells	UVRAG	Immune	Markers
GC B cells	BANK1	Immune	Markers
GC B cells	EHD1	Immune	Markers
GC B cells	ATRX	Immune	Markers
GC B cells	FKBP5	Immune	Markers
GC B cells	SGPP1	Immune	Markers
GC B cells	ZNF92	Immune	Markers
GC B cells	C21orf58	Immune	Markers
GC B cells	AKIRIN2	Immune	Markers
GC B cells	RPS9	Immune	Markers
GC B cells	DBF4	Immune	Markers
GC B cells	RALGPS2	Immune	Markers
GC B cells	H2AC11	Immune	Markers
GC B cells	MCOLN2	Immune	Markers
GC B cells	UGP2	Immune	Markers
GC B cells	CHD4	Immune	Markers
GC B cells	CXXC5	Immune	Markers
GC B cells	VNN2	Immune	Markers
GC B cells	BCL11A	Immune	Markers
GC B cells	NUP210	Immune	Markers
GC B cells	HLA-DQA1	Immune	Markers
GC B cells	CCDC18	Immune	Markers
GC B cells	LINC01857	Immune	Markers
GC B cells	RPL37	Immune	Markers
GC B cells	PPA1	Immune	Markers
GC B cells	MAP2K1	Immune	Markers
GC B cells	KANK2	Immune	Markers
GC B cells	BUB1	Immune	Markers
GC B cells	SMC5	Immune	Markers
GC B cells	HRK	Immune	Markers
GC B cells	COPS3	Immune	Markers
GC B cells	SPTAN1	Immune	Markers
GC B cells	WIPF1	Immune	Markers
GC B cells	RASGRP3	Immune	Markers
GC B cells	CYFIP2	Immune	Markers
GC B cells	RPS13	Immune	Markers
GC B cells	LPIN1	Immune	Markers
GC B cells	TLR10	Immune	Markers
GC B cells	ZNF430	Immune	Markers
GC B cells	HLTF	Immune	Markers
GC B cells	WTAP	Immune	Markers
GC B cells	RNF144B	Immune	Markers
GC B cells	NHP2	Immune	Markers
GC B cells	PLK1	Immune	Markers
GC B cells	ZC3H13	Immune	Markers
GC B cells	DYNC2I2	Immune	Markers
GC B cells	ATP6V1G1	Immune	Markers
GC B cells	CEP295	Immune	Markers
GC B cells	BMP7	Immune	Markers
GC B cells	TOX	Immune	Markers
GC B cells	TMSB4X	Immune	Markers
GC B cells	DIAPH1	Immune	Markers
GC B cells	CTSH	Immune	Markers
GC B cells	RAB11FIP1	Immune	Markers
GC B cells	SLC38A1	Immune	Markers
GC B cells	MRPS21	Immune	Markers
GC B cells	RPS21	Immune	Markers
GC B cells	KIFC1	Immune	Markers
GC B cells	DDX3X	Immune	Markers
GC B cells	TUBB4B	Immune	Markers
GC B cells	EML6	Immune	Markers
GC B cells	TTF2	Immune	Markers
GC B cells	PRRG4	Immune	Markers
GC B cells	P2RY8	Immune	Markers
GC B cells	CEP55	Immune	Markers
GC B cells	FERMT3	Immune	Markers
GC B cells	SP140	Immune	Markers
GC B cells	FBL	Immune	Markers
GC B cells	RABEP1	Immune	Markers
GC B cells	OXCT1	Immune	Markers
GC B cells	PNPLA8	Immune	Markers
GC B cells	TLN1	Immune	Markers
GC B cells	EID1	Immune	Markers
GC B cells	VRK1	Immune	Markers
GC B cells	SPI1	Immune	Markers
GC B cells	AKR1B1	Immune	Markers
GC B cells	ZNF367	Immune	Markers
GC B cells	HAUS8	Immune	Markers
GC B cells	FYTTD1	Immune	Markers
GC B cells	ATP5MC1	Immune	Markers
GC B cells	PNISR	Immune	Markers
GC B cells	XRCC2	Immune	Markers
GC B cells	CENPN	Immune	Markers
GC B cells	MASTL	Immune	Markers
GC B cells	SDE2	Immune	Markers
GC B cells	CD72	Immune	Markers
GC B cells	ARID5B	Immune	Markers
GC B cells	DSCC1	Immune	Markers
GC B cells	TERF2IP	Immune	Markers
GC B cells	FAM241A	Immune	Markers
GC B cells	COMMD6	Immune	Markers
GC B cells	RPL3	Immune	Markers
GC B cells	KIF4A	Immune	Markers
GC B cells	AURKA	Immune	Markers
GC B cells	IMPDH2	Immune	Markers
GC B cells	SEPHS2	Immune	Markers
GC B cells	HLA-DOB	Immune	Markers
GC B cells	TUBA4A	Immune	Markers
GC B cells	EDEM1	Immune	Markers
GC B cells	PDE7A	Immune	Markers
GC B cells	REV3L	Immune	Markers
GC B cells	HJURP	Immune	Markers
GC B cells	CD180	Immune	Markers
GC B cells	ECT2	Immune	Markers
GC B cells	IDI1	Immune	Markers
GC B cells	HSPD1	Immune	Markers
GC B cells	PPP1R14B	Immune	Markers
GC B cells	PCF11	Immune	Markers
GC B cells	EIF3E	Immune	Markers
GC B cells	MAPRE2	Immune	Markers
GC B cells	KATNAL1	Immune	Markers
GC B cells	CYBC1	Immune	Markers
GC B cells	H2BC7	Immune	Markers
GC B cells	PDGFD	Immune	Markers
GC B cells	KIF23	Immune	Markers
GC B cells	TSPAN13	Immune	Markers
GC B cells	DIAPH3	Immune	Markers
GC B cells	RPIA	Immune	Markers
GC B cells	COMMD8	Immune	Markers
GC B cells	PEBP1	Immune	Markers
GC B cells	STIM2	Immune	Markers
GC B cells	NSA2	Immune	Markers
GC B cells	RPL13A	Immune	Markers
GC B cells	NACA	Immune	Markers
GC B cells	WDR33	Immune	Markers
GC B cells	CIP2A	Immune	Markers
GC B cells	CYB561A3	Immune	Markers
GC B cells	RASSF2	Immune	Markers
GC B cells	LRCH1	Immune	Markers
GC B cells	RIPOR2	Immune	Markers
GC B cells	PRRC2B	Immune	Markers
GC B cells	MBNL1	Immune	Markers
GC B cells	HADH	Immune	Markers
GC B cells	FDFT1	Immune	Markers
GC B cells	MDM2	Immune	Markers
GC B cells	AIM2	Immune	Markers
GC B cells	LMO4	Immune	Markers
GC B cells	PGK1	Immune	Markers
GC B cells	CHORDC1	Immune	Markers
GC B cells	H2AC14	Immune	Markers
GC B cells	RBM33	Immune	Markers
GC B cells	SASH3	Immune	Markers
GC B cells	PIP4K2A	Immune	Markers
GC B cells	RPL22L1	Immune	Markers
GC B cells	MGAT5	Immune	Markers
GC B cells	BFSP2	Immune	Markers
GC B cells	USP8	Immune	Markers
GC B cells	PTK2	Immune	Markers
GC B cells	INPP5D	Immune	Markers
GC B cells	NCAPH	Immune	Markers
GC B cells	ANKRD26	Immune	Markers
GC B cells	PTEN	Immune	Markers
GC B cells	MOB3A	Immune	Markers
GC B cells	RSL24D1	Immune	Markers
GC B cells	RGS10	Immune	Markers
GC B cells	GNA13	Immune	Markers
GC B cells	ATP6V1F	Immune	Markers
GC B cells	RPS3A	Immune	Markers
GC B cells	PRDM2	Immune	Markers
GC B cells	GMFG	Immune	Markers
GC B cells	ZNF107	Immune	Markers
GC B cells	BAZ1A	Immune	Markers
GC B cells	UBXN1	Immune	Markers
GC B cells	PHGDH	Immune	Markers
GC B cells	NCOA7	Immune	Markers
GC B cells	FCHSD2	Immune	Markers
GC B cells	GNB5	Immune	Markers
GC B cells	BUB1B	Immune	Markers
GC B cells	LINC02576	Immune	Markers
GC B cells	ETS1	Immune	Markers
GC B cells	WDHD1	Immune	Markers
GC B cells	CCDC82	Immune	Markers
GC B cells	GPSM3	Immune	Markers
GC B cells	HIF1A	Immune	Markers
GC B cells	DYNLT2B	Immune	Markers
GC B cells	PPIG	Immune	Markers
GC B cells	HCFC1	Immune	Markers
GC B cells	CD27	Immune	Markers
GC B cells	ZBTB20	Immune	Markers
GC B cells	ATM	Immune	Markers
GC B cells	RECQL	Immune	Markers
GC B cells	ZNF827	Immune	Markers
GC B cells	CD2AP	Immune	Markers
GC B cells	RPL31	Immune	Markers
GC B cells	PACS1	Immune	Markers
GC B cells	MCRIP1	Immune	Markers
GC B cells	BID	Immune	Markers
GC B cells	ELOVL5	Immune	Markers
GC B cells	PHTF2	Immune	Markers
GC B cells	SYNE1	Immune	Markers
GC B cells	PAFAH1B3	Immune	Markers
GC B cells	HOPX	Immune	Markers
GC B cells	PRPF38B	Immune	Markers
GC B cells	PDLIM1	Immune	Markers
GC B cells	VAMP8	Immune	Markers
GC B cells	RGS19	Immune	Markers
GC B cells	TAGAP	Immune	Markers
GC B cells	PAQR4	Immune	Markers
GC B cells	SIRT1	Immune	Markers
GC B cells	HHEX	Immune	Markers
GC B cells	DUSP10	Immune	Markers
GC B cells	C16orf87	Immune	Markers
GC B cells	CYBB	Immune	Markers
GC B cells	CDC25B	Immune	Markers
GC B cells	FADS3	Immune	Markers
GC B cells	FOXM1	Immune	Markers
GC B cells	TTN	Immune	Markers
GC B cells	ASAP1	Immune	Markers
GC B cells	TBPL1	Immune	Markers
GC B cells	OGFRL1	Immune	Markers
GC B cells	RASGEF1B	Immune	Markers
GC B cells	ASRGL1	Immune	Markers
GC B cells	DEPDC1B	Immune	Markers
GC B cells	PRDX5	Immune	Markers
GC B cells	FOXP1	Immune	Markers
GC B cells	DOCK8	Immune	Markers
GC B cells	ADA	Immune	Markers
GC B cells	TRMT112	Immune	Markers
GC B cells	ZNF318	Immune	Markers
GC B cells	TTK	Immune	Markers
GC B cells	LRRC75A	Immune	Markers
GC B cells	KCTD20	Immune	Markers
GC B cells	NSMCE1	Immune	Markers
GC B cells	TOPORS	Immune	Markers
GC B cells	GADD45GIP1	Immune	Markers
GC B cells	SNX10	Immune	Markers
GC B cells	NCAPD3	Immune	Markers
GC B cells	LPXN	Immune	Markers
GC B cells	PNOC	Immune	Markers
GC B cells	H3C8	Immune	Markers
GC B cells	PSMB9	Immune	Markers
GC B cells	BIRC3	Immune	Markers
GC B cells	MCM10	Immune	Markers
GC B cells	LILRB1	Immune	Markers
GC B cells	KMT2C	Immune	Markers
GC B cells	CCDC171	Immune	Markers
GC B cells	PPP2R5C	Immune	Markers
GC B cells	KIF18A	Immune	Markers
GC B cells	MELK	Immune	Markers
GC B cells	IRF2	Immune	Markers
GC B cells	DEPDC1	Immune	Markers
GC B cells	UQCRC1	Immune	Markers
GC B cells	MALT1	Immune	Markers
GC B cells	RPS3	Immune	Markers
GC B cells	KRAS	Immune	Markers
GC B cells	BTK	Immune	Markers
GC B cells	SLC9A7	Immune	Markers
GC B cells	BAG2	Immune	Markers
GC B cells	PARN	Immune	Markers
GC B cells	TIFA	Immune	Markers
GC B cells	BTG3	Immune	Markers
GC B cells	FANCA	Immune	Markers
GC B cells	EEF1B2	Immune	Markers
GC B cells	KLHL5	Immune	Markers
GC B cells	MYL12B	Immune	Markers
GC B cells	ATOX1	Immune	Markers
GC B cells	ITPKB	Immune	Markers
GC B cells	PPM1K	Immune	Markers
GC B cells	ADD3	Immune	Markers
GC B cells	ARHGAP25	Immune	Markers
GC B cells	RPL22	Immune	Markers
GC B cells	ITPR2	Immune	Markers
GC B cells	APBB1IP	Immune	Markers
GC B cells	ARHGAP11A	Immune	Markers
GC B cells	NFKB1	Immune	Markers
GC B cells	SLC6A6	Immune	Markers
GC B cells	PRELID3B	Immune	Markers
GC B cells	BZW1	Immune	Markers
GC B cells	DHX36	Immune	Markers
GC B cells	MAP3K7CL	Immune	Markers
GC B cells	VASP	Immune	Markers
GC B cells	RAD51C	Immune	Markers
GC B cells	DENND4A	Immune	Markers
GC B cells	SYBU	Immune	Markers
GC B cells	PKN1	Immune	Markers
GC B cells	MRPL18	Immune	Markers
GC B cells	EIF2AK3	Immune	Markers
GC B cells	KBTBD8	Immune	Markers
GC B cells	CIT	Immune	Markers
GC B cells	KIF15	Immune	Markers
GC B cells	PRKCB	Immune	Markers
GC B cells	SPDL1	Immune	Markers
GC B cells	WDR43	Immune	Markers
GC B cells	CTPS1	Immune	Markers
GC B cells	ACAA2	Immune	Markers
GC B cells	KIF2A	Immune	Markers
GC B cells	MCTP2	Immune	Markers
GC B cells	H2BC9	Immune	Markers
GC B cells	NCF4	Immune	Markers
GC B cells	CHD3	Immune	Markers
GC B cells	ZNF608	Immune	Markers
GC B cells	PPP4R2	Immune	Markers
GC B cells	WNK1	Immune	Markers
GC B cells	CD82	Immune	Markers
GC B cells	STK17B	Immune	Markers
GC B cells	BMP2K	Immune	Markers
GC B cells	FAM30A	Immune	Markers
GC B cells	RBBP6	Immune	Markers
GC B cells	EIF4A3	Immune	Markers
GC B cells	PIKFYVE	Immune	Markers
GC B cells	MED12L	Immune	Markers
GC B cells	MAP4K1	Immune	Markers
GC B cells	CHIC2	Immune	Markers
GC B cells	LYSMD2	Immune	Markers
GC B cells	SH3BGRL	Immune	Markers
GC B cells	ASB13	Immune	Markers
GC B cells	SLC41A1	Immune	Markers
GC B cells	INCENP	Immune	Markers
GC B cells	PRPS1	Immune	Markers
GC B cells	CSTB	Immune	Markers
GC B cells	CFAP20	Immune	Markers
GC B cells	SERPINB9	Immune	Markers
GC B cells	H2BC4	Immune	Markers
GC B cells	TLE4	Immune	Markers
GC B cells	LINC01215	Immune	Markers
GC B cells	ATP5MC2	Immune	Markers
GC B cells	WEE1	Immune	Markers
GC B cells	HACD3	Immune	Markers
GC B cells	CYB5B	Immune	Markers
GC B cells	KLF12	Immune	Markers
GC B cells	GXYLT1	Immune	Markers
GC B cells	RSL1D1	Immune	Markers
GC B cells	SAP18	Immune	Markers
GC B cells	POLR2A	Immune	Markers
GC B cells	SPAG9	Immune	Markers
GC B cells	STK4	Immune	Markers
GC B cells	GEN1	Immune	Markers
GC B cells	BAZ2B	Immune	Markers
GC B cells	ANKRD33B	Immune	Markers
GC B cells	GTF2B	Immune	Markers
GC B cells	SNX29	Immune	Markers
GC B cells	GYPC	Immune	Markers
GC B cells	PTPN7	Immune	Markers
GC B cells	CCDC34	Immune	Markers
GC B cells	ANXA5	Immune	Markers
GC B cells	FAM3C	Immune	Markers
GC B cells	SEMA4A	Immune	Markers
GC B cells	SCPEP1	Immune	Markers
GC B cells	KIF14	Immune	Markers
GC B cells	CLK1	Immune	Markers
GC B cells	FCRL1	Immune	Markers
GC B cells	HLA-DOA	Immune	Markers
GC B cells	APLP2	Immune	Markers
GC B cells	GINS4	Immune	Markers
GC B cells	TUT4	Immune	Markers
GC B cells	H1-1	Immune	Markers
GC B cells	RNF19B	Immune	Markers
GC B cells	GRK3	Immune	Markers
GC B cells	LOXL2	Immune	Markers
GC B cells	CDCA4	Immune	Markers
GC B cells	CEP78	Immune	Markers
GC B cells	H4C4	Immune	Markers
GC B cells	SP100	Immune	Markers
GC B cells	CYTIP	Immune	Markers
GC B cells	SLC4A7	Immune	Markers
GC B cells	SLC12A2	Immune	Markers
GC B cells	IL21R	Immune	Markers
GC B cells	ARID4A	Immune	Markers
GC B cells	BCAT1	Immune	Markers
GC B cells	GTF3A	Immune	Markers
GC B cells	FOXO1	Immune	Markers
GC B cells	GPBP1	Immune	Markers
GC B cells	MRE11	Immune	Markers
GC B cells	RBM22	Immune	Markers
GC B cells	CCDC28B	Immune	Markers
GC B cells	MDFIC	Immune	Markers
GC B cells	PHF19	Immune	Markers
GC B cells	PPP3CC	Immune	Markers
GC B cells	SUSD6	Immune	Markers
GC B cells	NPAT	Immune	Markers
GC B cells	RAP1A	Immune	Markers
GC B cells	UBE2H	Immune	Markers
GC B cells	H2AC15	Immune	Markers
GC B cells	APEX1	Immune	Markers
GC B cells	SNX8	Immune	Markers
GC B cells	SYTL2	Immune	Markers
GC B cells	SGMS1	Immune	Markers
GC B cells	ZGRF1	Immune	Markers
GC B cells	SH3BP5	Immune	Markers
GC B cells	H2AC21	Immune	Markers
GC B cells	GRAP	Immune	Markers
GC B cells	CAMLG	Immune	Markers
GC B cells	PELI1	Immune	Markers
GC B cells	SIPA1	Immune	Markers
GC B cells	RANBP2	Immune	Markers
GC B cells	FAM126A	Immune	Markers
GC B cells	SHOC2	Immune	Markers
GC B cells	ZSCAN16-AS1	Immune	Markers
GC B cells	SYT11	Immune	Markers
GC B cells	MYEF2	Immune	Markers
GC B cells	FBXO30	Immune	Markers
GC B cells	PLK4	Immune	Markers
GC B cells	MTHFD2	Immune	Markers
GC B cells	IKZF1	Immune	Markers
GC B cells	USP37	Immune	Markers
GC B cells	RPS15A	Immune	Markers
GC B cells	CBFA2T3	Immune	Markers
GC B cells	CCDC152	Immune	Markers
GC B cells	SLC25A4	Immune	Markers
GC B cells	TXLNB	Immune	Markers
GC B cells	HSPE1	Immune	Markers
GC B cells	RPS19	Immune	Markers
GC B cells	TNFAIP8	Immune	Markers
GC B cells	SRI	Immune	Markers
GC B cells	SERTAD2	Immune	Markers
GC B cells	SNHG19	Immune	Markers
GC B cells	ELP5	Immune	Markers
GC B cells	MYH9	Immune	Markers
GC B cells	PPDPF	Immune	Markers
Plasma L 1	IGLC3	Immune	Markers
Plasma L 1	IGLC2	Immune	Markers
Plasma L 1	IGLL5	Immune	Markers
Plasma L 1	IGLC7	Immune	Markers
Plasma L 1	JCHAIN	Immune	Markers
Plasma L 1	IGLV2-14	Immune	Markers
Plasma L 1	IGHA1	Immune	Markers
Plasma L 1	SSR4	Immune	Markers
Plasma L 1	IGHG1	Immune	Markers
Plasma L 1	MZB1	Immune	Markers
Plasma L 1	IGHG2	Immune	Markers
Plasma L 1	IGHGP	Immune	Markers
Plasma L 1	IGHM	Immune	Markers
Plasma L 1	IGLV2-8	Immune	Markers
Plasma L 1	SEC11C	Immune	Markers
Plasma L 1	IGHA2	Immune	Markers
Plasma L 1	FKBP11	Immune	Markers
Plasma L 1	FKBP2	Immune	Markers
Plasma L 1	HSP90B1	Immune	Markers
Plasma L 1	TNFRSF17	Immune	Markers
Plasma L 1	DERL3	Immune	Markers
Plasma L 1	HERPUD1	Immune	Markers
Plasma L 1	IGLC6	Immune	Markers
Plasma L 1	JUN	Immune	Markers
Plasma L 1	SSR3	Immune	Markers
Plasma L 1	PRDX4	Immune	Markers
Plasma L 1	IGHG3	Immune	Markers
Plasma L 1	SPCS1	Immune	Markers
Plasma L 1	SDF2L1	Immune	Markers
Plasma L 1	DUSP5	Immune	Markers
Plasma L 1	UBE2J1	Immune	Markers
Plasma L 1	MANF	Immune	Markers
Plasma L 1	SPCS2	Immune	Markers
Plasma L 1	SEC61B	Immune	Markers
Plasma L 1	PDIA6	Immune	Markers
Plasma L 1	HSPA5	Immune	Markers
Plasma L 1	IGLV3-1	Immune	Markers
Plasma L 1	TENT5C	Immune	Markers
Plasma L 1	PDIA4	Immune	Markers
Plasma L 1	PPIB	Immune	Markers
Plasma L 1	SPCS3	Immune	Markers
Plasma L 1	ITM2C	Immune	Markers
Plasma L 1	CD79A	Immune	Markers
Plasma L 1	CRELD2	Immune	Markers
Plasma L 1	CD27	Immune	Markers
Plasma L 1	NUCB2	Immune	Markers
Plasma L 1	SELENOM	Immune	Markers
Plasma L 1	RAB30	Immune	Markers
Plasma L 1	SEL1L	Immune	Markers
Plasma L 1	ERLEC1	Immune	Markers
Plasma L 1	ISG20	Immune	Markers
Plasma L 1	PRDM1	Immune	Markers
Plasma L 1	PABPC4	Immune	Markers
Plasma L 1	SLAMF7	Immune	Markers
Plasma L 1	LMAN1	Immune	Markers
Plasma L 1	ANKRD37	Immune	Markers
Plasma L 1	H1-10	Immune	Markers
Plasma L 1	UBC	Immune	Markers
Plasma L 1	POU2AF1	Immune	Markers
Plasma L 1	RPN2	Immune	Markers
Plasma L 1	HSPA1B	Immune	Markers
Plasma L 1	TRIB1	Immune	Markers
Plasma L 1	KCNQ1OT1	Immune	Markers
Plasma L 1	TRAM1	Immune	Markers
Plasma L 1	SDC1	Immune	Markers
Plasma L 1	ANKRD28	Immune	Markers
Plasma L 1	SERP1	Immune	Markers
Plasma L 1	PIM2	Immune	Markers
Plasma L 1	CREB3L2	Immune	Markers
Plasma L 1	SUB1	Immune	Markers
Plasma L 1	TXNDC15	Immune	Markers
Plasma L 1	IER2	Immune	Markers
Plasma L 1	H2BC8	Immune	Markers
Plasma L 1	GNG7	Immune	Markers
Plasma L 1	JSRP1	Immune	Markers
Plasma L 1	OSTC	Immune	Markers
Plasma L 1	SPINK2	Immune	Markers
Plasma L 1	TXNDC11	Immune	Markers
Plasma L 1	SPAG4	Immune	Markers
Plasma L 1	FNDC3B	Immune	Markers
Plasma L 1	MIR29B2CHG	Immune	Markers
Plasma L 1	BTG2	Immune	Markers
Plasma L 1	EGR1	Immune	Markers
Plasma L 1	FBXW7	Immune	Markers
Plasma L 1	FCRL5	Immune	Markers
Plasma L 1	MANEA	Immune	Markers
Plasma L 1	CD38	Immune	Markers
Plasma L 1	MEI1	Immune	Markers
Plasma L 1	ITGA6	Immune	Markers
Plasma L 1	ICAM2	Immune	Markers
Plasma L 1	SELENOK	Immune	Markers
Plasma L 1	SEL1L3	Immune	Markers
Plasma L 1	NR4A1	Immune	Markers
Plasma L 1	BST2	Immune	Markers
Plasma L 1	DPP7	Immune	Markers
Plasma L 1	LGALS1	Immune	Markers
Plasma L 1	ATF5	Immune	Markers
Plasma L 1	HSPA13	Immune	Markers
Plasma L 1	NEAT1	Immune	Markers
Plasma L 1	ELL2	Immune	Markers
Plasma L 1	FOSB	Immune	Markers
Plasma L 1	TMEM107	Immune	Markers
Plasma L 1	ISG15	Immune	Markers
Plasma L 1	FOS	Immune	Markers
Plasma L 1	FAM30A	Immune	Markers
Plasma L 2	IGLC2	Immune	Markers
Plasma L 2	IGLC3	Immune	Markers
Plasma L 2	IGHG1	Immune	Markers
Plasma L 2	IGLC7	Immune	Markers
Plasma L 2	IGHA2	Immune	Markers
Plasma L 2	MZB1	Immune	Markers
Plasma L 2	IGHM	Immune	Markers
Plasma L 2	IGHA1	Immune	Markers
Plasma L 2	IGHG2	Immune	Markers
Plasma L 2	IGLV2-14	Immune	Markers
Plasma L 2	IGHG4	Immune	Markers
Plasma L 2	SSR4	Immune	Markers
Plasma L 2	IGLV1-44	Immune	Markers
Plasma L 2	DERL3	Immune	Markers
Plasma L 2	IGHGP	Immune	Markers
Plasma L 2	PRDX4	Immune	Markers
Plasma L 2	FKBP11	Immune	Markers
Plasma L 2	SEC11C	Immune	Markers
Plasma L 2	HERPUD1	Immune	Markers
Plasma L 2	JCHAIN	Immune	Markers
Plasma L 2	HSP90B1	Immune	Markers
Plasma L 2	IGHG3	Immune	Markers
Plasma L 2	FKBP2	Immune	Markers
Plasma L 2	SDF2L1	Immune	Markers
Plasma L 2	SSR3	Immune	Markers
Plasma L 2	IGLV3-1	Immune	Markers
Plasma L 2	LMAN1	Immune	Markers
Plasma L 2	MANF	Immune	Markers
Plasma L 2	ITM2C	Immune	Markers
Plasma L 2	ERLEC1	Immune	Markers
Plasma L 2	CD79A	Immune	Markers
Plasma L 2	PIM2	Immune	Markers
Plasma L 2	SPCS3	Immune	Markers
Plasma L 2	IGLL5	Immune	Markers
Plasma L 2	UBE2J1	Immune	Markers
Plasma L 2	SPCS1	Immune	Markers
Plasma L 2	TNFRSF17	Immune	Markers
Plasma L 2	IGLC6	Immune	Markers
Plasma L 2	IGHV3-23	Immune	Markers
Plasma L 2	SEL1L	Immune	Markers
Plasma L 2	JSRP1	Immune	Markers
Plasma L 2	TP53INP1	Immune	Markers
Plasma L 2	NUCB2	Immune	Markers
Plasma L 2	TENT5C	Immune	Markers
Plasma L 2	TRIB1	Immune	Markers
Plasma L 2	CRELD2	Immune	Markers
Plasma L 2	HSPA5	Immune	Markers
Plasma L 2	PDIA4	Immune	Markers
Plasma L 2	PPIB	Immune	Markers
Plasma L 2	SLAMF7	Immune	Markers
Plasma L 2	SPCS2	Immune	Markers
Plasma L 2	JUN	Immune	Markers
Plasma L 2	RAB30	Immune	Markers
Plasma L 2	SDC1	Immune	Markers
Plasma L 2	TXNDC15	Immune	Markers
Plasma L 2	SELENOM	Immune	Markers
Plasma L 2	POU2AF1	Immune	Markers
Plasma L 2	RPN2	Immune	Markers
Plasma L 2	CD27	Immune	Markers
Plasma L 2	SEC61B	Immune	Markers
Plasma L 2	H1-2	Immune	Markers
Plasma L 2	PDIA6	Immune	Markers
Plasma L 2	DUSP5	Immune	Markers
Plasma L 2	BTG2	Immune	Markers
Plasma L 2	TXNDC11	Immune	Markers
Plasma L 2	H2BC8	Immune	Markers
Plasma L 2	CD38	Immune	Markers
Plasma L 2	ITGA6	Immune	Markers
Plasma L 2	FAM30A	Immune	Markers
Plasma L 2	PRDM1	Immune	Markers
Plasma L 2	FNDC3B	Immune	Markers
Plasma L 2	HSPA6	Immune	Markers
Plasma L 2	TRAM1	Immune	Markers
Plasma L 2	SPAG4	Immune	Markers
Plasma L 2	CREB3L2	Immune	Markers
Plasma L 2	ST6GAL1	Immune	Markers
Plasma L 2	SEL1L3	Immune	Markers
Plasma L 2	FCRL5	Immune	Markers
Plasma L 2	CPEB4	Immune	Markers
Plasma L 2	ANKRD28	Immune	Markers
Plasma L 2	OSTC	Immune	Markers
Plasma K 1	IGKC	Immune	Markers
Plasma K 1	JCHAIN	Immune	Markers
Plasma K 1	IGHA2	Immune	Markers
Plasma K 1	IGHA1	Immune	Markers
Plasma K 1	IGKJ5	Immune	Markers
Plasma K 1	TNFRSF17	Immune	Markers
Plasma K 1	SSR4	Immune	Markers
Plasma K 1	IGKV3-20	Immune	Markers
Plasma K 1	MZB1	Immune	Markers
Plasma K 1	SEC11C	Immune	Markers
Plasma K 1	DERL3	Immune	Markers
Plasma K 1	FKBP11	Immune	Markers
Plasma K 1	FKBP2	Immune	Markers
Plasma K 1	HERPUD1	Immune	Markers
Plasma K 1	IGKV3-11	Immune	Markers
Plasma K 1	UBE2J1	Immune	Markers
Plasma K 1	HSP90B1	Immune	Markers
Plasma K 1	IGKV4-1	Immune	Markers
Plasma K 1	SPCS2	Immune	Markers
Plasma K 1	JUN	Immune	Markers
Plasma K 1	IGHV3-23	Immune	Markers
Plasma K 1	DUSP5	Immune	Markers
Plasma K 1	SPCS1	Immune	Markers
Plasma K 1	SEC61B	Immune	Markers
Plasma K 1	SDF2L1	Immune	Markers
Plasma K 1	SSR3	Immune	Markers
Plasma K 1	PRDX4	Immune	Markers
Plasma K 1	RAB30	Immune	Markers
Plasma K 1	H1-10	Immune	Markers
Plasma K 1	TENT5C	Immune	Markers
Plasma K 1	SDC1	Immune	Markers
Plasma K 1	MANF	Immune	Markers
Plasma K 1	MIR29B2CHG	Immune	Markers
Plasma K 1	SPCS3	Immune	Markers
Plasma K 1	PABPC4	Immune	Markers
Plasma K 1	PDIA6	Immune	Markers
Plasma K 1	PDIA4	Immune	Markers
Plasma K 1	POU2AF1	Immune	Markers
Plasma K 1	ANKRD28	Immune	Markers
Plasma K 1	SEL1L	Immune	Markers
Plasma K 1	GNG7	Immune	Markers
Plasma K 1	PIM2	Immune	Markers
Plasma K 1	CRELD2	Immune	Markers
Plasma K 1	PRDM1	Immune	Markers
Plasma K 1	SELENOM	Immune	Markers
Plasma K 1	NUCB2	Immune	Markers
Plasma K 1	ANKRD37	Immune	Markers
Plasma K 2	IGKC	Immune	Markers
Plasma K 2	IGHG1	Immune	Markers
Plasma K 2	IGHA2	Immune	Markers
Plasma K 2	IGHG4	Immune	Markers
Plasma K 2	IGHM	Immune	Markers
Plasma K 2	IGHG2	Immune	Markers
Plasma K 2	IGHA1	Immune	Markers
Plasma K 2	MZB1	Immune	Markers
Plasma K 2	IGKV4-1	Immune	Markers
Plasma K 2	IGKV3-11	Immune	Markers
Plasma K 2	SSR4	Immune	Markers
Plasma K 2	IGKV3-20	Immune	Markers
Plasma K 2	DERL3	Immune	Markers
Plasma K 2	IGKJ5	Immune	Markers
Plasma K 2	IGKV1-5	Immune	Markers
Plasma K 2	IGLV3-1	Immune	Markers
Plasma K 2	JCHAIN	Immune	Markers
Plasma K 2	PRDX4	Immune	Markers
Plasma K 2	SEC11C	Immune	Markers
Plasma K 2	HERPUD1	Immune	Markers
Plasma K 2	FKBP11	Immune	Markers
Plasma K 2	IGHGP	Immune	Markers
Plasma K 2	HSP90B1	Immune	Markers
Plasma K 2	FKBP2	Immune	Markers
Plasma K 2	SDF2L1	Immune	Markers
Plasma K 2	PIM2	Immune	Markers
Plasma K 2	SSR3	Immune	Markers
Plasma K 2	TNFRSF17	Immune	Markers
Plasma K 2	SPCS3	Immune	Markers
Plasma K 2	JUN	Immune	Markers
Plasma K 2	LMAN1	Immune	Markers
Plasma K 2	JSRP1	Immune	Markers
Plasma K 2	IGHV3-23	Immune	Markers
Plasma K 2	UBE2J1	Immune	Markers
Plasma K 2	MANF	Immune	Markers
Plasma K 2	ITM2C	Immune	Markers
Plasma K 2	BTG2	Immune	Markers
Plasma K 2	DUSP5	Immune	Markers
Plasma K 2	ERLEC1	Immune	Markers
Plasma K 2	TP53INP1	Immune	Markers
Plasma K 2	SPCS1	Immune	Markers
Plasma K 2	SDC1	Immune	Markers
Plasma K 2	SEL1L	Immune	Markers
Plasma K 2	IGHG3	Immune	Markers
Plasma K 2	CRELD2	Immune	Markers
Plasma K 2	POU2AF1	Immune	Markers
Plasma K 2	TENT5C	Immune	Markers
Plasma K 2	SPCS2	Immune	Markers
Plasma K 2	TRIB1	Immune	Markers
Plasma K 2	H1-2	Immune	Markers
Plasma K 2	RAB30	Immune	Markers
Plasma K 2	H2BC8	Immune	Markers
Plasma K 2	CD79A	Immune	Markers
Plasma K 2	SLAMF7	Immune	Markers
Plasma K 2	HSPA5	Immune	Markers
Plasma K 2	NUCB2	Immune	Markers
Plasma K 2	ITGA6	Immune	Markers
Plasma K 2	TXNDC15	Immune	Markers
Plasma K 2	PDIA4	Immune	Markers
Plasma K 2	PDIA6	Immune	Markers
Plasma K 2	SPAG4	Immune	Markers
Plasma K 2	SEC61B	Immune	Markers
Plasma K 2	FCRL5	Immune	Markers
Plasma K 2	CD38	Immune	Markers
Plasma K 2	SELENOM	Immune	Markers
Plasma K 2	TXNDC11	Immune	Markers
Plasma K 2	CPEB4	Immune	Markers
Plasma K 2	PRDM1	Immune	Markers
Plasma K 2	CREB3L2	Immune	Markers
Plasma K 2	RPN2	Immune	Markers
Plasma K 2	FBXW7	Immune	Markers
Plasma K 2	ANKRD28	Immune	Markers
Plasma K 3	IGHG3	Immune	Markers
Plasma K 3	IGHG2	Immune	Markers
Plasma K 3	IGHGP	Immune	Markers
Plasma K 3	IGKC	Immune	Markers
Plasma K 3	IGHG1	Immune	Markers
Plasma K 3	IGHM	Immune	Markers
Plasma K 3	IGHG4	Immune	Markers
Plasma K 3	JCHAIN	Immune	Markers
Plasma K 3	IGHA1	Immune	Markers
Plasma K 3	SSR4	Immune	Markers
Plasma K 3	IGKV3-20	Immune	Markers
Plasma K 3	MZB1	Immune	Markers
Plasma K 3	IGKV4-1	Immune	Markers
Plasma K 3	IGKJ5	Immune	Markers
Plasma K 3	IGKV3-11	Immune	Markers
Plasma K 3	FKBP11	Immune	Markers
Plasma K 3	ISG15	Immune	Markers
Plasma K 3	IGLV3-1	Immune	Markers
Plasma K 3	SEC11C	Immune	Markers
Plasma K 3	TNFRSF17	Immune	Markers
Plasma K 3	SSR3	Immune	Markers
Plasma K 3	PRDX4	Immune	Markers
Plasma K 3	IGHV3-23	Immune	Markers
Plasma K 3	ISG20	Immune	Markers
Plasma K 3	DUSP5	Immune	Markers
Plasma K 3	FKBP2	Immune	Markers
Plasma K 3	HSP90B1	Immune	Markers
Plasma K 3	HERPUD1	Immune	Markers
Plasma K 3	UBE2J1	Immune	Markers
Plasma K 3	JUN	Immune	Markers
Plasma K 3	ANKRD28	Immune	Markers
Plasma K 3	SPCS2	Immune	Markers
Plasma K 3	DERL3	Immune	Markers
Plasma K 3	ITM2C	Immune	Markers
Plasma K 3	SEC61B	Immune	Markers
Plasma K 3	SDF2L1	Immune	Markers
Plasma K 3	TENT5C	Immune	Markers
Plasma K 3	RAB30	Immune	Markers
Plasma K 3	UBC	Immune	Markers
Plasma K 3	POU2AF1	Immune	Markers
Plasma K 3	PDIA6	Immune	Markers
Plasma K 3	SPCS1	Immune	Markers
Plasma K 3	JSRP1	Immune	Markers
Plasma K 3	CD27	Immune	Markers
Plasma K 3	CREB3L2	Immune	Markers
Plasma K 3	PIM2	Immune	Markers
Plasma K 3	H1-10	Immune	Markers
Plasma K 3	SPCS3	Immune	Markers
Plasma K 3	BST2	Immune	Markers
Plasma K 3	PRDM1	Immune	Markers
Plasma K 3	ANKRD37	Immune	Markers
Plasma K 3	IFI6	Immune	Markers
Plasma K 3	NUCB2	Immune	Markers
Plasma K 3	CD38	Immune	Markers
Plasma K 3	NEAT1	Immune	Markers
Plasma K 3	TRAM1	Immune	Markers
Plasma K 3	PDIA4	Immune	Markers
Plasma K 3	SLAMF7	Immune	Markers
Plasma K 3	TRIB1	Immune	Markers
Plasma K 3	MANF	Immune	Markers
Plasma K 3	SDC1	Immune	Markers
Plasma K 3	IGHA2	Immune	Markers
Plasma K 3	CRELD2	Immune	Markers
Plasma K 3	SPAG4	Immune	Markers
Plasma K 3	CD79A	Immune	Markers
Plasma K 3	PPIB	Immune	Markers
Plasma K 3	RPN2	Immune	Markers
Plasma K 3	GNG7	Immune	Markers
Plasma K 3	ST6GAL1	Immune	Markers
Plasma K 3	SUB1	Immune	Markers
Plasma K 3	SELENOM	Immune	Markers
Plasma K 3	BCL2L11	Immune	Markers
Plasma K 3	SEL1L	Immune	Markers
Plasma K 3	IFI35	Immune	Markers
Plasma K 3	MANEA	Immune	Markers
Plasma K 3	ERLEC1	Immune	Markers
Plasma K 3	MIR29B2CHG	Immune	Markers
Plasma K 3	ELL2	Immune	Markers
Plasma K 3	LMAN1	Immune	Markers
Plasma K 3	BTG2	Immune	Markers
Plasma K 3	FAM30A	Immune	Markers
Plasma K 3	TXNDC15	Immune	Markers
Plasma K 3	FBXW7	Immune	Markers
Plasma K 3	FNDC3B	Immune	Markers
Plasma K 3	TXNDC11	Immune	Markers
Plasma K 3	SQSTM1	Immune	Markers
Plasma K 3	TP53INP1	Immune	Markers
Plasma K 3	UBALD2	Immune	Markers
Plasma K 3	PABPC4	Immune	Markers
Plasma K 3	FCRL5	Immune	Markers
Plasma K 3	H2BC8	Immune	Markers
Plasma K 3	TSC22D3	Immune	Markers
Plasma K 4	IGHM	Immune	Markers
Plasma K 4	JUN	Immune	Markers
Plasma K 4	IGKC	Immune	Markers
Plasma K 4	IGHA1	Immune	Markers
Plasma K 4	PIGR	Immune	Markers
Plasma K 4	HSPA1B	Immune	Markers
Plasma K 4	JCHAIN	Immune	Markers
Plasma K 4	IGKJ5	Immune	Markers
Plasma K 4	IGHV3-23	Immune	Markers
Plasma K 4	KCNQ1OT1	Immune	Markers
Plasma K 4	PHGR1	Immune	Markers
Plasma K 4	IGKV4-1	Immune	Markers
Plasma K 4	IGKV3-20	Immune	Markers
Plasma K 4	PPP1R15A	Immune	Markers
Plasma K 4	MZB1	Immune	Markers
Plasma K 4	HSP90B1	Immune	Markers
Plasma K 4	HSPA1A	Immune	Markers
Plasma K 4	SSR4	Immune	Markers
Plasma K 4	IER2	Immune	Markers
Plasma K 4	IGLL5	Immune	Markers
Plasma K 4	DUSP5	Immune	Markers
Plasma K 4	ZG16	Immune	Markers
Plasma K 4	TENT5C	Immune	Markers
Plasma K 4	ANKRD37	Immune	Markers
Plasma K 4	KRT18	Immune	Markers
Plasma K 4	PABPC4	Immune	Markers
Plasma K 4	LGALS4	Immune	Markers
Plasma K 4	KRT8	Immune	Markers
Plasma K 4	FKBP2	Immune	Markers
Plasma K 4	NR4A1	Immune	Markers
Plasma K 4	EGR1	Immune	Markers
Plasma K 4	SLAMF7	Immune	Markers
Plasma K 4	JSRP1	Immune	Markers
Plasma K 4	HERPUD1	Immune	Markers
Plasma K 4	HSP90AA1	Immune	Markers
Plasma K 4	UBE2J1	Immune	Markers
Plasma K 4	BTG2	Immune	Markers
Plasma K 4	HEXIM1	Immune	Markers
Plasma K 4	SDF2L1	Immune	Markers
Plasma K 4	H1-10	Immune	Markers
Plasma K 4	HSPA6	Immune	Markers
Plasma K 4	SEC11C	Immune	Markers
Plasma K 4	TNFRSF17	Immune	Markers
Plasma K 4	SOX4	Immune	Markers
Plasma K 4	CLDN3	Immune	Markers
Plasma K 4	PDIA4	Immune	Markers
Plasma K 4	H2BC8	Immune	Markers
Plasma K 4	MT1G	Immune	Markers
Plasma K 4	FKBP11	Immune	Markers
Plasma K 4	CLDN4	Immune	Markers
Plasma K 4	NRARP	Immune	Markers
Plasma K 4	PPP1R10	Immune	Markers
Plasma K 4	TSPAN8	Immune	Markers
Plasma K 4	ANKRD28	Immune	Markers
Plasma K 4	PDIA6	Immune	Markers
Plasma K 4	ELF3	Immune	Markers
Plasma K 4	SQSTM1	Immune	Markers
Plasma K 4	IFI27	Immune	Markers
Plasma K 4	SDC1	Immune	Markers
Plasma K 4	TFF3	Immune	Markers
Plasma K 5	JCHAIN	Immune	Markers
Plasma K 5	IGHV3-7	Immune	Markers
Plasma K 5	IGKC	Immune	Markers
Plasma K 5	IGHA1	Immune	Markers
Plasma K 5	TNFRSF17	Immune	Markers
Plasma K 5	IGHA2	Immune	Markers
Plasma K 5	SEC11C	Immune	Markers
Plasma K 5	MZB1	Immune	Markers
Plasma K 5	IGLL5	Immune	Markers
Plasma K 5	SSR4	Immune	Markers
Plasma K 5	DERL3	Immune	Markers
Plasma K 5	HSP90B1	Immune	Markers
Plasma K 5	FKBP2	Immune	Markers
Plasma K 5	IGKJ5	Immune	Markers
Plasma K 5	SPINK2	Immune	Markers
Plasma K 5	SSR3	Immune	Markers
Plasma K 5	FKBP11	Immune	Markers
Plasma K 5	UBE2J1	Immune	Markers
Plasma K 5	IGKV4-1	Immune	Markers
Plasma K 5	MANF	Immune	Markers
Plasma K 5	SPCS2	Immune	Markers
Plasma K 5	HERPUD1	Immune	Markers
Plasma K 5	PRDX4	Immune	Markers
Plasma K 5	PDIA6	Immune	Markers
Plasma K 5	IGHV3-23	Immune	Markers
Plasma K 5	SDF2L1	Immune	Markers
Plasma K 5	IGLC2	Immune	Markers
Plasma K 5	PABPC4	Immune	Markers
Plasma K 5	SPCS1	Immune	Markers
Plasma K 5	IGKV3-20	Immune	Markers
Plasma K 5	SELENOM	Immune	Markers
Plasma K 5	PPIB	Immune	Markers
Plasma K 5	SEC61B	Immune	Markers
Plasma K 5	SPCS3	Immune	Markers
Plasma K 5	NUCB2	Immune	Markers
Plasma K 5	PDIA4	Immune	Markers
Plasma K 5	TRAM1	Immune	Markers
Plasma K 5	CREB3L2	Immune	Markers
Plasma K 5	HSPA5	Immune	Markers
Plasma K 5	SEL1L	Immune	Markers
Plasma K 5	CRELD2	Immune	Markers
Plasma K 5	LMAN1	Immune	Markers
Plasma K 5	ERLEC1	Immune	Markers
Plasma K 5	TENT5C	Immune	Markers
Plasma K 5	PHGR1	Immune	Markers
Plasma K 5	POU2AF1	Immune	Markers
Plasma K 5	RAB30	Immune	Markers
Plasma K 5	EVI2B	Immune	Markers
Plasma K 5	CD27	Immune	Markers
Plasma K 5	SLAMF7	Immune	Markers
Plasma K 5	SERP1	Immune	Markers
Plasma K 5	PRDM1	Immune	Markers
Plasma K 5	IGLC3	Immune	Markers
Plasma K 5	H1-10	Immune	Markers
Plasma K 5	ISG20	Immune	Markers
Plasma K 5	IGLV3-1	Immune	Markers
Plasma K 5	CD79A	Immune	Markers
Plasma K 5	FCRL5	Immune	Markers
Plasma K 5	ATF5	Immune	Markers
Plasma K 5	JUN	Immune	Markers
Plasma K 5	GNG7	Immune	Markers
Plasma K 5	OSTC	Immune	Markers
Plasma K 5	RPN2	Immune	Markers
Plasma K 5	SDC1	Immune	Markers
Plasma K 5	ZG16	Immune	Markers
Plasma K 5	IRF4	Immune	Markers
Plasma K 5	MEI1	Immune	Markers
Plasma K 5	TXNDC15	Immune	Markers
Plasma K 5	FNDC3B	Immune	Markers
Plasma K 5	FAM30A	Immune	Markers
Plasma K 5	FABP1	Immune	Markers
Plasma K 5	LMO4	Immune	Markers
Plasma K 5	MANEA	Immune	Markers
Plasma K 5	TRIB1	Immune	Markers
Plasma K 5	SUB1	Immune	Markers
Plasma K 5	INSR	Immune	Markers
Plasma K 5	DUSP5	Immune	Markers
Plasma K 5	FBXW7	Immune	Markers
Plasma K 5	TP53INP1	Immune	Markers
Plasma K 5	SPAG4	Immune	Markers
Plasma K 5	GSTP1	Immune	Markers
Plasma K 5	PIM2	Immune	Markers
Plasma K 5	IGF1	Immune	Markers
Plasma K 5	HSPA13	Immune	Markers
Plasma K 5	ANKRD37	Immune	Markers
Plasma K 5	ICAM2	Immune	Markers
Plasma K 5	TXNDC11	Immune	Markers
Plasma K 5	MIR29B2CHG	Immune	Markers
Plasma K 5	HAX1	Immune	Markers
Plasma K 5	MTDH	Immune	Markers
Plasma K 5	BHLHE41	Immune	Markers
Plasma K 6	IGHA2	Immune	Markers
Plasma K 6	IGKC	Immune	Markers
Plasma K 6	JCHAIN	Immune	Markers
Plasma K 6	IGHA1	Immune	Markers
Plasma K 6	SSR4	Immune	Markers
Plasma K 6	TNFRSF17	Immune	Markers
Plasma K 6	DERL3	Immune	Markers
Plasma K 6	IGKV3-20	Immune	Markers
Plasma K 6	MZB1	Immune	Markers
Plasma K 6	IGKV4-1	Immune	Markers
Plasma K 6	FKBP11	Immune	Markers
Plasma K 6	IGLL5	Immune	Markers
Plasma K 6	IGHV3-23	Immune	Markers
Plasma K 6	IGKJ5	Immune	Markers
Plasma K 6	PRDM1	Immune	Markers
Plasma K 6	SEC11C	Immune	Markers
Plasma K 6	MIR29B2CHG	Immune	Markers
Plasma K 6	SDC1	Immune	Markers
Plasma K 6	SPCS2	Immune	Markers
Plasma K 6	UBE2J1	Immune	Markers
Plasma K 6	SDF2L1	Immune	Markers
Plasma K 6	PIM2	Immune	Markers
Plasma K 6	FKBP2	Immune	Markers
Plasma K 6	IGLV3-1	Immune	Markers
Plasma K 6	HERPUD1	Immune	Markers
Plasma K 6	TENT5C	Immune	Markers
Plasma K 7	IGHG4	Immune	Markers
Plasma K 7	H4C3	Immune	Markers
Plasma K 7	IGHG2	Immune	Markers
Plasma K 7	MZB1	Immune	Markers
Plasma K 7	PPIB	Immune	Markers
Plasma K 7	HSP90B1	Immune	Markers
Plasma K 7	SUB1	Immune	Markers
Plasma K 7	SDF2L1	Immune	Markers
Plasma K 7	SEC61B	Immune	Markers
Plasma K 7	SSR3	Immune	Markers
Plasma K 7	HMGB2	Immune	Markers
Plasma K 7	SEC11C	Immune	Markers
Plasma K 7	MTDH	Immune	Markers
Plasma K 7	LMAN1	Immune	Markers
Plasma K 7	PDIA6	Immune	Markers
Plasma K 7	TUBA1B	Immune	Markers
Plasma K 7	SPCS3	Immune	Markers
Plasma K 7	MKI67	Immune	Markers
Plasma K 7	H2AZ1	Immune	Markers
Plasma K 7	GAPDH	Immune	Markers
Plasma K 7	MANF	Immune	Markers
Plasma K 7	IGHM	Immune	Markers
Plasma K 7	FKBP11	Immune	Markers
Plasma K 7	UQCRH	Immune	Markers
Plasma K 7	PDIA4	Immune	Markers
Plasma K 7	RAN	Immune	Markers
Plasma K 7	UBE2J1	Immune	Markers
Plasma K 7	OSTC	Immune	Markers
Plasma K 7	HMGB1	Immune	Markers
Plasma K 7	RPL22L1	Immune	Markers
Plasma K 7	RPN2	Immune	Markers
Plasma K 7	SMC4	Immune	Markers
Plasma K 7	CRELD2	Immune	Markers
Plasma K 7	MYBL2	Immune	Markers
Plasma K 7	TOP2A	Immune	Markers
Plasma K 7	IGLC3	Immune	Markers
Plasma K 7	ATP5MC1	Immune	Markers
Plasma K 7	SPCS1	Immune	Markers
Plasma K 7	H1-2	Immune	Markers
Plasma K 7	PTTG1	Immune	Markers
Plasma K 7	TYMS	Immune	Markers
Plasma K 7	ITM2C	Immune	Markers
Plasma K 7	CD38	Immune	Markers
Plasma K 7	NUSAP1	Immune	Markers
Plasma K 7	RANBP1	Immune	Markers
Plasma K 7	SPCS2	Immune	Markers
Plasma K 7	ISG20	Immune	Markers
Plasma K 7	IGHG1	Immune	Markers
Plasma K 7	POU2AF1	Immune	Markers
Plasma K 7	DUT	Immune	Markers
Plasma K 7	CCND2	Immune	Markers
Plasma K 7	GGH	Immune	Markers
Plasma K 7	HSPA5	Immune	Markers
Plasma K 7	C1QBP	Immune	Markers
Plasma K 7	FKBP2	Immune	Markers
Plasma K 7	TXN	Immune	Markers
Plasma K 7	GSTP1	Immune	Markers
Plasma K 7	SHCBP1	Immune	Markers
Plasma K 7	PRDX4	Immune	Markers
Plasma K 7	RPL7A	Immune	Markers
Plasma K 7	ANP32B	Immune	Markers
Plasma K 7	ASPM	Immune	Markers
Plasma K 7	PRDM1	Immune	Markers
Plasma K 7	CENPF	Immune	Markers
Plasma K 7	MAD2L1	Immune	Markers
Plasma K 7	CCDC167	Immune	Markers
Plasma K 7	ERLEC1	Immune	Markers
Plasma K 7	CD320	Immune	Markers
Plasma K 7	BIRC5	Immune	Markers
Plasma K 7	CD27	Immune	Markers
Plasma K 7	NDUFA4	Immune	Markers
Plasma K 7	SLC25A5	Immune	Markers
Plasma K 7	TNFRSF17	Immune	Markers
Plasma K 7	EIF2S2	Immune	Markers
Plasma K 7	RPLP0	Immune	Markers
Plasma K 7	CTSH	Immune	Markers
Plasma K 7	H1-3	Immune	Markers
Plasma K 7	FAM30A	Immune	Markers
Plasma K 7	HMGB3	Immune	Markers
Plasma K 7	HMMR	Immune	Markers
Plasma K 7	LDHA	Immune	Markers
Plasma K 7	LSM5	Immune	Markers
Plasma K 7	CENPE	Immune	Markers
Plasma K 7	DDX39A	Immune	Markers
Plasma K 7	IGLC2	Immune	Markers
Plasma K 7	LDHB	Immune	Markers
Plasma K 7	HMGA1	Immune	Markers
Plasma K 7	YBX1	Immune	Markers
Plasma K 7	RPS2	Immune	Markers
Plasma K 7	SMC2	Immune	Markers
Plasma K 7	TENT5C	Immune	Markers
Plasma K 7	PCNA	Immune	Markers
Plasma K 7	PPA1	Immune	Markers
Plasma K 7	MLEC	Immune	Markers
Plasma K 7	GTF3A	Immune	Markers
Plasma K 7	RPA3	Immune	Markers
Plasma K 7	TRAM1	Immune	Markers
Plasma K 7	H1-5	Immune	Markers
Plasma K 7	TPX2	Immune	Markers
Plasma K 7	CD79A	Immune	Markers
Plasma K 7	SNRNP25	Immune	Markers
Plasma K 7	DERL3	Immune	Markers
Plasma K 7	EDEM1	Immune	Markers
Plasma K 7	PRDX1	Immune	Markers
Plasma K 7	UBE2T	Immune	Markers
Plasma K 7	KIF20B	Immune	Markers
Plasma K 7	PARP1	Immune	Markers
Plasma K 7	SET	Immune	Markers
Plasma K 7	FDPS	Immune	Markers
Plasma K 7	DLGAP5	Immune	Markers
Plasma K 7	SERP1	Immune	Markers
Plasma K 7	ZWINT	Immune	Markers
Plasma K 7	ANP32E	Immune	Markers
Plasma K 7	PRDX5	Immune	Markers
Plasma K 7	LSP1	Immune	Markers
Plasma K 7	H2BC11	Immune	Markers
Plasma K 7	SKA2	Immune	Markers
Plasma K 7	UBE2C	Immune	Markers
Plasma K 7	TMPO	Immune	Markers
Plasma K 7	CCDC69	Immune	Markers
Plasma K 7	PIM2	Immune	Markers
Plasma K 7	IGKJ5	Immune	Markers
Plasma K 7	RPS18	Immune	Markers
Plasma K 7	NXPE3	Immune	Markers
Plasma K 7	H2AC20	Immune	Markers
Plasma K 7	NUCB2	Immune	Markers
Plasma K 7	BST2	Immune	Markers
Plasma K 7	BUB1	Immune	Markers
Plasma K 7	GTSE1	Immune	Markers
Plasma K 7	MCM3	Immune	Markers
Plasma K 7	KPNA2	Immune	Markers
Plasma K 7	CENPW	Immune	Markers
Plasma K 7	JPT1	Immune	Markers
Plasma K 7	TK1	Immune	Markers
Plasma K 7	TRAM2	Immune	Markers
Plasma K 7	ORAI2	Immune	Markers
Plasma K 7	RPS7	Immune	Markers
Plasma K 7	GADD45GIP1	Immune	Markers
Plasma K 7	NUF2	Immune	Markers
Plasma K 7	NUDT1	Immune	Markers
Plasma K 7	RPS5	Immune	Markers
Plasma K 7	TRIB1	Immune	Markers
Plasma K 7	ENO1	Immune	Markers
Plasma K 7	MAN1A1	Immune	Markers
Plasma K 7	GRK6	Immune	Markers
Plasma K 7	CKAP4	Immune	Markers
Plasma K 7	NASP	Immune	Markers
Plasma K 7	CLSPN	Immune	Markers
Plasma K 7	HELLS	Immune	Markers
Plasma K 7	CBX5	Immune	Markers
Plasma K 7	RPL4	Immune	Markers
Plasma K 7	PSMA7	Immune	Markers
Plasma K 7	CDKN3	Immune	Markers
Plasma K 7	CCNB2	Immune	Markers
Plasma K 7	CCDC50	Immune	Markers
Plasma K 7	LGALS1	Immune	Markers
Plasma K 7	UAP1	Immune	Markers
Plasma K 7	NHP2	Immune	Markers
Plasma K 7	RPS24	Immune	Markers
Plasma K 7	NCL	Immune	Markers
Plasma K 7	TXNDC15	Immune	Markers
Plasma K 7	PHGDH	Immune	Markers
Plasma K 7	UBALD2	Immune	Markers
Plasma K 7	TXNDC11	Immune	Markers
Plasma K 7	IGKV3-20	Immune	Markers
Plasma K 7	CKS2	Immune	Markers
Plasma K 7	CCNA2	Immune	Markers
Plasma K 7	CCNB1	Immune	Markers
Plasma K 7	RPS16	Immune	Markers
Plasma K 7	H1-4	Immune	Markers
Plasma K 7	H2AZ2	Immune	Markers
Plasma K 7	CENPM	Immune	Markers
Plasma K 7	RPS4X	Immune	Markers
Plasma K 7	CDC20	Immune	Markers
Plasma K 7	RPS8	Immune	Markers
Plasma K 7	HMGN3	Immune	Markers
Plasma K 7	MCM7	Immune	Markers
Plasma K 7	HSPD1	Immune	Markers
Plasma K 7	ITGB7	Immune	Markers
Plasma K 7	TPST2	Immune	Markers
Plasma K 7	CENPU	Immune	Markers
Plasma K 7	CCT2	Immune	Markers
Plasma K 7	CPEB4	Immune	Markers
Plasma K 7	SMC1A	Immune	Markers
Plasma K 7	CDK1	Immune	Markers
Plasma K 7	DTYMK	Immune	Markers
Plasma K 7	RAB30	Immune	Markers
Plasma K 7	RPL18A	Immune	Markers
Plasma K 7	HAX1	Immune	Markers
Plasma K 7	ELL2	Immune	Markers
Plasma K 7	PTMA	Immune	Markers
Plasma K 7	KIF11	Immune	Markers
Plasma K 7	AQP3	Immune	Markers
Plasma K 7	CEP55	Immune	Markers
Plasma K 7	GMNN	Immune	Markers
Plasma K 7	PLK1	Immune	Markers
Plasma K 7	CKS1B	Immune	Markers
Plasma K 7	IGKC	Immune	Markers
Plasma K 7	SNRPF	Immune	Markers
Plasma K 7	RAD21	Immune	Markers
Plasma K 7	PRKDC	Immune	Markers
Plasma K 7	H3C2	Immune	Markers
Plasma K 7	IFNAR2	Immune	Markers
Plasma K 7	HMGN1	Immune	Markers
Plasma K 7	SLAMF7	Immune	Markers
Plasma K 7	RPL5	Immune	Markers
Plasma K 7	CEP128	Immune	Markers
Plasma K 7	PPP1R14B	Immune	Markers
Plasma K 7	NDC80	Immune	Markers
Plasma K 7	HYOU1	Immune	Markers
Plasma K 7	ELOB	Immune	Markers
Plasma K 7	MCM5	Immune	Markers
Plasma K 7	DIAPH3	Immune	Markers
Plasma K 7	FOXM1	Immune	Markers
Plasma K 7	NPM1	Immune	Markers
Plasma K 7	ATAD5	Immune	Markers
Plasma K 7	FBL	Immune	Markers
Plasma K 7	CBX3	Immune	Markers
Plasma K 7	IKBIP	Immune	Markers
Plasma K 7	PEBP1	Immune	Markers
Plasma K 7	BUB3	Immune	Markers
Plasma K 7	H2AC12	Immune	Markers
Plasma K 7	GINS2	Immune	Markers
Plasma K 7	HMGN2	Immune	Markers
Plasma K 7	LAP3	Immune	Markers
Plasma K 7	HSPE1	Immune	Markers
Plasma K 7	PKM	Immune	Markers
Plasma K 7	NCAPG	Immune	Markers
Plasma K 7	EZH2	Immune	Markers
Plasma K 7	IGHV6-1	Immune	Markers
Plasma K 7	CD79B	Immune	Markers
Plasma K 7	RPL10A	Immune	Markers
Plasma K 7	RPS19	Immune	Markers
Plasma K 7	RPSA	Immune	Markers
Plasma K 7	IGHA1	Immune	Markers
Plasma K 7	BRI3BP	Immune	Markers
Plasma K 7	SEL1L3	Immune	Markers
Plasma K 7	PDLIM1	Immune	Markers
Plasma K 7	ASNS	Immune	Markers
Plasma K 7	CDK6	Immune	Markers
Plasma K 7	FBXO5	Immune	Markers
Plasma K 7	UQCRC1	Immune	Markers
Plasma K 7	ARPC2	Immune	Markers
Plasma K 7	IGKV4-1	Immune	Markers
Plasma K 7	H3C8	Immune	Markers
Plasma K 7	CXXC5	Immune	Markers
Plasma K 7	SLC25A4	Immune	Markers
Plasma K 7	ATP2A3	Immune	Markers
Plasma K 7	CIP2A	Immune	Markers
Plasma K 7	NUCKS1	Immune	Markers
Plasma K 7	RRM1	Immune	Markers
Plasma K 7	BASP1	Immune	Markers
Plasma K 7	COPS3	Immune	Markers
Plasma K 7	IRF4	Immune	Markers
Plasma K 7	MCM6	Immune	Markers
Plasma K 7	ANXA5	Immune	Markers
Plasma K 7	CDC25B	Immune	Markers
Plasma K 7	APOBEC3G	Immune	Markers
Plasma K 7	CMSS1	Immune	Markers
Plasma K 7	REXO2	Immune	Markers
Plasma K 7	MCM4	Immune	Markers
Plasma K 7	SMC3	Immune	Markers
Plasma K 7	DNAJC15	Immune	Markers
Plasma K 7	ATAD2	Immune	Markers
Plasma K 7	CENPN	Immune	Markers
Plasma K 7	LYAR	Immune	Markers
Plasma K 7	EEF1B2	Immune	Markers
Plasma K 7	RPL39L	Immune	Markers
Plasma K 7	FDX1	Immune	Markers
Plasma K 7	MAPKAPK2	Immune	Markers
Plasma K 7	NUP210	Immune	Markers
Plasma K 7	IGLV3-1	Immune	Markers
Plasma K 7	IGLV2-14	Immune	Markers
Plasma K 7	PBK	Immune	Markers
Plasma K 7	RAC2	Immune	Markers
Plasma K 7	ARHGAP11A	Immune	Markers
Plasma K 7	RACK1	Immune	Markers
Plasma K 7	SEL1L	Immune	Markers
Plasma K 7	RBM33	Immune	Markers
Plasma K 7	SEC14L1	Immune	Markers
Plasma K 7	DBF4	Immune	Markers
Plasma K 7	CORO1A	Immune	Markers
Plasma K 7	TRMT112	Immune	Markers
Plasma K 7	H2AC11	Immune	Markers
Plasma K 7	CENPK	Immune	Markers
Plasma K 7	CASP3	Immune	Markers
Plasma K 7	TTF2	Immune	Markers
Plasma K 7	HSPA13	Immune	Markers
Plasma K 7	E2F8	Immune	Markers
Plasma K 7	DYNC2I2	Immune	Markers
Plasma K 7	ACTG1	Immune	Markers
Plasma K 7	DNMT1	Immune	Markers
Plasma K 7	BHLHE41	Immune	Markers
Plasma K 7	CDCA2	Immune	Markers
Plasma K 7	SLC7A5	Immune	Markers
Plasma K 7	LBR	Immune	Markers
Plasma K 7	AURKB	Immune	Markers
Plasma K 7	SYK	Immune	Markers
Plasma K 7	BSG	Immune	Markers
Plasma K 7	STMN1	Immune	Markers
Plasma K 7	MEF2C	Immune	Markers
Plasma K 7	CHST2	Immune	Markers
Plasma K 7	RPL7	Immune	Markers
Plasma K 7	H2BC9	Immune	Markers
Plasma K 7	KIF23	Immune	Markers
Plasma K 7	PDIA3	Immune	Markers
Plasma K 7	PLCG2	Immune	Markers
Plasma K 7	LMNB1	Immune	Markers
Plasma K 7	RPL27	Immune	Markers
Plasma K 7	KCNK6	Immune	Markers
Plasma K 7	SDC1	Immune	Markers
Plasma K 7	SSR4	Immune	Markers
Plasma K 7	ATOX1	Immune	Markers
Plasma K 7	CSF2RB	Immune	Markers
Plasma K 7	AURKA	Immune	Markers
Plasma K 7	HERPUD1	Immune	Markers
Plasma K 7	NCOA3	Immune	Markers
Plasma K 7	RAD51AP1	Immune	Markers
Plasma K 7	LINC01480	Immune	Markers
Plasma K 7	RPL23	Immune	Markers
Plasma K 7	MTHFD2	Immune	Markers
Plasma K 7	ORC6	Immune	Markers
Plasma K 7	PARPBP	Immune	Markers
Plasma K 7	RPL6	Immune	Markers
Plasma K 7	SSB	Immune	Markers
Plasma K 7	USP1	Immune	Markers
Plasma K 7	UBE2S	Immune	Markers
Plasma K 7	CCDC85B	Immune	Markers
Plasma K 7	LMO4	Immune	Markers
Plasma K 7	RPL19	Immune	Markers
Plasma K 7	RPS9	Immune	Markers
Plasma K 7	CDT1	Immune	Markers
Plasma K 7	RPL36	Immune	Markers
Plasma K 7	SELENOK	Immune	Markers
Plasma K 7	ST6GAL1	Immune	Markers
Plasma K 7	CHST12	Immune	Markers
Plasma K 7	KIF14	Immune	Markers
Plasma K 7	NACA	Immune	Markers
Plasma K 7	LAX1	Immune	Markers
Plasma K 7	SGO2	Immune	Markers
Plasma K 7	ARID3A	Immune	Markers
Plasma K 7	FANCI	Immune	Markers
Plasma K 7	AKR1B1	Immune	Markers
Plasma K 7	MRPS6	Immune	Markers
Plasma K 7	ITPR2	Immune	Markers
Plasma K 7	NCAPH	Immune	Markers
Plasma K 7	ZBP1	Immune	Markers
Plasma K 7	RPS6	Immune	Markers
Plasma K 7	FCRL5	Immune	Markers
Plasma K 7	GPX7	Immune	Markers
Plasma K 7	CENPH	Immune	Markers
Plasma K 7	SMCHD1	Immune	Markers
Plasma K 7	RBBP8	Immune	Markers
Plasma K 7	H1-10	Immune	Markers
Plasma K 7	NCAPD2	Immune	Markers
Plasma K 7	ITGAE	Immune	Markers
Plasma K 7	ARMCX3	Immune	Markers
Plasma K 7	RPL23A	Immune	Markers
Plasma K 7	SRP19	Immune	Markers
Plasma K 7	ISCU	Immune	Markers
Plasma K 7	DEPDC1B	Immune	Markers
Plasma K 7	NCF4	Immune	Markers
Plasma K 7	ECT2	Immune	Markers
Plasma K 7	MCM8	Immune	Markers
Plasma K 7	MRPS21	Immune	Markers
Plasma K 7	TACC3	Immune	Markers
Plasma K 7	TP53INP1	Immune	Markers
Plasma K 7	FBXW7	Immune	Markers
Plasma K 7	PLAAT2	Immune	Markers
Plasma K 7	RBBP6	Immune	Markers
Plasma K 7	BRCA2	Immune	Markers
Plasma K 7	SLC2A5	Immune	Markers
Plasma K 7	RPS21	Immune	Markers
Plasma K 7	CTNNAL1	Immune	Markers
Plasma K 7	CCDC34	Immune	Markers
Plasma K 7	GLDC	Immune	Markers
Plasma K 7	CD180	Immune	Markers
Plasma K 7	ANXA2	Immune	Markers
Plasma K 7	ARL3	Immune	Markers
Plasma K 7	EIF3L	Immune	Markers
Plasma K 7	NOP58	Immune	Markers
Plasma K 7	SEMA4A	Immune	Markers
Plasma K 7	NEAT1	Immune	Markers
Plasma K 7	TMEM70	Immune	Markers
Plasma K 7	CKAP2	Immune	Markers
Plasma K 7	NSD2	Immune	Markers
Plasma K 7	WDR43	Immune	Markers
Plasma K 7	KIAA0040	Immune	Markers
Plasma K 7	CHAF1A	Immune	Markers
Plasma K 7	USP8	Immune	Markers
Plasma K 7	VRK1	Immune	Markers
Plasma K 7	MDM2	Immune	Markers
Plasma K 7	CKAP5	Immune	Markers
Plasma K 7	GMFG	Immune	Markers
Plasma K 7	TTK	Immune	Markers
Plasma K 7	METAP2	Immune	Markers
Plasma K 7	RALGPS2	Immune	Markers
Plasma K 7	MANEA	Immune	Markers
Plasma K 7	OXCT1	Immune	Markers
Plasma K 7	RPL14	Immune	Markers
Plasma K 7	RAD51C	Immune	Markers
Plasma K 7	CACYBP	Immune	Markers
Plasma K 7	KCTD20	Immune	Markers
Plasma K 7	SFMBT2	Immune	Markers
Treg	CTLA4	Immune	Markers
Treg	TNFRSF4	Immune	Markers
Treg	LTB	Immune	Markers
Treg	S100A4	Immune	Markers
Treg	TRAC	Immune	Markers
Treg	TNFRSF18	Immune	Markers
Treg	TRBC1	Immune	Markers
Treg	TIGIT	Immune	Markers
Treg	DUSP4	Immune	Markers
Treg	TRBC2	Immune	Markers
Treg	CD2	Immune	Markers
Treg	SPOCK2	Immune	Markers
Treg	ICOS	Immune	Markers
Treg	HLA-A	Immune	Markers
Treg	ARID5B	Immune	Markers
Treg	IL2RA	Immune	Markers
Treg	TBC1D4	Immune	Markers
Treg	CD3D	Immune	Markers
Treg	CD7	Immune	Markers
Treg	CACYBP	Immune	Markers
Treg	RGS1	Immune	Markers
Treg	FOXP3	Immune	Markers
Treg	TNFRSF1B	Immune	Markers
Treg	PMAIP1	Immune	Markers
Treg	CARD16	Immune	Markers
Treg	PBXIP1	Immune	Markers
Treg	TNFRSF9	Immune	Markers
Treg	CORO1B	Immune	Markers
Treg	CCL20	Immune	Markers
Treg	PTPRC	Immune	Markers
Treg	CREM	Immune	Markers
Treg	CD3E	Immune	Markers
Treg	CCR6	Immune	Markers
Treg	YWHAB	Immune	Markers
Treg	UGP2	Immune	Markers
Treg	GBP2	Immune	Markers
Treg	PHLDA1	Immune	Markers
Treg	STK17B	Immune	Markers
Treg	RORA	Immune	Markers
Treg	FYB1	Immune	Markers
Treg	IKZF2	Immune	Markers
Treg	MAF	Immune	Markers
Treg	DNAJB1	Immune	Markers
Treg	RNF213	Immune	Markers
Treg	VMP1	Immune	Markers
Treg	CD3G	Immune	Markers
Treg	PFN1	Immune	Markers
Treg	BTG3	Immune	Markers
Treg	LCK	Immune	Markers
Treg	BTG1	Immune	Markers
Treg	ICA1	Immune	Markers
Treg	ARHGDIB	Immune	Markers
Treg	HSP90AB1	Immune	Markers
Treg	SYNE2	Immune	Markers
Treg	RASGRP1	Immune	Markers
Treg	SAMSN1	Immune	Markers
Treg	SRGN	Immune	Markers
Treg	ETS1	Immune	Markers
Treg	STAM	Immune	Markers
Treg	JAK1	Immune	Markers
Treg	RBPJ	Immune	Markers
Treg	UCP2	Immune	Markers
Treg	ZC3H12D	Immune	Markers
Treg	RAB11FIP1	Immune	Markers
Treg	HSP90AA1	Immune	Markers
Treg	GAPDH	Immune	Markers
Treg	ARL6IP5	Immune	Markers
Treg	REL	Immune	Markers
Treg	SKAP1	Immune	Markers
Treg	CYTIP	Immune	Markers
Treg	BCL11B	Immune	Markers
Treg	FYN	Immune	Markers
Treg	CCND2	Immune	Markers
Treg	DUSP16	Immune	Markers
Treg	CD247	Immune	Markers
Treg	IL7R	Immune	Markers
Treg	SARAF	Immune	Markers
Treg	GBP5	Immune	Markers
Treg	ENO1	Immune	Markers
Treg	DNAJA1	Immune	Markers
Treg	ACTB	Immune	Markers
Treg	TNFAIP3	Immune	Markers
Treg	HSPA1A	Immune	Markers
Treg	IL32	Immune	Markers
Treg	HSPH1	Immune	Markers
Treg	ANKRD12	Immune	Markers
Treg	LAYN	Immune	Markers
Treg	IL2RB	Immune	Markers
Treg	HSPD1	Immune	Markers
Treg	TMSB10	Immune	Markers
Treg	PIK3IP1	Immune	Markers
Treg	CLEC2D	Immune	Markers
Treg	ZNF292	Immune	Markers
Treg	CD28	Immune	Markers
Treg	PRDM1	Immune	Markers
Treg	RAP1A	Immune	Markers
Treg	LINC01943	Immune	Markers
Treg	GMFG	Immune	Markers
Treg	HSPA8	Immune	Markers
Treg	GADD45A	Immune	Markers
Treg	ITM2A	Immune	Markers
Treg	WNK1	Immune	Markers
Treg	MYH9	Immune	Markers
Treg	G3BP2	Immune	Markers
Treg	GPRIN3	Immune	Markers
Treg	PHTF2	Immune	Markers
Treg	CXCR6	Immune	Markers
Treg	RAC2	Immune	Markers
Treg	ACTG1	Immune	Markers
Treg	GATA3	Immune	Markers
Treg	RNF19A	Immune	Markers
Treg	LAIR2	Immune	Markers
Treg	CD27	Immune	Markers
Treg	HLA-E	Immune	Markers
Treg	IRF1	Immune	Markers
Treg	RUNX3	Immune	Markers
Treg	TANK	Immune	Markers
Treg	CNOT6L	Immune	Markers
Treg	MALT1	Immune	Markers
Treg	SLFN5	Immune	Markers
Treg	IL1R1	Immune	Markers
Treg	TMSB4X	Immune	Markers
Treg	DDX5	Immune	Markers
Treg	HSPE1	Immune	Markers
Treg	FRMD4B	Immune	Markers
Treg	SH3BGRL3	Immune	Markers
Treg	RTKN2	Immune	Markers
Treg	MT2A	Immune	Markers
Treg	IL6ST	Immune	Markers
Treg	CDKN1B	Immune	Markers
Treg	GK	Immune	Markers
Treg	TTN	Immune	Markers
Treg	CD4	Immune	Markers
Treg	MAGEH1	Immune	Markers
Treg	MYL12B	Immune	Markers
Treg	LIMS1	Immune	Markers
Treg	PKM	Immune	Markers
Treg	S100A6	Immune	Markers
Treg	C12orf57	Immune	Markers
Treg	PPP1R2	Immune	Markers
Treg	SH3KBP1	Immune	Markers
Treg	CFLAR	Immune	Markers
Treg	B2M	Immune	Markers
Treg	ZNF281	Immune	Markers
Treg	DOK2	Immune	Markers
Treg	NOP58	Immune	Markers
Treg	TPR	Immune	Markers
Treg	MAST4	Immune	Markers
Treg	LDHA	Immune	Markers
Treg	COMMD6	Immune	Markers
Treg	ATRX	Immune	Markers
Treg	ARID4B	Immune	Markers
Treg	SOX4	Immune	Markers
Treg	MYL12A	Immune	Markers
Treg	ARPC2	Immune	Markers
Treg	ZC3HAV1	Immune	Markers
Treg	STING1	Immune	Markers
Treg	BIRC3	Immune	Markers
Treg	TSPAN14	Immune	Markers
Treg	MBNL1	Immune	Markers
Treg	CTSC	Immune	Markers
Treg	APBB1IP	Immune	Markers
Treg	IFI16	Immune	Markers
Treg	RHOH	Immune	Markers
Treg	LINC02195	Immune	Markers
Treg	SAMD9	Immune	Markers
Treg	LDHB	Immune	Markers
Treg	SNX9	Immune	Markers
Treg	PSMA7	Immune	Markers
Treg	PTPN22	Immune	Markers
Treg	PTMA	Immune	Markers
Treg	LINC00513	Immune	Markers
Treg	LIMA1	Immune	Markers
Treg	PPDPF	Immune	Markers
Treg	FXYD5	Immune	Markers
Treg	UBC	Immune	Markers
Treg	TSPAN5	Immune	Markers
Treg	SLAMF1	Immune	Markers
Treg	FOXP1	Immune	Markers
Treg	ITK	Immune	Markers
Treg	PPP1R12A	Immune	Markers
Treg	SIRPG	Immune	Markers
Treg	CCNI	Immune	Markers
Treg	OPTN	Immune	Markers
Treg	TIFA	Immune	Markers
Treg	DIAPH1	Immune	Markers
Treg	NAP1L4	Immune	Markers
Treg	DEDD2	Immune	Markers
Treg	ARGLU1	Immune	Markers
Treg	GPBP1	Immune	Markers
Treg	CHORDC1	Immune	Markers
Treg	NAP1L1	Immune	Markers
Treg	USP15	Immune	Markers
Treg	RPL28	Immune	Markers
Treg	EID1	Immune	Markers
Treg	SOCS1	Immune	Markers
Treg	RAD21	Immune	Markers
Treg	SMCHD1	Immune	Markers
Treg	AAK1	Immune	Markers
Treg	HPGD	Immune	Markers
Treg	NDUFA4	Immune	Markers
Treg	IL1R2	Immune	Markers
Treg	NCK2	Immune	Markers
Treg	ANP32B	Immune	Markers
Treg	TOX2	Immune	Markers
Treg	AKAP13	Immune	Markers
Treg	HSPB1	Immune	Markers
Treg	FURIN	Immune	Markers
Treg	TNFRSF25	Immune	Markers
Treg	CEMIP2	Immune	Markers
Treg	NPM1	Immune	Markers
Treg	ELOB	Immune	Markers
Treg	EPSTI1	Immune	Markers
Treg	RSBN1	Immune	Markers
Treg	GEM	Immune	Markers
Treg	P2RY10	Immune	Markers
Treg	NFKBIZ	Immune	Markers
Treg	SH2D2A	Immune	Markers
Treg	RHOC	Immune	Markers
Treg	VPS13C	Immune	Markers
Treg	CORO1A	Immune	Markers
Treg	PHACTR2	Immune	Markers
Treg	HLA-F	Immune	Markers
Treg	ATP1B1	Immune	Markers
Treg	MRPL18	Immune	Markers
Treg	IKZF4	Immune	Markers
Tconv 1	KLRB1	Immune	Markers
Tconv 1	IL7R	Immune	Markers
Tconv 1	CD69	Immune	Markers
Tconv 1	LTB	Immune	Markers
Tconv 1	TNFAIP3	Immune	Markers
Tconv 1	CD3D	Immune	Markers
Tconv 1	CD2	Immune	Markers
Tconv 1	FYB1	Immune	Markers
Tconv 1	CD3E	Immune	Markers
Tconv 1	ANXA1	Immune	Markers
Tconv 1	TRBC1	Immune	Markers
Tconv 1	TRAC	Immune	Markers
Tconv 1	ID2	Immune	Markers
Tconv 1	S100A4	Immune	Markers
Tconv 1	RPLP1	Immune	Markers
Tconv 1	CD3G	Immune	Markers
Tconv 1	RPS27A	Immune	Markers
Tconv 1	RPL32	Immune	Markers
Tconv 1	CXCR4	Immune	Markers
Tconv 1	RPL31	Immune	Markers
Tconv 1	RPL34	Immune	Markers
Tconv 1	RPS27	Immune	Markers
Tconv 1	JUNB	Immune	Markers
Tconv 1	MYL12A	Immune	Markers
Tconv 1	TMSB4X	Immune	Markers
Tconv 1	RPS19	Immune	Markers
Tconv 1	TRBC2	Immune	Markers
Tconv 1	RPS3A	Immune	Markers
Tconv 1	TXNIP	Immune	Markers
Tconv 1	RPL27	Immune	Markers
Tconv 1	RPS6	Immune	Markers
Tconv 1	RPL21	Immune	Markers
Tconv 1	RPS20	Immune	Markers
Tconv 1	CD52	Immune	Markers
Tconv 1	PTGER4	Immune	Markers
Tconv 1	BTG1	Immune	Markers
Tconv 1	RORA	Immune	Markers
Tconv 1	RPL30	Immune	Markers
Tconv 1	BCL11B	Immune	Markers
Tconv 1	RPS13	Immune	Markers
Tconv 1	RPS21	Immune	Markers
Tconv 1	RPL13A	Immune	Markers
Tconv 1	RPS14	Immune	Markers
Tconv 1	RPL9	Immune	Markers
Tconv 1	RPL37	Immune	Markers
Tconv 1	RPL28	Immune	Markers
Tconv 1	RPS15A	Immune	Markers
Tconv 1	RPSA	Immune	Markers
Tconv 1	RPL10A	Immune	Markers
Tconv 1	RPS3	Immune	Markers
Tconv 1	RPL36	Immune	Markers
Tconv 1	RPL7	Immune	Markers
Tconv 1	CD48	Immune	Markers
Tconv 1	FKBP5	Immune	Markers
Tconv 1	ARL4C	Immune	Markers
Tconv 1	RPL23	Immune	Markers
Tconv 1	RPL23A	Immune	Markers
Tconv 1	ZFP36L2	Immune	Markers
Tconv 1	RPL19	Immune	Markers
Tconv 1	SARAF	Immune	Markers
Tconv 1	SH3BGRL3	Immune	Markers
Tconv 1	CD40LG	Immune	Markers
Tconv 1	RPS16	Immune	Markers
Tconv 1	RGCC	Immune	Markers
Tconv 1	ANKRD12	Immune	Markers
Tconv 1	ABRACL	Immune	Markers
Tconv 1	GPR183	Immune	Markers
Tconv 1	ICOS	Immune	Markers
Tconv 1	GIMAP7	Immune	Markers
Tconv 1	RPL35A	Immune	Markers
Tconv 1	RPS9	Immune	Markers
Tconv 1	PDCD4	Immune	Markers
Tconv 1	EIF1	Immune	Markers
Tconv 1	CREM	Immune	Markers
Tconv 1	RPS23	Immune	Markers
Tconv 1	EEF1B2	Immune	Markers
Tconv 1	RPS4X	Immune	Markers
Tconv 1	RPL22	Immune	Markers
Tconv 1	DDX5	Immune	Markers
Tconv 1	SPOCK2	Immune	Markers
Tconv 1	PLAAT4	Immune	Markers
Tconv 1	RPS10	Immune	Markers
Tconv 1	RPL6	Immune	Markers
Tconv 1	RPL12	Immune	Markers
Tconv 1	PDE4D	Immune	Markers
Tconv 1	TMSB10	Immune	Markers
Tconv 1	SLFN5	Immune	Markers
Tconv 1	PTPRC	Immune	Markers
Tconv 1	LINC01871	Immune	Markers
Tconv 1	STK17B	Immune	Markers
Tconv 1	RPL18A	Immune	Markers
Tconv 1	RPS8	Immune	Markers
Tconv 1	ZC3HAV1	Immune	Markers
Tconv 1	LDHB	Immune	Markers
Tconv 1	ZNF331	Immune	Markers
Tconv 1	RPL5	Immune	Markers
Tconv 1	SRGN	Immune	Markers
Tconv 1	COMMD6	Immune	Markers
Tconv 1	RPS2	Immune	Markers
Tconv 1	ZFAS1	Immune	Markers
Tconv 1	RPS7	Immune	Markers
Tconv 1	RPS24	Immune	Markers
Tconv 1	YME1L1	Immune	Markers
Tconv 1	RPL14	Immune	Markers
Tconv 1	EEF1A1	Immune	Markers
Tconv 1	CELF2	Immune	Markers
Tconv 1	ITM2A	Immune	Markers
Tconv 1	YPEL5	Immune	Markers
Tconv 1	ETS1	Immune	Markers
Tconv 1	C12orf57	Immune	Markers
Tconv 1	CCR6	Immune	Markers
Tconv 1	FOXP1	Immune	Markers
Tconv 1	MYL12B	Immune	Markers
Tconv 1	RPS25	Immune	Markers
Tconv 1	RPS18	Immune	Markers
Tconv 1	NPM1	Immune	Markers
Tconv 1	GMFG	Immune	Markers
Tconv 1	ARHGDIB	Immune	Markers
Tconv 1	RPL4	Immune	Markers
Tconv 1	MBNL1	Immune	Markers
Tconv 1	AREG	Immune	Markers
Tconv 1	CRYBG1	Immune	Markers
Tconv 1	NACA	Immune	Markers
Tconv 1	PPDPF	Immune	Markers
Tconv 1	FOS	Immune	Markers
Tconv 1	CLEC2D	Immune	Markers
Tconv 1	RPL3	Immune	Markers
Tconv 1	EIF3E	Immune	Markers
Tconv 1	GIMAP4	Immune	Markers
Tconv 1	PTMA	Immune	Markers
Tconv 1	RPLP0	Immune	Markers
Tconv 1	HCST	Immune	Markers
Tconv 2	IL7R	Immune	Markers
Tconv 2	ANXA1	Immune	Markers
Tconv 2	KLRB1	Immune	Markers
Tconv 2	SARAF	Immune	Markers
Tconv 2	DNAJB1	Immune	Markers
Tconv 2	FYB1	Immune	Markers
Tconv 2	TRBC1	Immune	Markers
Tconv 2	CXCR4	Immune	Markers
Tconv 2	CD2	Immune	Markers
Tconv 2	CD3D	Immune	Markers
Tconv 2	DNAJA1	Immune	Markers
Tconv 2	SPOCK2	Immune	Markers
Tconv 2	TRAC	Immune	Markers
Tconv 2	TRBC2	Immune	Markers
Tconv 2	TNFAIP3	Immune	Markers
Tconv 2	GIMAP7	Immune	Markers
Tconv 2	CCR7	Immune	Markers
Tconv 2	CD3E	Immune	Markers
Tconv 2	CD3G	Immune	Markers
Tconv 2	RPL30	Immune	Markers
Tconv 2	RORA	Immune	Markers
Tconv 2	HSPA8	Immune	Markers
Tconv 2	LTB	Immune	Markers
Tconv 2	CNOT6L	Immune	Markers
Tconv 2	HSPH1	Immune	Markers
Tconv 2	RPS27	Immune	Markers
Tconv 2	BTG1	Immune	Markers
Tconv 2	RPL39	Immune	Markers
Tconv 2	ZFP36L2	Immune	Markers
Tconv 2	BCL11B	Immune	Markers
Tconv 2	RPS3	Immune	Markers
Tconv 2	JUNB	Immune	Markers
Tconv 2	RPS3A	Immune	Markers
Tconv 2	CREM	Immune	Markers
Tconv 2	LDHB	Immune	Markers
Tconv 2	RGCC	Immune	Markers
Tconv 2	RPS27A	Immune	Markers
Tconv 2	RPL37	Immune	Markers
Tconv 2	RPL32	Immune	Markers
Tconv 2	RPS15A	Immune	Markers
Tconv 2	GPR171	Immune	Markers
Tconv 2	RPS25	Immune	Markers
Tconv 2	PIK3IP1	Immune	Markers
Tconv 2	S100A4	Immune	Markers
Tconv 2	HSPD1	Immune	Markers
Tconv 2	EEF1A1	Immune	Markers
Tconv 2	FXYD5	Immune	Markers
Tconv 2	FKBP5	Immune	Markers
Tconv 2	RPS6	Immune	Markers
Tconv 2	ANKRD12	Immune	Markers
Tconv 2	SYNE2	Immune	Markers
Tconv 2	CACYBP	Immune	Markers
Tconv 2	RPL9	Immune	Markers
Tconv 2	CRYBG1	Immune	Markers
Tconv 2	HSPA1A	Immune	Markers
Tconv 2	RPS13	Immune	Markers
Tconv 2	ETS1	Immune	Markers
Tconv 2	PTPRC	Immune	Markers
Tconv 2	RPL21	Immune	Markers
Tconv 2	ARL4C	Immune	Markers
Tconv 2	RPL28	Immune	Markers
Tconv 2	RPSA	Immune	Markers
Tconv 2	TXNIP	Immune	Markers
Tconv 2	RPL19	Immune	Markers
Tconv 2	FYN	Immune	Markers
Tconv 2	PDCD4	Immune	Markers
Tconv 2	HSP90AA1	Immune	Markers
Tconv 2	PBXIP1	Immune	Markers
Tconv 2	CD40LG	Immune	Markers
Tconv 2	RPL22	Immune	Markers
Tconv 2	HSP90AB1	Immune	Markers
Tconv 2	ZC3HAV1	Immune	Markers
Tconv 2	PPP1R2	Immune	Markers
Tconv 2	PABPC1	Immune	Markers
Tconv 2	TRAT1	Immune	Markers
Tconv 2	DDX5	Immune	Markers
Tconv 2	SOCS1	Immune	Markers
Tconv 2	RPL34	Immune	Markers
Tconv 2	RPL31	Immune	Markers
Tconv 2	TUBA1A	Immune	Markers
Tconv 2	RPLP1	Immune	Markers
Tconv 2	RPS18	Immune	Markers
Tconv 2	LDHA	Immune	Markers
Tconv 2	YWHAB	Immune	Markers
Tconv 2	RPS16	Immune	Markers
Tconv 2	RPS10	Immune	Markers
Tconv 2	RPS21	Immune	Markers
Tconv 2	GIMAP4	Immune	Markers
Tconv 2	RPL10A	Immune	Markers
Tconv 2	CLEC2D	Immune	Markers
Tconv 2	RPL36	Immune	Markers
Tconv 2	CCR6	Immune	Markers
Tconv 2	FOXP1	Immune	Markers
Tconv 2	PASK	Immune	Markers
Tconv 2	RPL14	Immune	Markers
Tconv 2	CD6	Immune	Markers
Tconv 2	CD69	Immune	Markers
Tconv 2	EIF1	Immune	Markers
Tconv 2	RPS14	Immune	Markers
Tconv 2	TSC22D3	Immune	Markers
Tconv 2	TOB1	Immune	Markers
Tconv 2	MYADM	Immune	Markers
Tconv 2	RPL3	Immune	Markers
Tconv 2	ICOS	Immune	Markers
Tconv 2	RPL4	Immune	Markers
Tconv 2	RPS19	Immune	Markers
Tconv 2	RPS23	Immune	Markers
Tconv 2	PTGER4	Immune	Markers
Tconv 2	RPL35A	Immune	Markers
Tconv 2	CD52	Immune	Markers
Tconv 2	RNF19A	Immune	Markers
Tconv 2	RPL13A	Immune	Markers
CD8+ T 1	CCL5	Immune	Markers
CD8+ T 1	GZMA	Immune	Markers
CD8+ T 1	GNLY	Immune	Markers
CD8+ T 1	CCL4	Immune	Markers
CD8+ T 1	NKG7	Immune	Markers
CD8+ T 1	GZMB	Immune	Markers
CD8+ T 1	CD7	Immune	Markers
CD8+ T 1	XCL2	Immune	Markers
CD8+ T 1	HOPX	Immune	Markers
CD8+ T 1	ID2	Immune	Markers
CD8+ T 1	CD8A	Immune	Markers
CD8+ T 1	KLRD1	Immune	Markers
CD8+ T 1	HCST	Immune	Markers
CD8+ T 1	IFNG	Immune	Markers
CD8+ T 1	CD3D	Immune	Markers
CD8+ T 1	PIK3R1	Immune	Markers
CD8+ T 1	XCL1	Immune	Markers
CD8+ T 1	CST7	Immune	Markers
CD8+ T 1	GZMK	Immune	Markers
CD8+ T 1	KLRB1	Immune	Markers
CD8+ T 1	CD52	Immune	Markers
CD8+ T 1	PTPN22	Immune	Markers
CD8+ T 1	TMSB4X	Immune	Markers
CD8+ T 1	CD3G	Immune	Markers
CD8+ T 1	ITGA1	Immune	Markers
CD8+ T 1	TRDC	Immune	Markers
CD8+ T 1	SH3BGRL3	Immune	Markers
CD8+ T 1	CD3E	Immune	Markers
CD8+ T 1	TRGC2	Immune	Markers
CD8+ T 1	CCL4L2	Immune	Markers
CD8+ T 1	CD69	Immune	Markers
CD8+ T 1	PRF1	Immune	Markers
CD8+ T 1	GPR65	Immune	Markers
CD8+ T 1	PLAAT4	Immune	Markers
CD8+ T 1	MYL12A	Immune	Markers
CD8+ T 1	GPR171	Immune	Markers
CD8+ T 1	CTSW	Immune	Markers
CD8+ T 1	CD2	Immune	Markers
CD8+ T 1	TNFAIP3	Immune	Markers
CD8+ T 1	TRBC2	Immune	Markers
CD8+ T 1	DUSP2	Immune	Markers
CD8+ T 1	ZFP36L2	Immune	Markers
CD8+ T 1	CLEC2B	Immune	Markers
CD8+ T 1	LINC01871	Immune	Markers
CD8+ T 1	CXCR4	Immune	Markers
CD8+ T 1	GZMH	Immune	Markers
CD8+ T 1	PTPRC	Immune	Markers
CD8+ T 1	GZMM	Immune	Markers
CD8+ T 1	CD247	Immune	Markers
CD8+ T 1	PDCD4	Immune	Markers
CD8+ T 1	MYL12B	Immune	Markers
CD8+ T 1	TRBC1	Immune	Markers
CD8+ T 1	HLA-A	Immune	Markers
CD8+ T 1	FYN	Immune	Markers
CD8+ T 1	DUSP4	Immune	Markers
CD8+ T 1	CREM	Immune	Markers
CD8+ T 1	TRAC	Immune	Markers
CD8+ T 1	REL	Immune	Markers
CD8+ T 1	NR4A2	Immune	Markers
CD8+ T 1	CEMIP2	Immune	Markers
CD8+ T 1	CRTAM	Immune	Markers
CD8+ T 1	CNOT6L	Immune	Markers
CD8+ T 1	IL2RB	Immune	Markers
CD8+ T 1	CD160	Immune	Markers
CD8+ T 1	ANXA1	Immune	Markers
CD8+ T 1	IL7R	Immune	Markers
CD8+ T 1	PFN1	Immune	Markers
CD8+ T 1	SPRY1	Immune	Markers
CD8+ T 1	PARP8	Immune	Markers
CD8+ T 1	CD99	Immune	Markers
CD8+ T 1	CLEC2D	Immune	Markers
CD8+ T 1	PIP4K2A	Immune	Markers
CD8+ T 1	PTGER4	Immune	Markers
CD8+ T 1	MYH9	Immune	Markers
CD8+ T 1	AKAP13	Immune	Markers
CD8+ T 1	TMIGD2	Immune	Markers
CD8+ T 1	DNAJA1	Immune	Markers
CD8+ T 1	FOSL2	Immune	Markers
CD8+ T 1	CCND2	Immune	Markers
CD8+ T 1	GAPDH	Immune	Markers
CD8+ T 1	ARPC2	Immune	Markers
CD8+ T 1	RUNX3	Immune	Markers
CD8+ T 1	ALOX5AP	Immune	Markers
CD8+ T 1	PAXX	Immune	Markers
CD8+ T 1	PTMA	Immune	Markers
CD8+ T 1	LCK	Immune	Markers
CD8+ T 1	BTG1	Immune	Markers
CD8+ T 1	PPDPF	Immune	Markers
CD8+ T 1	EVL	Immune	Markers
CD8+ T 1	SYNE2	Immune	Markers
CD8+ T 1	MSN	Immune	Markers
CD8+ T 1	ADGRE5	Immune	Markers
CD8+ T 1	RGCC	Immune	Markers
CD8+ T 1	ATP1B3	Immune	Markers
CD8+ T 1	G3BP2	Immune	Markers
CD8+ T 1	SYTL3	Immune	Markers
CD8+ T 1	SLFN5	Immune	Markers
CD8+ T 1	SRSF2	Immune	Markers
CD8+ T 1	HLA-E	Immune	Markers
CD8+ T 1	ZNF331	Immune	Markers
CD8+ T 1	ZC3HAV1	Immune	Markers
CD8+ T 1	ACTB	Immune	Markers
CD8+ T 1	DYNLL1	Immune	Markers
CD8+ T 1	AREG	Immune	Markers
CD8+ T 1	RNF213	Immune	Markers
CD8+ T 1	ARHGDIB	Immune	Markers
CD8+ T 1	JAK1	Immune	Markers
CD8+ T 1	CBLB	Immune	Markers
CD8+ T 1	ETS1	Immune	Markers
CD8+ T 1	S100A4	Immune	Markers
CD8+ T 1	RPS19	Immune	Markers
CD8+ T 1	PDE4D	Immune	Markers
CD8+ T 1	STK17A	Immune	Markers
CD8+ T 1	CELF2	Immune	Markers
CD8+ T 1	METRNL	Immune	Markers
CD8+ T 1	ACTG1	Immune	Markers
CD8+ T 1	TXNIP	Immune	Markers
CD8+ T 1	RAB27A	Immune	Markers
CD8+ T 1	CMC1	Immune	Markers
CD8+ T 1	NCL	Immune	Markers
CD8+ T 1	IER5L	Immune	Markers
CD8+ T 1	RAC2	Immune	Markers
CD8+ T 1	STK17B	Immune	Markers
CD8+ T 1	CORO1A	Immune	Markers
CD8+ T 1	IKZF3	Immune	Markers
CD8+ T 1	MYADM	Immune	Markers
CD8+ T 1	CRYBG1	Immune	Markers
CD8+ T 1	CD96	Immune	Markers
CD8+ T 1	HSPA8	Immune	Markers
CD8+ T 1	SKAP1	Immune	Markers
CD8+ T 1	APOBEC3G	Immune	Markers
CD8+ T 1	LDLRAD4	Immune	Markers
CD8+ T 1	GLIPR1	Immune	Markers
CD8+ T 1	RNF125	Immune	Markers
CD8+ T 1	RGS1	Immune	Markers
CD8+ T 1	LDHA	Immune	Markers
CD8+ T 1	ITGAE	Immune	Markers
CD8+ T 1	S100A10	Immune	Markers
CD8+ T 1	PGK1	Immune	Markers
CD8+ T 1	UBE2S	Immune	Markers
CD8+ T 1	LPIN2	Immune	Markers
CD8+ T 1	SRSF7	Immune	Markers
CD8+ T 1	ARL4C	Immune	Markers
CD8+ T 1	ZFP36	Immune	Markers
CD8+ T 1	MATK	Immune	Markers
CD8+ T 1	ITM2A	Immune	Markers
CD8+ T 1	DDX5	Immune	Markers
CD8+ T 1	NAP1L4	Immune	Markers
CD8+ T 1	PSMB9	Immune	Markers
CD8+ T 1	AKNA	Immune	Markers
CD8+ T 1	LYAR	Immune	Markers
CD8+ T 1	DHX36	Immune	Markers
CD8+ T 1	TIGIT	Immune	Markers
CD8+ T 1	ARHGAP9	Immune	Markers
CD8+ T 1	EMB	Immune	Markers
CD8+ T 1	MBNL1	Immune	Markers
CD8+ T 1	SRGN	Immune	Markers
CD8+ T 1	SARAF	Immune	Markers
CD8+ T 1	TIPARP	Immune	Markers
CD8+ T 1	ARGLU1	Immune	Markers
CD8+ T 1	GIMAP7	Immune	Markers
CD8+ T 1	KIR2DL4	Immune	Markers
CD8+ T 1	SCML4	Immune	Markers
CD8+ T 1	SAMSN1	Immune	Markers
CD8+ T 1	RASA2	Immune	Markers
CD8+ T 1	ZBTB1	Immune	Markers
CD8+ T 1	SOCS1	Immune	Markers
CD8+ T 1	LUC7L3	Immune	Markers
CD8+ T 1	CLIC3	Immune	Markers
CD8+ T 1	LAG3	Immune	Markers
CD8+ T 1	HMGB1	Immune	Markers
CD8+ T 1	SAP18	Immune	Markers
CD8+ T 1	RANBP2	Immune	Markers
CD8+ T 1	SLA2	Immune	Markers
CD8+ T 1	RPL28	Immune	Markers
CD8+ T 1	APBB1IP	Immune	Markers
CD8+ T 1	TLN1	Immune	Markers
CD8+ T 1	OSTF1	Immune	Markers
CD8+ T 1	TUBA4A	Immune	Markers
CD8+ T 1	TXK	Immune	Markers
CD8+ T 1	FYB1	Immune	Markers
CD8+ T 1	TRGC1	Immune	Markers
CD8+ T 1	ISG15	Immune	Markers
CD8+ T 2	GZMK	Immune	Markers
CD8+ T 2	CCL4	Immune	Markers
CD8+ T 2	CCL5	Immune	Markers
CD8+ T 2	NKG7	Immune	Markers
CD8+ T 2	IFNG	Immune	Markers
CD8+ T 2	CST7	Immune	Markers
CD8+ T 2	GZMA	Immune	Markers
CD8+ T 2	GNLY	Immune	Markers
CD8+ T 2	DUSP2	Immune	Markers
CD8+ T 2	GZMH	Immune	Markers
CD8+ T 2	CCL4L2	Immune	Markers
CD8+ T 2	DNAJB1	Immune	Markers
CD8+ T 2	CD8A	Immune	Markers
CD8+ T 2	HCST	Immune	Markers
CD8+ T 2	CMC1	Immune	Markers
CD8+ T 2	CRTAM	Immune	Markers
CD8+ T 2	GZMM	Immune	Markers
CD8+ T 2	DNAJA1	Immune	Markers
CD8+ T 2	GZMB	Immune	Markers
CD8+ T 2	DUSP4	Immune	Markers
CD8+ T 2	CXCR4	Immune	Markers
CD8+ T 2	HSPA1A	Immune	Markers
CD8+ T 2	ID2	Immune	Markers
CD8+ T 2	CLEC2B	Immune	Markers
CD8+ T 2	HSPA6	Immune	Markers
CD8+ T 2	PIK3R1	Immune	Markers
CD8+ T 2	PTPRC	Immune	Markers
CD8+ T 2	APOBEC3G	Immune	Markers
CD8+ T 2	HLA-A	Immune	Markers
CD8+ T 2	CTSW	Immune	Markers
CD8+ T 2	XCL2	Immune	Markers
CD8+ T 2	TUBA4A	Immune	Markers
CD8+ T 2	PLAAT4	Immune	Markers
CD8+ T 2	CD3D	Immune	Markers
CD8+ T 2	CACYBP	Immune	Markers
CD8+ T 2	CD3G	Immune	Markers
CD8+ T 2	RUNX3	Immune	Markers
CD8+ T 2	HSP90AA1	Immune	Markers
CD8+ T 2	TRBC1	Immune	Markers
CD8+ T 2	CD2	Immune	Markers
CD8+ T 2	HSPH1	Immune	Markers
CD8+ T 2	HSPD1	Immune	Markers
CD8+ T 2	LDHA	Immune	Markers
CD8+ T 2	SRSF7	Immune	Markers
CD8+ T 2	PRF1	Immune	Markers
CD8+ T 2	HSPA8	Immune	Markers
CD8+ T 2	CD3E	Immune	Markers
CD8+ T 2	ANXA1	Immune	Markers
CD8+ T 2	DYNLL1	Immune	Markers
CD8+ T 2	NEU1	Immune	Markers
CD8+ T 2	SERTAD1	Immune	Markers
CD8+ T 2	KLRD1	Immune	Markers
CD8+ T 2	GIMAP7	Immune	Markers
CD8+ T 2	LYAR	Immune	Markers
CD8+ T 2	CD99	Immune	Markers
CD8+ T 2	TRBC2	Immune	Markers
CD8+ T 2	RNF213	Immune	Markers
CD8+ T 2	RGCC	Immune	Markers
CD8+ T 2	HSP90AB1	Immune	Markers
CD8+ T 2	TUBB4B	Immune	Markers
CD8+ T 2	CEMIP2	Immune	Markers
CD8+ T 2	HSPA1B	Immune	Markers
CD8+ T 2	TNFSF9	Immune	Markers
CD8+ T 2	GADD45B	Immune	Markers
CD8+ T 2	UBE2S	Immune	Markers
CD8+ T 2	IER5L	Immune	Markers
CD8+ T 2	MYL12B	Immune	Markers
CD8+ T 2	SAP18	Immune	Markers
CD8+ T 2	SH3BGRL3	Immune	Markers
CD8+ T 2	DOK2	Immune	Markers
CD8+ T 2	HSPE1	Immune	Markers
CD8+ T 2	CD247	Immune	Markers
CD8+ T 2	TRAT1	Immune	Markers
CD8+ T 2	FYN	Immune	Markers
CD8+ T 2	AMD1	Immune	Markers
CD8+ T 2	CD52	Immune	Markers
CD8+ T 2	TNF	Immune	Markers
CD8+ T 2	SYNE2	Immune	Markers
CD8+ T 3	CCL5	Immune	Markers
CD8+ T 3	GZMK	Immune	Markers
CD8+ T 3	GIMAP7	Immune	Markers
CD8+ T 3	GIMAP4	Immune	Markers
CD8+ T 3	SH3BGRL3	Immune	Markers
CD8+ T 3	APOBEC3G	Immune	Markers
CD8+ T 3	GZMM	Immune	Markers
CD8+ T 3	CENPF	Immune	Markers
CD8+ T 3	CD52	Immune	Markers
CD8+ T 3	TRDC	Immune	Markers
CD8+ T 3	CD8A	Immune	Markers
CD8+ T 3	COTL1	Immune	Markers
CD8+ T 3	HMGB2	Immune	Markers
CD8+ T 3	NUCKS1	Immune	Markers
CD8+ T 3	CD2	Immune	Markers
CD8+ T 3	HNRNPA2B1	Immune	Markers
CD8+ T 3	TOP2A	Immune	Markers
CD8+ T 3	GZMA	Immune	Markers
CD8+ T 3	MYH9	Immune	Markers
CD8+ T 3	MACF1	Immune	Markers
CD8+ T 3	CD3G	Immune	Markers
CD8+ T 3	MYL12B	Immune	Markers
CD8+ T 3	CD3E	Immune	Markers
CD8+ T 3	ACTG1	Immune	Markers
CD8+ T 3	ARHGDIB	Immune	Markers
CD8+ T 3	LSP1	Immune	Markers
CD8+ T 3	GAPDH	Immune	Markers
CD8+ T 3	SKAP1	Immune	Markers
CD8+ T 3	CD3D	Immune	Markers
CD8+ T 3	CPNE7	Immune	Markers
CD8+ T 3	ELOB	Immune	Markers
CD8+ T 3	CST7	Immune	Markers
CD8+ T 3	CORO1A	Immune	Markers
CD8+ T 3	SPTBN1	Immune	Markers
CD8+ T 3	HLA-A	Immune	Markers
CD8+ T 3	RNF213	Immune	Markers
CD8+ T 3	CD7	Immune	Markers
CD8+ T 3	OXNAD1	Immune	Markers
CD8+ T 3	NKG7	Immune	Markers
CD8+ T 3	H1-3	Immune	Markers
CD8+ T 3	TRAV17	Immune	Markers
CD8+ T 3	CD99	Immune	Markers
CD8+ T 3	ZAP70	Immune	Markers
CD8+ T 3	YWHAB	Immune	Markers
CD8+ T 3	OCIAD2	Immune	Markers
CD8+ T 3	BCL11B	Immune	Markers
CD8+ T 3	SLFN5	Immune	Markers
CD8+ T 3	ITGB2	Immune	Markers
CD8+ T 3	RAD21	Immune	Markers
CD8+ T 3	TMSB10	Immune	Markers
CD8+ T 3	BIN1	Immune	Markers
CD8+ T 3	LYAR	Immune	Markers
CD8+ T 3	ITGAL	Immune	Markers
CD8+ T 3	PSMA7	Immune	Markers
CD8+ T 3	CHD4	Immune	Markers
CD8+ T 3	ILF3-DT	Immune	Markers
CD8+ T 3	SYNE2	Immune	Markers
CD8+ T 3	STK10	Immune	Markers
CD8+ T 3	S100A4	Immune	Markers
CD8+ T 3	FYB1	Immune	Markers
CD8+ T 3	RASGRP1	Immune	Markers
CD8+ T 3	HMGB1	Immune	Markers
CD8+ T 3	ENO1	Immune	Markers
CD8+ T 3	IKZF3	Immune	Markers
CD8+ T 3	PRPF38B	Immune	Markers
CD8+ T 3	CD247	Immune	Markers
CD8+ T 3	EID1	Immune	Markers
CD8+ T 3	PFN1	Immune	Markers
CD8+ T 3	PSMB9	Immune	Markers
CD8+ T 3	ALOX5AP	Immune	Markers
CD8+ T 3	TUBA4A	Immune	Markers
CD8+ T 3	EEF1A1	Immune	Markers
CD8+ T 3	LCP2	Immune	Markers
CD8+ T 3	ACTR3	Immune	Markers
CD8+ T 3	PARP8	Immune	Markers
CD8+ T 3	S100A6	Immune	Markers
CD8+ T 3	TPX2	Immune	Markers
CD8+ T 3	CCSER2	Immune	Markers
CD8+ T 3	GZMH	Immune	Markers
CD8+ T 3	TRAC	Immune	Markers
CD8+ T 3	ETS1	Immune	Markers
CD8+ T 3	RAC2	Immune	Markers
CD8+ T 3	MYL12A	Immune	Markers
CD8+ T 3	HELB	Immune	Markers
CD8+ T 3	C12orf57	Immune	Markers
CD8+ T 3	RGS10	Immune	Markers
CD8+ T 3	ARGLU1	Immune	Markers
CD8+ T 3	TTC39B	Immune	Markers
CD8+ T 3	TRBC2	Immune	Markers
CD8+ T 3	PLAAT4	Immune	Markers
CD8+ T 3	TNIK	Immune	Markers
CD8+ T 3	ARAP2	Immune	Markers
CD8+ T 3	TMSB4X	Immune	Markers
CD8+ T 3	DIAPH1	Immune	Markers
CD8+ T 3	DDIT4	Immune	Markers
CD8+ T 3	HLA-B	Immune	Markers
CD8+ T 3	LCK	Immune	Markers
CD8+ T 3	SMC1A	Immune	Markers
CD8+ T 3	CBX3	Immune	Markers
CD8+ T 3	ACTB	Immune	Markers
CD8+ T 3	TMC8	Immune	Markers
CD8+ T 3	ITM2A	Immune	Markers
CD8+ T 3	ARID4B	Immune	Markers
CD8+ T 3	WNK1	Immune	Markers
CD8+ T 3	XAF1	Immune	Markers
CD8+ T 3	H2AC6	Immune	Markers
CD8+ T 3	CACYBP	Immune	Markers
CD8+ T 3	LGALS1	Immune	Markers
CD8+ T 3	ARPC5	Immune	Markers
CD8+ T 3	HNRNPA1	Immune	Markers
CD8+ T 3	GOLGA8A	Immune	Markers
CD8+ T 3	PDIA3	Immune	Markers
CD8+ T 3	CCDC85B	Immune	Markers
CD8+ T 3	IFNG-AS1	Immune	Markers
CD8+ T 3	ITGAE	Immune	Markers
CD8+ T 3	PTTG1	Immune	Markers
CD8+ T 3	ABRACL	Immune	Markers
CD8+ T 3	GPSM3	Immune	Markers
CD8+ T 3	RHOB	Immune	Markers
CD8+ T 3	TNRC6C	Immune	Markers
CD8+ T 3	CTSW	Immune	Markers
CD8+ T 3	NUSAP1	Immune	Markers
CD8+ T 3	H2BC9	Immune	Markers
CD8+ T 3	EMB	Immune	Markers
CD8+ T 3	MYO1G	Immune	Markers
CD8+ T 3	CD40LG	Immune	Markers
CD8+ T 3	ANKRD12	Immune	Markers
CD8+ T 3	ANKRD36C	Immune	Markers
CD8+ T 3	BUB3	Immune	Markers
CD8+ T 3	CLTB	Immune	Markers
CD8+ T 3	TXK	Immune	Markers
CD8+ T 3	GADD45B	Immune	Markers
CD8+ T 3	SPOCK2	Immune	Markers
CD8+ T 3	SYNRG	Immune	Markers
CD8+ T 3	LGALS4	Immune	Markers
CD8+ T 3	FAM217B	Immune	Markers
CD8+ T 3	APOL6	Immune	Markers
CD8+ T 3	ACSL5	Immune	Markers
CD8+ T 3	RESF1	Immune	Markers
CD8+ T 3	JAK1	Immune	Markers
CD8+ T 3	RASAL3	Immune	Markers
CD8+ T 3	SH2D2A	Immune	Markers
CD8+ T 3	RBM28	Immune	Markers
CD8+ T 3	PKN1	Immune	Markers
CD8+ T 3	MXD4	Immune	Markers
CD8+ T 3	AKNA	Immune	Markers
CD8+ T 3	RASA2	Immune	Markers
CD8+ T 3	HLA-F	Immune	Markers
CD8+ T 3	PIP4K2A	Immune	Markers
CD8+ T 3	LNPEP	Immune	Markers
CD8+ T 3	PCNX2	Immune	Markers
CD8+ T 3	ATP5MC2	Immune	Markers
CD8+ T 3	SUPT16H	Immune	Markers
CD8+ T 3	GPR174	Immune	Markers
CD8+ T 3	GYG1	Immune	Markers
CD8+ T 3	CDCA7	Immune	Markers
CD8+ T 4	H4C3	Immune	Markers
CD8+ T 4	HMGB2	Immune	Markers
CD8+ T 4	TUBA1B	Immune	Markers
CD8+ T 4	TOP2A	Immune	Markers
CD8+ T 4	GZMA	Immune	Markers
CD8+ T 4	MKI67	Immune	Markers
CD8+ T 4	CENPF	Immune	Markers
CD8+ T 4	TYMS	Immune	Markers
CD8+ T 4	GNLY	Immune	Markers
CD8+ T 4	DUT	Immune	Markers
CD8+ T 4	GAPDH	Immune	Markers
CD8+ T 4	HMGB1	Immune	Markers
CD8+ T 4	PCNA	Immune	Markers
CD8+ T 4	DEK	Immune	Markers
CD8+ T 4	MT2A	Immune	Markers
CD8+ T 4	NUSAP1	Immune	Markers
CD8+ T 4	H2AZ1	Immune	Markers
CD8+ T 4	PFN1	Immune	Markers
CD8+ T 4	ACTB	Immune	Markers
CD8+ T 4	GZMB	Immune	Markers
CD8+ T 4	SMC4	Immune	Markers
CD8+ T 4	ASPM	Immune	Markers
CD8+ T 4	NKG7	Immune	Markers
CD8+ T 4	ACTG1	Immune	Markers
CD8+ T 4	SMC2	Immune	Markers
CD8+ T 4	ANP32B	Immune	Markers
CD8+ T 4	PTTG1	Immune	Markers
CD8+ T 4	DUSP4	Immune	Markers
CD8+ T 4	RAN	Immune	Markers
CD8+ T 4	TPX2	Immune	Markers
CD8+ T 4	NUCKS1	Immune	Markers
CD8+ T 4	UBE2C	Immune	Markers
CD8+ T 4	ENO1	Immune	Markers
CD8+ T 4	COTL1	Immune	Markers
CD8+ T 4	RANBP1	Immune	Markers
CD8+ T 4	CORO1A	Immune	Markers
CD8+ T 4	RAD21	Immune	Markers
CD8+ T 4	SMC3	Immune	Markers
CD8+ T 4	CD7	Immune	Markers
CD8+ T 4	RAC2	Immune	Markers
CD8+ T 4	CCL4	Immune	Markers
CD8+ T 4	PTMA	Immune	Markers
CD8+ T 4	CCL5	Immune	Markers
CD8+ T 4	ATAD2	Immune	Markers
CD8+ T 4	ARHGDIB	Immune	Markers
CD8+ T 4	ANP32E	Immune	Markers
CD8+ T 4	SLC25A5	Immune	Markers
CD8+ T 4	ARPC2	Immune	Markers
CD8+ T 4	LDHA	Immune	Markers
CD8+ T 4	S100A4	Immune	Markers
CD8+ T 4	BIRC5	Immune	Markers
CD8+ T 4	CLSPN	Immune	Markers
CD8+ T 4	CXCL13	Immune	Markers
CD8+ T 4	KIF20B	Immune	Markers
CD8+ T 4	JPT1	Immune	Markers
CD8+ T 4	CENPE	Immune	Markers
CD8+ T 4	H1-3	Immune	Markers
CD8+ T 4	DNMT1	Immune	Markers
CD8+ T 4	PKM	Immune	Markers
CD8+ T 4	TRAC	Immune	Markers
CD8+ T 4	TMPO	Immune	Markers
CD8+ T 4	EZH2	Immune	Markers
CD8+ T 4	CTLA4	Immune	Markers
CD8+ T 4	NUDT1	Immune	Markers
CD8+ T 4	MCM7	Immune	Markers
CD8+ T 4	IFI16	Immune	Markers
CD8+ T 4	MAD2L1	Immune	Markers
CD8+ T 4	CENPM	Immune	Markers
CD8+ T 4	MCM3	Immune	Markers
CD8+ T 4	PSMB9	Immune	Markers
CD8+ T 4	TK1	Immune	Markers
CD8+ T 4	ZWINT	Immune	Markers
CD8+ T 4	RPA3	Immune	Markers
CD8+ T 4	CDK1	Immune	Markers
CD8+ T 4	USP1	Immune	Markers
CD8+ T 4	CD3D	Immune	Markers
CD8+ T 4	CD2	Immune	Markers
CD8+ T 4	KIF11	Immune	Markers
CD8+ T 4	STMN1	Immune	Markers
CD8+ T 4	SMC1A	Immune	Markers
CD8+ T 4	ITM2A	Immune	Markers
CD8+ T 4	PSMA7	Immune	Markers
CD8+ T 4	NASP	Immune	Markers
CD8+ T 4	VIM	Immune	Markers
CD8+ T 4	DLGAP5	Immune	Markers
CD8+ T 4	CD247	Immune	Markers
CD8+ T 4	H1-5	Immune	Markers
CD8+ T 4	SET	Immune	Markers
CD8+ T 4	PRKDC	Immune	Markers
CD8+ T 4	HELLS	Immune	Markers
CD8+ T 4	TMSB4X	Immune	Markers
CD8+ T 4	TRBC2	Immune	Markers
CD8+ T 4	CBX3	Immune	Markers
CD8+ T 4	CACYBP	Immune	Markers
CD8+ T 4	HMGN1	Immune	Markers
CD8+ T 4	RRM1	Immune	Markers
CD8+ T 4	SUPT16H	Immune	Markers
CD8+ T 4	H2AC20	Immune	Markers
CD8+ T 4	TNFRSF18	Immune	Markers
CD8+ T 4	TPM3	Immune	Markers
CD8+ T 4	DDX39A	Immune	Markers
CD8+ T 4	CENPK	Immune	Markers
CD8+ T 4	H1-2	Immune	Markers
CD8+ T 4	CLEC2D	Immune	Markers
CD8+ T 4	TIGIT	Immune	Markers
CD8+ T 4	MYL12B	Immune	Markers
CD8+ T 4	DTYMK	Immune	Markers
CD8+ T 4	CD3G	Immune	Markers
CD8+ T 4	ATAD5	Immune	Markers
CD8+ T 4	CBX5	Immune	Markers
CD8+ T 4	LCK	Immune	Markers
CD8+ T 4	GTSE1	Immune	Markers
CD8+ T 4	LDHB	Immune	Markers
CD8+ T 4	UBE2T	Immune	Markers
CD8+ T 4	YBX1	Immune	Markers
CD8+ T 4	PSIP1	Immune	Markers
CD8+ T 4	FAM111B	Immune	Markers
CD8+ T 4	CEP55	Immune	Markers
CD8+ T 4	MACROH2A1	Immune	Markers
CD8+ T 4	TRDC	Immune	Markers
CD8+ T 4	LMNB1	Immune	Markers
CD8+ T 4	CD3E	Immune	Markers
CD8+ T 4	RGS1	Immune	Markers
CD8+ T 4	MSN	Immune	Markers
CD8+ T 4	IL2RB	Immune	Markers
CD8+ T 4	CCNA2	Immune	Markers
CD8+ T 4	ACTR3	Immune	Markers
CD8+ T 4	NCAPG	Immune	Markers
CD8+ T 4	GZMH	Immune	Markers
CD8+ T 4	NAP1L1	Immune	Markers
CD8+ T 4	SLBP	Immune	Markers
CD8+ T 4	TMSB10	Immune	Markers
CD8+ T 4	MCM6	Immune	Markers
CD8+ T 4	BUB3	Immune	Markers
CD8+ T 4	H2AZ2	Immune	Markers
CD8+ T 4	HLA-A	Immune	Markers
CD8+ T 4	HNRNPA2B1	Immune	Markers
CD8+ T 4	MYH9	Immune	Markers
CD8+ T 4	SNRPF	Immune	Markers
CD8+ T 4	HMMR	Immune	Markers
CD8+ T 4	CENPU	Immune	Markers
CD8+ T 4	SGO2	Immune	Markers
CD8+ T 4	SNRNP25	Immune	Markers
CD8+ T 4	GMFG	Immune	Markers
CD8+ T 4	FAM111A	Immune	Markers
CD8+ T 4	CKS1B	Immune	Markers
CD8+ T 4	SH3BGRL3	Immune	Markers
CD8+ T 4	APOBEC3G	Immune	Markers
CD8+ T 4	NUF2	Immune	Markers
CD8+ T 4	LINC01871	Immune	Markers
CD8+ T 4	LSP1	Immune	Markers
CD8+ T 4	RAB27A	Immune	Markers
CD8+ T 4	SKA2	Immune	Markers
CD8+ T 4	CD99	Immune	Markers
CD8+ T 4	RBPJ	Immune	Markers
CD8+ T 4	NCL	Immune	Markers
CD8+ T 4	NPM1	Immune	Markers
CD8+ T 4	CKS2	Immune	Markers
CD8+ T 4	HSPD1	Immune	Markers
CD8+ T 4	PTPRC	Immune	Markers
CD8+ T 4	CCDC167	Immune	Markers
CD8+ T 4	KPNA2	Immune	Markers
CD8+ T 4	ITGAE	Immune	Markers
CD8+ T 4	NAP1L4	Immune	Markers
CD8+ T 4	TNFRSF9	Immune	Markers
CD8+ T 4	YWHAB	Immune	Markers
CD8+ T 4	RPSA	Immune	Markers
CD8+ T 4	TPR	Immune	Markers
CD8+ T 4	CCNB2	Immune	Markers
CD8+ T 4	FANCI	Immune	Markers
CD8+ T 4	CAP1	Immune	Markers
CD8+ T 4	PPDPF	Immune	Markers
CD8+ T 4	MYL12A	Immune	Markers
CD8+ T 4	LBR	Immune	Markers
CD8+ T 4	NDC80	Immune	Markers
CD8+ T 4	SYNE2	Immune	Markers
CD8+ T 4	H2AX	Immune	Markers
CD8+ T 4	TRBC1	Immune	Markers
CD8+ T 4	CCND2	Immune	Markers
CD8+ T 4	TNFRSF1B	Immune	Markers
CD8+ T 4	KIF23	Immune	Markers
CD8+ T 4	ABRACL	Immune	Markers
CD8+ T 4	PTPN22	Immune	Markers
CD8+ T 4	TACC3	Immune	Markers
CD8+ T 4	MCM5	Immune	Markers
CD8+ T 4	UBE2S	Immune	Markers
CD8+ T 4	GMNN	Immune	Markers
CD8+ T 4	LSM5	Immune	Markers
CD8+ T 4	CDT1	Immune	Markers
CD8+ T 4	ARPC5	Immune	Markers
CD8+ T 4	WNK1	Immune	Markers
CD8+ T 4	CCL3	Immune	Markers
CD8+ T 4	MCM4	Immune	Markers
CD8+ T 4	GNAI2	Immune	Markers
CD8+ T 4	SRSF7	Immune	Markers
CD8+ T 4	PHLDA1	Immune	Markers
CD8+ T 4	FBXO5	Immune	Markers
CD8+ T 4	EIF2S2	Immune	Markers
CD8+ T 4	TXN	Immune	Markers
CD8+ T 4	RUNX3	Immune	Markers
CD8+ T 4	CDKN2D	Immune	Markers
CD8+ T 4	IFNG	Immune	Markers
CD8+ T 4	SPOCK2	Immune	Markers
CD8+ T 4	CNTRL	Immune	Markers
CD8+ T 4	ID2	Immune	Markers
CD8+ T 4	IKZF3	Immune	Markers
CD8+ T 4	CD8A	Immune	Markers
CD8+ T 4	RNF213	Immune	Markers
CD8+ T 4	BRCA2	Immune	Markers
CD8+ T 4	CLEC2B	Immune	Markers
CD8+ T 4	CDCA8	Immune	Markers
CD8+ T 4	ANXA5	Immune	Markers
CD8+ T 4	DIAPH1	Immune	Markers
CD8+ T 4	ETS1	Immune	Markers
CD8+ T 4	EID1	Immune	Markers
CD8+ T 4	HNRNPDL	Immune	Markers
CD8+ T 4	S100A10	Immune	Markers
CD8+ T 4	ASF1B	Immune	Markers
CD8+ T 4	HSPA8	Immune	Markers
CD8+ T 4	H1-4	Immune	Markers
CD8+ T 4	ORC6	Immune	Markers
CD8+ T 4	PMAIP1	Immune	Markers
CD8+ T 4	NCAPD2	Immune	Markers
CD8+ T 4	PAXX	Immune	Markers
CD8+ T 4	HMGN2	Immune	Markers
CD8+ T 4	PGK1	Immune	Markers
CD8+ T 4	PRF1	Immune	Markers
CD8+ T 4	ARPC3	Immune	Markers
CD8+ T 4	RAD51AP1	Immune	Markers
CD8+ T 4	BTG3	Immune	Markers
CD8+ T 4	ROCK1	Immune	Markers
CD8+ T 4	RASGRP1	Immune	Markers
CD8+ T 4	CD52	Immune	Markers
CD8+ T 4	IL2RA	Immune	Markers
CD8+ T 4	FLNA	Immune	Markers
CD8+ T 4	MYBL2	Immune	Markers
CD8+ T 4	TLN1	Immune	Markers
CD8+ T 4	PPP1R18	Immune	Markers
CD8+ T 4	XCL2	Immune	Markers
CD8+ T 4	ITGA1	Immune	Markers
CD8+ T 4	ICOS	Immune	Markers
CD8+ T 4	ADGRE5	Immune	Markers
CD8+ T 4	TPM4	Immune	Markers
CD8+ T 4	HOPX	Immune	Markers
CD8+ T 4	CENPH	Immune	Markers
CD8+ T 4	HNRNPU	Immune	Markers
CD8+ T 4	CKAP2	Immune	Markers
CD8+ T 4	GSTO1	Immune	Markers
CD8+ T 4	KIFC1	Immune	Markers
CD8+ T 4	KIF14	Immune	Markers
CD8+ T 4	NDUFA4	Immune	Markers
CD8+ T 4	FYB1	Immune	Markers
CD8+ T 4	GZMK	Immune	Markers
CD8+ T 4	IKZF2	Immune	Markers
CD8+ T 4	CENPW	Immune	Markers
CD8+ T 4	AURKB	Immune	Markers
CD8+ T 4	JAK1	Immune	Markers
CD8+ T 4	FAM107B	Immune	Markers
CD8+ T 4	CDKN3	Immune	Markers
CD8+ T 4	SUB1	Immune	Markers
CD8+ T 4	WDR76	Immune	Markers
CD8+ T 4	GINS2	Immune	Markers
CD8+ T 4	CCL4L2	Immune	Markers
CD8+ T 4	NSD2	Immune	Markers
CD8+ T 4	CCDC34	Immune	Markers
CD8+ T 4	TTF2	Immune	Markers
CD8+ T 4	ACTR2	Immune	Markers
CD8+ T 4	SH2D2A	Immune	Markers
CD8+ T 4	HMGA1	Immune	Markers
CD8+ T 4	UBALD2	Immune	Markers
CD8+ T 4	YWHAH	Immune	Markers
CD8+ T 4	CCT2	Immune	Markers
CD8+ T 4	HNRNPA1	Immune	Markers
CD8+ T 4	CSK	Immune	Markers
CD8+ T 4	SH3KBP1	Immune	Markers
CD8+ T 4	PARP1	Immune	Markers
CD8+ T 4	PLAAT4	Immune	Markers
CD8+ T 4	PLP2	Immune	Markers
CD8+ T 4	NCAPG2	Immune	Markers
CD8+ T 4	KIF2C	Immune	Markers
CD8+ T 4	SUN2	Immune	Markers
CD8+ T 4	DNAJC8	Immune	Markers
CD8+ T 4	CDCA2	Immune	Markers
CD8+ T 4	CCDC85B	Immune	Markers
CD8+ T 4	APBB1IP	Immune	Markers
CD8+ T 4	FDPS	Immune	Markers
CD8+ T 4	MIS18BP1	Immune	Markers
CD8+ T 4	KNL1	Immune	Markers
CD8+ T 4	LIMS1	Immune	Markers
CD8+ T 4	GPR171	Immune	Markers
CD8+ T 4	CCNB1	Immune	Markers
CD8+ T 4	H3C2	Immune	Markers
CD8+ T 4	H1-10	Immune	Markers
CD8+ T 4	PRPF38B	Immune	Markers
CD8+ T 4	BUB1	Immune	Markers
CD8+ T 4	RBBP8	Immune	Markers
CD8+ T 4	SPRY1	Immune	Markers
CD8+ T 4	MRPL18	Immune	Markers
CD8+ T 4	PTPN7	Immune	Markers
CD8+ T 4	AURKA	Immune	Markers
CD8+ T 4	KLRD1	Immune	Markers
CD8+ T 4	HCST	Immune	Markers
CD8+ T 4	PBK	Immune	Markers
CD8+ T 4	SRSF2	Immune	Markers
CD8+ T 4	NCAPH	Immune	Markers
CD8+ T 4	FYN	Immune	Markers
CD8+ T 4	TUBB4B	Immune	Markers
CD8+ T 4	SHCBP1	Immune	Markers
CD8+ T 4	ARL6IP5	Immune	Markers
CD8+ T 4	HSP90AA1	Immune	Markers
CD8+ T 4	MT1E	Immune	Markers
CD8+ T 4	ELOB	Immune	Markers
CD8+ T 4	UCP2	Immune	Markers
CD8+ T 4	UBA2	Immune	Markers
CD8+ T 4	RPL39L	Immune	Markers
CD8+ T 4	EMB	Immune	Markers
CD8+ T 4	RPLP0	Immune	Markers
CD8+ T 4	ESCO2	Immune	Markers
CD8+ T 4	SAMSN1	Immune	Markers
CD8+ T 4	PDE4D	Immune	Markers
CD8+ T 4	HJURP	Immune	Markers
CD8+ T 4	PPIG	Immune	Markers
CD8+ T 4	PTMS	Immune	Markers
CD8+ T 4	TMIGD2	Immune	Markers
CD8+ T 4	HSPH1	Immune	Markers
CD8+ T 4	CDC20	Immune	Markers
CD8+ T 4	CTSW	Immune	Markers
CD8+ T 4	CNN2	Immune	Markers
CD8+ T 4	LCP2	Immune	Markers
CD8+ T 4	CYRIB	Immune	Markers
CD8+ T 4	PIK3R1	Immune	Markers
CD8+ T 4	GBP1	Immune	Markers
CD8+ T 4	MELK	Immune	Markers
CD8+ T 4	MRPS6	Immune	Markers
CD8+ T 4	MAD2L2	Immune	Markers
CD8+ T 4	RPS6KA3	Immune	Markers
CD8+ T 4	GBP2	Immune	Markers
CD8+ T 4	CDC25B	Immune	Markers
CD8+ T 4	TNFAIP3	Immune	Markers
CD8+ T 4	OSTF1	Immune	Markers
CD8+ T 4	MACF1	Immune	Markers
CD8+ T 4	KIF15	Immune	Markers
CD8+ T 4	RORA	Immune	Markers
CD8+ T 4	MYO1G	Immune	Markers
CD8+ T 4	RGS10	Immune	Markers
CD8+ T 4	SSBP4	Immune	Markers
CD8+ T 4	CD69	Immune	Markers
CD8+ T 4	PPP1R12A	Immune	Markers
CD8+ T 4	GBP4	Immune	Markers
CD8+ T 4	CKAP5	Immune	Markers
CD8+ T 4	LPIN2	Immune	Markers
CD8+ T 4	FOXM1	Immune	Markers
CD8+ T 4	ARHGEF6	Immune	Markers
CD8+ T 4	UQCRH	Immune	Markers
CD8+ T 4	GIMAP7	Immune	Markers
CD8+ T 4	FMNL1	Immune	Markers
CD8+ T 4	CST7	Immune	Markers
CD8+ T 4	EFHD2	Immune	Markers
CD8+ T 4	OXCT1	Immune	Markers
CD8+ T 4	TNFRSF4	Immune	Markers
CD8+ T 4	TACC1	Immune	Markers
CD8+ T 4	HSPE1	Immune	Markers
CD8+ T 4	MBNL1	Immune	Markers
CD8+ T 4	DCK	Immune	Markers
CD8+ T 4	SLFN5	Immune	Markers
CD8+ T 4	DOCK2	Immune	Markers
CD8+ T 4	MASTL	Immune	Markers
CD8+ T 4	HIPK1	Immune	Markers
CD8+ T 4	CIP2A	Immune	Markers
CD8+ T 4	AHI1	Immune	Markers
CD8+ T 4	ZAP70	Immune	Markers
CD8+ T 4	ECT2	Immune	Markers
CD8+ T 4	HMGB3	Immune	Markers
CD8+ T 4	DYNLL1	Immune	Markers
CD8+ T 4	CHD4	Immune	Markers
CD8+ T 4	LDLRAD4	Immune	Markers
CD8+ T 4	RNF19A	Immune	Markers
CD8+ T 4	BARD1	Immune	Markers
CD8+ T 4	PIP4K2A	Immune	Markers
CD8+ T 4	CRTAM	Immune	Markers
CD8+ T 4	DIAPH3	Immune	Markers
CD8+ T 4	SKAP1	Immune	Markers
CD8+ T 4	STK17A	Immune	Markers
CD8+ T 4	CELF2	Immune	Markers
CD8+ T 4	IFI27L2	Immune	Markers
CD8+ T 4	PPA1	Immune	Markers
CD8+ T 4	REL	Immune	Markers
CD8+ T 4	CDK6	Immune	Markers
CD8+ T 4	RHOH	Immune	Markers
CD8+ T 4	RBM8A	Immune	Markers
CD8+ T 4	MTHFD2	Immune	Markers
CD8+ T 4	PNN	Immune	Markers
CD8+ T 4	IRF4	Immune	Markers
CD8+ T 4	GYG1	Immune	Markers
CD8+ T 4	SPTBN1	Immune	Markers
CD8+ T 4	SMC5	Immune	Markers
CD8+ T 4	KIF4A	Immune	Markers
CD8+ T 4	ATP5MC2	Immune	Markers
CD8+ T 4	E2F1	Immune	Markers
CD8+ T 4	CDK2AP2	Immune	Markers
CD8+ T 4	GBP5	Immune	Markers
CD8+ T 4	STK17B	Immune	Markers
CD8+ T 4	SASH3	Immune	Markers
CD8+ T 4	CORO1B	Immune	Markers
CD8+ T 4	CD6	Immune	Markers
CD8+ T 4	DYNC2I2	Immune	Markers
CD8+ T 4	NHP2	Immune	Markers
CD8+ T 4	HNRNPLL	Immune	Markers
CD8+ T 4	BLM	Immune	Markers
CD8+ T 4	C21orf58	Immune	Markers
CD8+ T 4	UHRF1	Immune	Markers
CD8+ T 4	ARID4B	Immune	Markers
CD8+ T 4	SRI	Immune	Markers
CD8+ T 4	RNF167	Immune	Markers
CD8+ T 4	NOP58	Immune	Markers
CD8+ T 4	MCM10	Immune	Markers
CD8+ T 4	FNBP1	Immune	Markers
CD8+ T 4	CEMIP2	Immune	Markers
CD8+ T 4	H2AC12	Immune	Markers
CD8+ T 4	CYB5B	Immune	Markers
CD8+ T 4	NUP210	Immune	Markers
CD8+ T 4	ACOT7	Immune	Markers
CD8+ T 4	NCAPD3	Immune	Markers
CD8+ T 4	COPS3	Immune	Markers
CD8+ T 4	CYFIP2	Immune	Markers
CD8+ T 4	PLK1	Immune	Markers
CD8+ T 4	DDB2	Immune	Markers
CD8+ T 4	OSBPL8	Immune	Markers
CD8+ T 4	SIRPG	Immune	Markers
CD8+ T 4	TRGC2	Immune	Markers
CD8+ T 4	ARGLU1	Immune	Markers
CD8+ T 4	EVL	Immune	Markers
CD8+ T 4	CENPN	Immune	Markers
CD8+ T 4	LGALS1	Immune	Markers
CD8+ T 4	CDCA7	Immune	Markers
CD8+ T 4	SLA2	Immune	Markers
CD8+ T 4	OPTN	Immune	Markers
CD8+ T 4	ATP2B4	Immune	Markers
CD8+ T 4	BAZ1A	Immune	Markers
CD8+ T 4	RASAL3	Immune	Markers
CD8+ T 4	DOK2	Immune	Markers
CD8+ T 4	KIF2A	Immune	Markers
CD8+ T 4	DCP2	Immune	Markers
CD8+ T 4	ARHGAP11A	Immune	Markers
CD8+ T 4	RECQL	Immune	Markers
CD8+ T 4	BZW1	Immune	Markers
CD8+ T 4	CTNNAL1	Immune	Markers
CD8+ T 4	ACAA2	Immune	Markers
CD8+ T 4	TSPAN5	Immune	Markers
CD8+ T 4	E2F8	Immune	Markers
CD8+ T 4	ARL4C	Immune	Markers
CD8+ T 4	CCL20	Immune	Markers
CD8+ T 4	HMGN3	Immune	Markers
CD8+ T 4	KIR2DL4	Immune	Markers
CD8+ T 4	COMMD8	Immune	Markers
CD8+ T 4	ALOX5AP	Immune	Markers
CD8+ T 4	LNPEP	Immune	Markers
CD8+ T 4	TTK	Immune	Markers
CD8+ T 4	LAG3	Immune	Markers
CD8+ T 4	STAT5A	Immune	Markers
CD8+ T 4	MCRIP1	Immune	Markers
CD8+ T 4	RAB11FIP1	Immune	Markers
CD8+ T 4	GATA3	Immune	Markers
CD8+ T 4	CDKN2C	Immune	Markers
CD8+ T 4	DBF4	Immune	Markers
CD8+ T 4	GTF3A	Immune	Markers
CD8+ T 4	TESC	Immune	Markers
CD8+ T 4	TUBA4A	Immune	Markers
CD8+ T 4	SMARCC1	Immune	Markers
CD8+ T 4	MAPRE2	Immune	Markers
CD8+ T 4	PARP14	Immune	Markers
CD8+ T 4	ATP5MC1	Immune	Markers
CD8+ T 4	RASSF5	Immune	Markers
CD8+ T 4	ANXA2	Immune	Markers
CD8+ T 4	IKZF1	Immune	Markers
CD8+ T 4	RMI2	Immune	Markers
CD8+ T 4	TANK	Immune	Markers
CD8+ T 4	TOPORS	Immune	Markers
CD8+ T 4	ZC3H13	Immune	Markers
CD8+ T 4	GGCT	Immune	Markers
CD8+ T 4	RPS2	Immune	Markers
CD8+ T 4	S1PR4	Immune	Markers
CD8+ T 4	CEBPZ	Immune	Markers
CD8+ T 4	C1QBP	Immune	Markers
CD8+ T 4	MTPN	Immune	Markers
CD8+ T 4	LYST	Immune	Markers
CD8+ T 4	OTULIN	Immune	Markers
CD8+ T 4	ITGAL	Immune	Markers
CD8+ T 4	ANXA11	Immune	Markers
CD8+ T 4	SAMD9	Immune	Markers
CD8+ T 4	RAP1A	Immune	Markers
CD8+ T 4	ISG15	Immune	Markers
CD8+ T 4	CMC1	Immune	Markers
CD8+ T 4	CDKN2A	Immune	Markers
CD8+ T 4	MCM8	Immune	Markers
CD8+ T 4	LINC01943	Immune	Markers
CD8+ T 4	EMP3	Immune	Markers
CD8+ T 4	FOXP3	Immune	Markers
CD8+ T 4	AAK1	Immune	Markers
CD8+ T 4	ADD3	Immune	Markers
CD8+ T 4	LUC7L3	Immune	Markers
CD8+ T 4	PAFAH1B3	Immune	Markers
CD8+ T 4	MND1	Immune	Markers
CD8+ T 4	TOX	Immune	Markers
CD8+ T 4	MRPS21	Immune	Markers
CD8+ T 4	CHD3	Immune	Markers
CD8+ T 4	WIPF1	Immune	Markers
CD8+ T 4	HCLS1	Immune	Markers
CD8+ T 4	PHF19	Immune	Markers
CD8+ T 4	GSTP1	Immune	Markers
CD8+ T 4	PDCL3	Immune	Markers
CD8+ T 4	UQCRC1	Immune	Markers
CD8+ T 4	KRR1	Immune	Markers
CD8+ T 4	LYAR	Immune	Markers
CD8+ T 4	RAB8B	Immune	Markers
CD8+ T 4	ARHGAP9	Immune	Markers
CD8+ T 4	CXCR6	Immune	Markers
CD8+ T 4	HACD3	Immune	Markers
CD8+ T 4	DOCK8	Immune	Markers
CD8+ T 4	METTL9	Immune	Markers
CD8+ T 4	UBE2L6	Immune	Markers
CD8+ T 4	AKAP13	Immune	Markers
CD8+ T 4	GYPC	Immune	Markers
CD8+ T 4	NAB1	Immune	Markers
CD8+ T 4	SPDL1	Immune	Markers
CD8+ T 4	WAS	Immune	Markers
CD8+ T 4	ANKRD36C	Immune	Markers
CD8+ T 4	ABI3	Immune	Markers
CD8+ T 4	SELENOW	Immune	Markers
CD8+ T 4	H2AC17	Immune	Markers
CD8+ T 4	CFAP20	Immune	Markers
CD8+ T 4	SMCHD1	Immune	Markers
CD8+ T 4	ACAP1	Immune	Markers
CD8+ T 4	TAB2	Immune	Markers
CD8+ T 4	GLIPR2	Immune	Markers
CD8+ T 4	SYTL3	Immune	Markers
CD8+ T 4	POLR2A	Immune	Markers
CD8+ T 4	ESYT1	Immune	Markers
CD8+ T 4	NUCB2	Immune	Markers
CD8+ T 4	MOB1A	Immune	Markers
CD8+ T 4	ARAP2	Immune	Markers
CD8+ T 4	BIN1	Immune	Markers
CD8+ T 4	CHAF1A	Immune	Markers
CD8+ T 4	FBL	Immune	Markers
CD8+ T 4	CCNF	Immune	Markers
CD8+ T 4	RGCC	Immune	Markers
CD8+ T 4	NRM	Immune	Markers
CD8+ T 4	HADH	Immune	Markers
CD8+ T 4	CEP152	Immune	Markers
CD8+ T 4	ELOVL5	Immune	Markers
CD8+ T 4	CIT	Immune	Markers
CD8+ T 4	AKAP5	Immune	Markers
CD8+ T 4	SELPLG	Immune	Markers
CD8+ T 4	FRMD4B	Immune	Markers
CD8+ T 4	EIF2AK2	Immune	Markers
CD8+ T 4	XCL1	Immune	Markers
CD8+ T 4	HSP90AB1	Immune	Markers
CD8+ T 4	RHOF	Immune	Markers
CD8+ T 4	MAPK1	Immune	Markers
CD8+ T 4	KMT2A	Immune	Markers
CD8+ T 4	SPATS2L	Immune	Markers
CD8+ T 4	SSB	Immune	Markers
CD8+ T 4	ZNF367	Immune	Markers
CD8+ T 4	PIM3	Immune	Markers
CD8+ T 4	CD53	Immune	Markers
CD8+ T 4	ZFP36L1	Immune	Markers
CD8+ T 4	SAP30	Immune	Markers
CD8+ T 4	IMPDH2	Immune	Markers
CD8+ T 4	APOL6	Immune	Markers
CD8+ T 4	VRK1	Immune	Markers
CD8+ T 4	CLK1	Immune	Markers
CD8+ T 4	RHOG	Immune	Markers
CD8+ T 4	G3BP2	Immune	Markers
CD8+ T 4	FKBP5	Immune	Markers
CD8+ T 4	JOSD1	Immune	Markers
CD8+ T 4	LAYN	Immune	Markers
CD8+ T 4	ANLN	Immune	Markers
CD8+ T 4	PPP4R2	Immune	Markers
CD8+ T 4	OCIAD2	Immune	Markers
CD8+ T 4	C16orf87	Immune	Markers
CD8+ T 4	CMTM6	Immune	Markers
CD8+ T 4	ZBTB1	Immune	Markers
CD8+ T 4	TIFA	Immune	Markers
CD8+ T 4	PRDX5	Immune	Markers
CD8+ T 4	ABHD17A	Immune	Markers
CD8+ T 4	GGH	Immune	Markers
CD8+ T 4	S100A6	Immune	Markers
CD8+ T 4	GPR65	Immune	Markers
CD8+ T 4	BST2	Immune	Markers
CD8+ T 4	EPC1	Immune	Markers
CD8+ T 4	BHLHE40	Immune	Markers
CD8+ T 4	GIMAP4	Immune	Markers
CD8+ T 4	FURIN	Immune	Markers
CD8+ T 4	CD28	Immune	Markers
CD8+ T 4	MAP3K8	Immune	Markers
CD8+ T 4	TNIP3	Immune	Markers
CD8+ T 4	NEDD9	Immune	Markers
CD8+ T 4	CBLB	Immune	Markers
CD8+ T 4	PRELID3B	Immune	Markers
CD8+ T 4	CEP78	Immune	Markers
CD8+ T 4	CTSC	Immune	Markers
CD8+ T 4	ANAPC16	Immune	Markers
CD8+ T 4	DDIT4	Immune	Markers
CD8+ T 4	TAF15	Immune	Markers
CD8+ T 4	SLC20A1	Immune	Markers
CD8+ T 4	DEPDC1B	Immune	Markers
CD8+ T 4	WDHD1	Immune	Markers
CD8+ T 4	NFKB1	Immune	Markers
CD8+ T 4	TOX2	Immune	Markers
CD8+ T 4	AKIRIN2	Immune	Markers
CD8+ T 4	METAP2	Immune	Markers
CD8+ T 4	ARRB2	Immune	Markers
CD8+ T 4	IL32	Immune	Markers
CD8+ T 4	CCNI	Immune	Markers
CD8+ T 4	SLC4A7	Immune	Markers
CD8+ T 4	ATP2A3	Immune	Markers
CD8+ T 4	RANBP9	Immune	Markers
CD8+ T 4	H2AC14	Immune	Markers
CD8+ T 4	PREX1	Immune	Markers
CD8+ T 4	PDE3B	Immune	Markers
CD8+ T 4	CYTIP	Immune	Markers
CD8+ T 4	VMP1	Immune	Markers
CD8+ T 4	NR3C1	Immune	Markers
CD8+ T 4	SPEN	Immune	Markers
CD8+ T 4	CCND3	Immune	Markers
CD8+ T 4	PPP1R14B	Immune	Markers
CD8+ T 4	ZC3H12D	Immune	Markers
CD8+ T 4	CREM	Immune	Markers
CD8+ T 4	IL21R	Immune	Markers
CD8+ T 4	SLF1	Immune	Markers
CD8+ T 4	UBASH3B	Immune	Markers
CD8+ T 4	ITGB1	Immune	Markers
CD8+ T 4	ZC3HAV1	Immune	Markers
CD8+ T 4	RPL4	Immune	Markers
CD8+ T 4	TRAT1	Immune	Markers
CD8+ T 4	TNFSF10	Immune	Markers
CD8+ T 4	IRF1	Immune	Markers
CD8+ T 4	FDX1	Immune	Markers
CD8+ T 4	AGO2	Immune	Markers
CD8+ T 4	SUSD3	Immune	Markers
CD8+ T 4	ZGRF1	Immune	Markers
CD8+ T 4	CCDC82	Immune	Markers
CD8+ T 4	GFOD1	Immune	Markers
CD8+ T 4	GPRIN3	Immune	Markers
CD8+ T 4	DUSP10	Immune	Markers
Mast	TPSAB1	Immune	Markers
Mast	HPGD	Immune	Markers
Mast	CTSG	Immune	Markers
Mast	HPGDS	Immune	Markers
Mast	CLU	Immune	Markers
Mast	LTC4S	Immune	Markers
Mast	KIT	Immune	Markers
Mast	CD9	Immune	Markers
Mast	AREG	Immune	Markers
Mast	GATA2	Immune	Markers
Mast	VIM	Immune	Markers
Mast	ANXA1	Immune	Markers
Mast	SLC18A2	Immune	Markers
Mast	ALOX5AP	Immune	Markers
Mast	CD63	Immune	Markers
Mast	GLUL	Immune	Markers
Mast	LAPTM4A	Immune	Markers
Mast	PTGS2	Immune	Markers
Mast	CAPG	Immune	Markers
Mast	EGR1	Immune	Markers
Mast	S100A6	Immune	Markers
Mast	FTH1	Immune	Markers
Mast	SAMSN1	Immune	Markers
Mast	NFKBIZ	Immune	Markers
Mast	ADCYAP1	Immune	Markers
Mast	RHEX	Immune	Markers
Mast	CD69	Immune	Markers
Mast	VWA5A	Immune	Markers
Mast	SRGN	Immune	Markers
Mast	LMO4	Immune	Markers
Mast	TSC22D1	Immune	Markers
Mast	S100A4	Immune	Markers
Mast	TNFSF10	Immune	Markers
Mast	BACE2	Immune	Markers
Mast	LEO1	Immune	Markers
Mast	TUBA1A	Immune	Markers
Mast	MT2A	Immune	Markers
Mast	NSMCE1	Immune	Markers
Mast	TMEM176B	Immune	Markers
Mast	ARHGAP18	Immune	Markers
Mast	AKAP12	Immune	Markers
Mast	HSPA1A	Immune	Markers
Mast	HSPB1	Immune	Markers
Mast	FOSB	Immune	Markers
Mast	PRDX1	Immune	Markers
Mast	MAOB	Immune	Markers
Mast	NFKBIA	Immune	Markers
Mast	PPP1R15A	Immune	Markers
Mast	CSF1	Immune	Markers
Mast	SDCBP	Immune	Markers
Mast	LGALS3	Immune	Markers
Mast	LMNA	Immune	Markers
Mast	FOXP1	Immune	Markers
Mast	GADD45B	Immune	Markers
Mast	CD44	Immune	Markers
Mast	BMP2K	Immune	Markers
Mast	PTGS1	Immune	Markers
Mast	RAC2	Immune	Markers
Mast	CD81	Immune	Markers
Mast	ACSL4	Immune	Markers
Mast	RAB32	Immune	Markers
Mast	RGS10	Immune	Markers
Mast	ALOX5	Immune	Markers
Mast	TIMP1	Immune	Markers
Mast	TYROBP	Immune	Markers
Mast	DUSP6	Immune	Markers
Mast	SLC45A3	Immune	Markers
Mast	TIMP3	Immune	Markers
Mast	FCER1A	Immune	Markers
Mast	ALDH1A1	Immune	Markers
Mast	SOCS1	Immune	Markers
Mast	GPR65	Immune	Markers
Mast	MYADM	Immune	Markers
Mast	SOX4	Immune	Markers
Mast	ARHGEF6	Immune	Markers
Mast	SELENOK	Immune	Markers
Mast	NDUFA4	Immune	Markers
Mast	ITM2B	Immune	Markers
Mast	H3-3B	Immune	Markers
Mast	STXBP6	Immune	Markers
Mast	FXYD5	Immune	Markers
Mast	CD82	Immune	Markers
Mast	HSPA1B	Immune	Markers
Mast	LDHB	Immune	Markers
Mast	FOS	Immune	Markers
Mast	RPL23	Immune	Markers
Mast	PLIN2	Immune	Markers
Mast	ATP6V1F	Immune	Markers
Mast	RGS2	Immune	Markers
Mast	BHLHE40	Immune	Markers
Mast	VEGFA	Immune	Markers
Mast	BEX4	Immune	Markers
Mast	PTMA	Immune	Markers
Mast	SQSTM1	Immune	Markers
Mast	S100A11	Immune	Markers
Mast	KRT1	Immune	Markers
Mast	IL18	Immune	Markers
Mast	PEBP1	Immune	Markers
Mast	SGK1	Immune	Markers
Mast	SYAP1	Immune	Markers
Mast	C4orf48	Immune	Markers
Mast	GCSAML	Immune	Markers
Mast	DDIT4	Immune	Markers
Mast	CAVIN2	Immune	Markers
Mast	DNAJA1	Immune	Markers
Mast	OSBPL8	Immune	Markers
Mast	HSP90AB1	Immune	Markers
Mast	IL1RL1	Immune	Markers
Mast	SERPINB1	Immune	Markers
Mast	AKAP13	Immune	Markers
Mast	MYL12B	Immune	Markers
Mast	SKIL	Immune	Markers
Mast	ANXA4	Immune	Markers
Mast	DNAJB1	Immune	Markers
Mast	IER2	Immune	Markers
Mast	NR4A1	Immune	Markers
Mast	LGALS1	Immune	Markers
Mast	LIF	Immune	Markers
Mast	BTK	Immune	Markers
Mast	RNF130	Immune	Markers
Mast	EGR3	Immune	Markers
Mast	MLPH	Immune	Markers
Mast	MITF	Immune	Markers
Mast	ALAS1	Immune	Markers
Mast	CLNK	Immune	Markers
Mast	ARPC3	Immune	Markers
Mast	SH3BGRL3	Immune	Markers
Mast	IFITM3	Immune	Markers
Mast	B4GALT5	Immune	Markers
Mast	RGS1	Immune	Markers
Mast	CTTNBP2	Immune	Markers
Mast	PDIA3	Immune	Markers
Mast	PLAT	Immune	Markers
Mast	CCNI	Immune	Markers
Mast	GALNT6	Immune	Markers
Mast	ARHGDIB	Immune	Markers
Mast	DYNLL1	Immune	Markers
Mast	PLPP1	Immune	Markers
Mast	LYL1	Immune	Markers
Mast	HSPH1	Immune	Markers
Mast	RPS6KA5	Immune	Markers
Mast	NACA	Immune	Markers
Mast	FOSL2	Immune	Markers
Mast	ACOT7	Immune	Markers
Mast	TMEM154	Immune	Markers
Mast	C1orf162	Immune	Markers
Mast	IL18R1	Immune	Markers
Mast	TSC22D2	Immune	Markers
Mast	NDFIP2	Immune	Markers
Mast	HSPA6	Immune	Markers
Mast	LPCAT2	Immune	Markers
Mast	GRAP2	Immune	Markers
Mast	KDM6B	Immune	Markers
Mast	ADRB2	Immune	Markers
Mast	ITM2A	Immune	Markers
Mast	HSPE1	Immune	Markers
Mast	ASAH1	Immune	Markers
Mast	CD37	Immune	Markers
Mast	GNPTAB	Immune	Markers
Mast	IDS	Immune	Markers
Mast	TSPO	Immune	Markers
Mast	NFE2L3	Immune	Markers
Mast	PRNP	Immune	Markers
Mast	CD84	Immune	Markers
Mast	RPL39	Immune	Markers
Mast	IER5	Immune	Markers
Mast	SLC2A3	Immune	Markers
Mast	RTN4	Immune	Markers
Mast	CSF2RB	Immune	Markers
Mast	P2RX1	Immune	Markers
Mast	TESC	Immune	Markers
Mast	EMP3	Immune	Markers
Mast	ABCA1	Immune	Markers
Mast	ELL2	Immune	Markers
Mast	TESPA1	Immune	Markers
Mast	POLR1F	Immune	Markers
Mast	TMEM176A	Immune	Markers
Mast	BST2	Immune	Markers
Mast	RPL5	Immune	Markers
Mast	ATP5MC2	Immune	Markers
Mast	TUBA1B	Immune	Markers
Mast	DDAH2	Immune	Markers
Mast	ZBTB20	Immune	Markers
Mast	HS3ST1	Immune	Markers
Mast	ID2	Immune	Markers
Mast	RHOBTB3	Immune	Markers
Mast	TMEM233	Immune	Markers
Mast	CMA1	Immune	Markers
Mast	UQCRH	Immune	Markers
Mast	SERTAD1	Immune	Markers
Mast	RPS24	Immune	Markers
Mast	PHLDA2	Immune	Markers
Mast	SH3BGRL	Immune	Markers
Mast	RAB27B	Immune	Markers
Mast	NR4A3	Immune	Markers
Mast	HNRNPA2B1	Immune	Markers
Mast	METRNL	Immune	Markers
Mast	ANXA11	Immune	Markers
Mast	HSPA8	Immune	Markers
Mast	RHOG	Immune	Markers
Mast	SVOPL	Immune	Markers
Mast	SMIM3	Immune	Markers
Mast	CALB2	Immune	Markers
Mast	RPL7	Immune	Markers
Mast	ARMH1	Immune	Markers
Mast	MAST4	Immune	Markers
Mast	EIF3E	Immune	Markers
Mast	RPL34	Immune	Markers
Mast	RPL14	Immune	Markers
Mast	MAPK1	Immune	Markers
Mast	VAMP8	Immune	Markers
Mast	HSPA5	Immune	Markers
Mast	FCER1G	Immune	Markers
Mast	FERMT2	Immune	Markers
Mast	HIF1A	Immune	Markers
Mast	RHBDD2	Immune	Markers
Mast	TXN	Immune	Markers
Mast	COL18A1	Immune	Markers
Mast	CPEB4	Immune	Markers
Mast	GSN	Immune	Markers
Mast	RASSF5	Immune	Markers
Mast	TPSD1	Immune	Markers
Mast	ADGRE2	Immune	Markers
Mast	IRS2	Immune	Markers
Mast	LCP2	Immune	Markers
Mast	ACTR3	Immune	Markers
Mast	THBS1	Immune	Markers
Mast	KIAA1549	Immune	Markers
Mast	SMIM1	Immune	Markers
Mast	CADPS	Immune	Markers
Mast	KLF4	Immune	Markers
Mast	CAVIN1	Immune	Markers
Mast	HSPD1	Immune	Markers
Mast	PHF20	Immune	Markers
Mast	WSB1	Immune	Markers
Mast	MRPL18	Immune	Markers
Mast	P2RY14	Immune	Markers
Mast	SRI	Immune	Markers
Mast	ZC3H12A	Immune	Markers
Mast	GALC	Immune	Markers
Mast	LAPTM5	Immune	Markers
Mast	FDX1	Immune	Markers
Mast	DUSP10	Immune	Markers
Mast	MYL12A	Immune	Markers
Monocyte 1	S100A9	Immune	Markers
Monocyte 1	IL1B	Immune	Markers
Monocyte 1	LYZ	Immune	Markers
Monocyte 1	CXCL8	Immune	Markers
Monocyte 1	S100A8	Immune	Markers
Monocyte 1	EREG	Immune	Markers
Monocyte 1	HLA-DRA	Immune	Markers
Monocyte 1	G0S2	Immune	Markers
Monocyte 1	HLA-DPB1	Immune	Markers
Monocyte 1	HLA-DPA1	Immune	Markers
Monocyte 1	TIMP1	Immune	Markers
Monocyte 1	AIF1	Immune	Markers
Monocyte 1	CXCL2	Immune	Markers
Monocyte 1	HLA-DRB1	Immune	Markers
Monocyte 1	TYROBP	Immune	Markers
Monocyte 1	THBS1	Immune	Markers
Monocyte 1	BCL2A1	Immune	Markers
Monocyte 1	CXCL3	Immune	Markers
Monocyte 1	FTH1	Immune	Markers
Monocyte 1	CD74	Immune	Markers
Monocyte 1	IER3	Immune	Markers
Monocyte 1	HLA-DRB5	Immune	Markers
Monocyte 1	VCAN	Immune	Markers
Monocyte 1	AREG	Immune	Markers
Monocyte 1	PTGS2	Immune	Markers
Monocyte 1	S100A11	Immune	Markers
Monocyte 1	PLEK	Immune	Markers
Monocyte 1	CPVL	Immune	Markers
Monocyte 1	COTL1	Immune	Markers
Monocyte 1	FGL2	Immune	Markers
Monocyte 1	FTL	Immune	Markers
Monocyte 1	NAMPT	Immune	Markers
Monocyte 1	LITAF	Immune	Markers
Monocyte 1	CEBPD	Immune	Markers
Monocyte 1	ACTB	Immune	Markers
Monocyte 1	C5AR1	Immune	Markers
Monocyte 1	GLUL	Immune	Markers
Monocyte 1	TYMP	Immune	Markers
Monocyte 1	CCL3	Immune	Markers
Monocyte 1	CTSS	Immune	Markers
Monocyte 1	CEBPB	Immune	Markers
Monocyte 1	GPR183	Immune	Markers
Monocyte 1	OLR1	Immune	Markers
Monocyte 1	SRGN	Immune	Markers
Monocyte 1	MNDA	Immune	Markers
Monocyte 1	LST1	Immune	Markers
Monocyte 1	CCL20	Immune	Markers
Monocyte 1	CD14	Immune	Markers
Monocyte 1	HLA-DQA1	Immune	Markers
Monocyte 1	HLA-DQB1	Immune	Markers
Monocyte 1	CYBB	Immune	Markers
Monocyte 1	IL1RN	Immune	Markers
Monocyte 1	HBEGF	Immune	Markers
Monocyte 1	BASP1	Immune	Markers
Monocyte 1	SERPINA1	Immune	Markers
Monocyte 1	PPIF	Immune	Markers
Monocyte 1	NEAT1	Immune	Markers
Monocyte 1	GRN	Immune	Markers
Monocyte 1	KLF4	Immune	Markers
Monocyte 1	ETS2	Immune	Markers
Monocyte 1	MS4A6A	Immune	Markers
Monocyte 1	CD83	Immune	Markers
Monocyte 1	VIM	Immune	Markers
Monocyte 1	ATP1B3	Immune	Markers
Monocyte 1	ANXA5	Immune	Markers
Monocyte 1	S100A6	Immune	Markers
Monocyte 1	RGS2	Immune	Markers
Monocyte 1	S100A10	Immune	Markers
Monocyte 1	CTSZ	Immune	Markers
Monocyte 1	LGALS1	Immune	Markers
Monocyte 1	MPEG1	Immune	Markers
Monocyte 1	TMSB10	Immune	Markers
Monocyte 1	C1QA	Immune	Markers
Monocyte 1	ITGB2	Immune	Markers
Monocyte 1	YBX3	Immune	Markers
Monocyte 1	JAML	Immune	Markers
Monocyte 1	VEGFA	Immune	Markers
Monocyte 1	RAB31	Immune	Markers
Monocyte 1	SAMHD1	Immune	Markers
Monocyte 1	ACSL1	Immune	Markers
Monocyte 1	FPR1	Immune	Markers
Monocyte 1	PTPRE	Immune	Markers
Monocyte 1	SGK1	Immune	Markers
Monocyte 1	SERPINB9	Immune	Markers
Monocyte 1	NCF2	Immune	Markers
Monocyte 1	LAPTM5	Immune	Markers
Monocyte 1	SERPINB1	Immune	Markers
Monocyte 1	NFKBIA	Immune	Markers
Monocyte 1	HLA-DMB	Immune	Markers
Monocyte 1	TGFBI	Immune	Markers
Monocyte 1	SLC2A3	Immune	Markers
Monocyte 1	TNFAIP2	Immune	Markers
Monocyte 1	NR4A3	Immune	Markers
Monocyte 1	HIF1A	Immune	Markers
Monocyte 1	CD300E	Immune	Markers
Monocyte 1	C1orf162	Immune	Markers
Monocyte 1	IFITM3	Immune	Markers
Monocyte 1	ACTR2	Immune	Markers
Monocyte 1	KCTD12	Immune	Markers
Monocyte 1	MRC1	Immune	Markers
Monocyte 1	EFHD2	Immune	Markers
Monocyte 1	MARCKS	Immune	Markers
Monocyte 1	APLP2	Immune	Markers
Monocyte 1	CLEC10A	Immune	Markers
Monocyte 1	ANXA2	Immune	Markers
Monocyte 1	CD68	Immune	Markers
Monocyte 1	PNRC1	Immune	Markers
Monocyte 1	CXCL10	Immune	Markers
Monocyte 1	CTSH	Immune	Markers
Monocyte 1	FCGRT	Immune	Markers
Monocyte 1	HLA-DQA2	Immune	Markers
Monocyte 1	SPI1	Immune	Markers
Monocyte 1	TXN	Immune	Markers
Monocyte 1	MACROH2A1	Immune	Markers
Monocyte 1	S100A12	Immune	Markers
Monocyte 1	ICAM1	Immune	Markers
Monocyte 1	LIMS1	Immune	Markers
Monocyte 1	GNAI2	Immune	Markers
Monocyte 1	MAFB	Immune	Markers
Monocyte 1	GK	Immune	Markers
Monocyte 1	C1QB	Immune	Markers
Monocyte 1	NFKB1	Immune	Markers
Monocyte 1	RILPL2	Immune	Markers
Monocyte 1	SDCBP	Immune	Markers
Monocyte 1	NLRP3	Immune	Markers
Monocyte 1	LYN	Immune	Markers
Monocyte 1	GSN	Immune	Markers
Monocyte 1	CLEC7A	Immune	Markers
Monocyte 1	CCL3L1	Immune	Markers
Monocyte 1	TNFRSF1B	Immune	Markers
Monocyte 1	S100A4	Immune	Markers
Monocyte 1	PPT1	Immune	Markers
Monocyte 1	IGSF6	Immune	Markers
Monocyte 1	PPA1	Immune	Markers
Monocyte 1	SAMSN1	Immune	Markers
Monocyte 1	ALDH2	Immune	Markers
Monocyte 1	SH3BGRL3	Immune	Markers
Monocyte 1	THBD	Immune	Markers
Monocyte 1	CMTM6	Immune	Markers
Monocyte 1	CAP1	Immune	Markers
Monocyte 1	GBP1	Immune	Markers
Monocyte 1	ACTG1	Immune	Markers
Monocyte 1	NFKBIZ	Immune	Markers
Monocyte 1	RTN4	Immune	Markers
Monocyte 1	PYCARD	Immune	Markers
Monocyte 1	ARPC3	Immune	Markers
Monocyte 1	IFNGR1	Immune	Markers
Monocyte 1	ARL5B	Immune	Markers
Monocyte 1	CFD	Immune	Markers
Monocyte 1	REL	Immune	Markers
Monocyte 1	VAMP8	Immune	Markers
Monocyte 1	LCP2	Immune	Markers
Monocyte 1	CD86	Immune	Markers
Monocyte 1	HLA-DMA	Immune	Markers
Monocyte 1	TSPO	Immune	Markers
Monocyte 1	PLXDC2	Immune	Markers
Monocyte 1	CYRIA	Immune	Markers
Monocyte 1	AP1S2	Immune	Markers
Monocyte 1	CSTA	Immune	Markers
Monocyte 1	LILRB2	Immune	Markers
Monocyte 1	TNFAIP6	Immune	Markers
Monocyte 1	GAPDH	Immune	Markers
Monocyte 1	CD93	Immune	Markers
Monocyte 1	FCGR3A	Immune	Markers
Monocyte 1	KDM6B	Immune	Markers
Monocyte 1	CYRIB	Immune	Markers
Monocyte 1	CLEC4E	Immune	Markers
Monocyte 1	METRNL	Immune	Markers
Monocyte 1	GSTO1	Immune	Markers
Monocyte 1	PKM	Immune	Markers
Monocyte 1	ENO1	Immune	Markers
Monocyte 1	SLC16A10	Immune	Markers
Monocyte 1	GSTP1	Immune	Markers
Monocyte 1	CST3	Immune	Markers
Monocyte 1	IVNS1ABP	Immune	Markers
Monocyte 1	PFN1	Immune	Markers
Monocyte 1	ZFAND5	Immune	Markers
Monocyte 1	CSF1R	Immune	Markers
Monocyte 1	STX11	Immune	Markers
Monocyte 1	PLSCR1	Immune	Markers
Monocyte 1	ATP2B1	Immune	Markers
Monocyte 1	RNF130	Immune	Markers
Monocyte 1	TNFAIP3	Immune	Markers
Monocyte 1	CD44	Immune	Markers
Monocyte 1	GRINA	Immune	Markers
Monocyte 1	TMEM176B	Immune	Markers
Monocyte 1	FOSL2	Immune	Markers
Monocyte 1	PLIN2	Immune	Markers
Monocyte 1	TNFSF13B	Immune	Markers
Monocyte 1	SOCS3	Immune	Markers
Monocyte 1	CFLAR	Immune	Markers
Monocyte 1	LAP3	Immune	Markers
Monocyte 1	RNASE6	Immune	Markers
Monocyte 1	SLC8A1	Immune	Markers
Monocyte 1	IRAK3	Immune	Markers
Monocyte 1	YBX1	Immune	Markers
Monocyte 1	TPP1	Immune	Markers
Monocyte 1	RNF144B	Immune	Markers
Monocyte 1	VSIR	Immune	Markers
Monocyte 1	TPM3	Immune	Markers
Monocyte 1	IER5	Immune	Markers
Monocyte 1	SNX10	Immune	Markers
Monocyte 1	ARPC2	Immune	Markers
Monocyte 1	PHACTR1	Immune	Markers
Monocyte 1	S100B	Immune	Markers
Monocyte 1	BID	Immune	Markers
Monocyte 1	GNAQ	Immune	Markers
Monocyte 1	LSP1	Immune	Markers
Monocyte 1	VMP1	Immune	Markers
Monocyte 1	MCL1	Immune	Markers
Monocyte 1	NINJ1	Immune	Markers
Monocyte 1	KYNU	Immune	Markers
Monocyte 1	CXCL16	Immune	Markers
Monocyte 1	TET2	Immune	Markers
Monocyte 1	WARS1	Immune	Markers
Monocyte 1	CTSL	Immune	Markers
Monocyte 1	TAMALIN	Immune	Markers
Monocyte 1	ARRB2	Immune	Markers
Monocyte 1	ATF3	Immune	Markers
Monocyte 1	VASP	Immune	Markers
Monocyte 1	CSTB	Immune	Markers
Monocyte 1	MT2A	Immune	Markers
Monocyte 1	CFP	Immune	Markers
Monocyte 1	PGK1	Immune	Markers
Monocyte 1	C1QC	Immune	Markers
Monocyte 1	ALOX5AP	Immune	Markers
Monocyte 1	CDKN1A	Immune	Markers
Monocyte 1	CCDC88A	Immune	Markers
Monocyte 1	NCOA4	Immune	Markers
Monocyte 1	RGS10	Immune	Markers
Monocyte 1	INSIG1	Immune	Markers
Monocyte 1	MOB1A	Immune	Markers
Monocyte 1	PLAUR	Immune	Markers
Monocyte 1	HCK	Immune	Markers
Monocyte 1	ATP2B1-AS1	Immune	Markers
Monocyte 1	OGFRL1	Immune	Markers
Monocyte 1	NABP1	Immune	Markers
Monocyte 1	WSB1	Immune	Markers
Monocyte 1	CCL4L2	Immune	Markers
Monocyte 1	ACTR3	Immune	Markers
Monocyte 1	TMEM176A	Immune	Markers
Monocyte 1	ATP6V1F	Immune	Markers
Monocyte 1	TPM4	Immune	Markers
Monocyte 1	LGALS3	Immune	Markers
Monocyte 1	NFIL3	Immune	Markers
Monocyte 1	IRS2	Immune	Markers
Monocyte 1	CD63	Immune	Markers
Monocyte 1	EMILIN2	Immune	Markers
Monocyte 1	IL13RA1	Immune	Markers
Monocyte 1	SOX4	Immune	Markers
Monocyte 1	ASAH1	Immune	Markers
Monocyte 1	NR4A2	Immune	Markers
Monocyte 1	MXD1	Immune	Markers
Monocyte 1	IL1A	Immune	Markers
Monocyte 1	ZFP36L1	Immune	Markers
Monocyte 1	RIPK2	Immune	Markers
Monocyte 1	FCER1A	Immune	Markers
Monocyte 1	UPP1	Immune	Markers
Monocyte 1	FCN1	Immune	Markers
Monocyte 1	MTPN	Immune	Markers
Monocyte 1	AOAH	Immune	Markers
Monocyte 1	HCLS1	Immune	Markers
Monocyte 1	SNX3	Immune	Markers
Monocyte 1	ITGAX	Immune	Markers
Monocyte 1	FBP1	Immune	Markers
Monocyte 1	ARPC5	Immune	Markers
Monocyte 1	FGR	Immune	Markers
Monocyte 1	CHD1	Immune	Markers
Monocyte 1	GPCPD1	Immune	Markers
Monocyte 1	SKAP2	Immune	Markers
Monocyte 1	TUBA1B	Immune	Markers
Monocyte 1	FPR3	Immune	Markers
Monocyte 1	SLC25A5	Immune	Markers
Monocyte 1	ADGRE2	Immune	Markers
Monocyte 1	SH2B3	Immune	Markers
Monocyte 1	SLC25A37	Immune	Markers
Monocyte 1	ATP6AP2	Immune	Markers
Monocyte 1	IRF8	Immune	Markers
Monocyte 1	FNIP2	Immune	Markers
Monocyte 1	CAPG	Immune	Markers
Monocyte 1	ATP13A3	Immune	Markers
Monocyte 1	ITM2B	Immune	Markers
Monocyte 1	PABPC1	Immune	Markers
Monocyte 1	TMSB4X	Immune	Markers
Monocyte 1	ACTN1	Immune	Markers
Monocyte 1	IDO1	Immune	Markers
Monocyte 1	ABL2	Immune	Markers
Monocyte 1	ZFP36	Immune	Markers
Monocyte 1	RBM47	Immune	Markers
Monocyte 1	ADM	Immune	Markers
Monocyte 1	CD4	Immune	Markers
Monocyte 1	PIM3	Immune	Markers
Monocyte 1	SOD2	Immune	Markers
Monocyte 1	RHOG	Immune	Markers
Monocyte 1	SH3BGRL	Immune	Markers
Monocyte 1	PEA15	Immune	Markers
Monocyte 1	HNRNPU	Immune	Markers
Monocyte 1	SLC43A2	Immune	Markers
Monocyte 1	DMXL2	Immune	Markers
Monocyte 1	GNS	Immune	Markers
Monocyte 1	GNA13	Immune	Markers
Monocyte 1	PLBD1	Immune	Markers
Monocyte 1	SH3BP5	Immune	Markers
Monocyte 1	PTEN	Immune	Markers
Monocyte 1	PDE4B	Immune	Markers
Monocyte 1	YWHAH	Immune	Markers
Monocyte 1	FLNA	Immune	Markers
Monocyte 1	C3AR1	Immune	Markers
Monocyte 1	LGALS9	Immune	Markers
Monocyte 1	SLC7A7	Immune	Markers
Monocyte 1	PTX3	Immune	Markers
Monocyte 1	MARCHF1	Immune	Markers
Monocyte 1	QKI	Immune	Markers
Monocyte 1	RAB32	Immune	Markers
Monocyte 1	MAP3K2	Immune	Markers
Monocyte 1	POLR1F	Immune	Markers
Monocyte 1	ANXA1	Immune	Markers
Monocyte 1	MARCKSL1	Immune	Markers
Monocyte 1	MAT2A	Immune	Markers
Monocyte 1	AKAP13	Immune	Markers
Monocyte 1	SIRPA	Immune	Markers
Monocyte 1	BHLHE40	Immune	Markers
Monocyte 1	SAP30	Immune	Markers
Monocyte 1	MALT1	Immune	Markers
Monocyte 1	PPP1R15B	Immune	Markers
Monocyte 1	PLXNC1	Immune	Markers
Monocyte 1	CD36	Immune	Markers
Monocyte 1	TIMP2	Immune	Markers
Monocyte 1	MSN	Immune	Markers
Monocyte 1	CTSC	Immune	Markers
Monocyte 1	SKIL	Immune	Markers
Monocyte 1	SYAP1	Immune	Markers
Monocyte 1	PIK3AP1	Immune	Markers
Monocyte 1	ZNF267	Immune	Markers
Monocyte 1	OTUD1	Immune	Markers
Monocyte 1	LILRB3	Immune	Markers
Monocyte 1	FKBP5	Immune	Markers
Monocyte 1	THEMIS2	Immune	Markers
Monocyte 1	CXCL1	Immune	Markers
Monocyte 1	BAZ1A	Immune	Markers
Monocyte 1	PHLDA2	Immune	Markers
Monocyte 1	GLIPR1	Immune	Markers
Monocyte 1	DNASE1L3	Immune	Markers
Monocyte 1	CARD16	Immune	Markers
Monocyte 1	UBE2D1	Immune	Markers
Monocyte 1	ZYX	Immune	Markers
Monocyte 1	JARID2	Immune	Markers
Monocyte 1	LILRA5	Immune	Markers
Monocyte 1	MIR3945HG	Immune	Markers
Monocyte 1	PSTPIP2	Immune	Markers
Monocyte 1	MAP3K8	Immune	Markers
Monocyte 1	RASSF2	Immune	Markers
Monocyte 1	BAG3	Immune	Markers
Monocyte 1	MMP19	Immune	Markers
Monocyte 1	PLA2G7	Immune	Markers
Monocyte 1	DDX21	Immune	Markers
Monocyte 1	HSPA1A	Immune	Markers
Monocyte 1	SPAG9	Immune	Markers
Monocyte 1	LDHA	Immune	Markers
Monocyte 1	CD53	Immune	Markers
Monocyte 1	MFSD1	Immune	Markers
Monocyte 1	MARCO	Immune	Markers
Monocyte 1	TLR2	Immune	Markers
Monocyte 1	MTHFD2	Immune	Markers
Monocyte 1	FYB1	Immune	Markers
Monocyte 1	TBXAS1	Immune	Markers
Monocyte 1	RAB20	Immune	Markers
Monocyte 1	FPR2	Immune	Markers
Monocyte 1	CPPED1	Immune	Markers
Monocyte 1	FOS	Immune	Markers
Monocyte 1	PTPN1	Immune	Markers
Monocyte 1	CD163	Immune	Markers
Monocyte 1	LTA4H	Immune	Markers
Monocyte 1	DPYSL2	Immune	Markers
Monocyte 1	ARL4C	Immune	Markers
Monocyte 1	CNPY3	Immune	Markers
Monocyte 1	NAP1L1	Immune	Markers
Monocyte 1	RPL23	Immune	Markers
Monocyte 1	LPCAT2	Immune	Markers
Monocyte 1	EIF3L	Immune	Markers
Monocyte 1	EPB41L3	Immune	Markers
Monocyte 1	PTPN12	Immune	Markers
Monocyte 1	TLN1	Immune	Markers
Monocyte 1	EMP3	Immune	Markers
Monocyte 1	IL10	Immune	Markers
Monocyte 1	RETN	Immune	Markers
Monocyte 1	PSMA7	Immune	Markers
Monocyte 1	FCER1G	Immune	Markers
Monocyte 1	UCP2	Immune	Markers
Monocyte 1	RPS24	Immune	Markers
Monocyte 1	CD1C	Immune	Markers
Monocyte 1	LY86	Immune	Markers
Monocyte 1	PELATON	Immune	Markers
Monocyte 1	C9orf72	Immune	Markers
Monocyte 1	ATOX1	Immune	Markers
Monocyte 1	PURB	Immune	Markers
Monocyte 1	IL1R2	Immune	Markers
Monocyte 1	CD302	Immune	Markers
Monocyte 1	CCRL2	Immune	Markers
Monocyte 1	JMJD1C	Immune	Markers
Monocyte 1	HSPH1	Immune	Markers
Monocyte 1	CD300A	Immune	Markers
Monocyte 1	MMP9	Immune	Markers
Monocyte 1	RHOB	Immune	Markers
Monocyte 1	PPP1R15A	Immune	Markers
Monocyte 1	HSPA6	Immune	Markers
Monocyte 1	LILRB1	Immune	Markers
Monocyte 1	ETV3	Immune	Markers
Monocyte 1	ABCA1	Immune	Markers
Monocyte 1	GNA15	Immune	Markers
Monocyte 1	RASSF5	Immune	Markers
Monocyte 1	PTPRC	Immune	Markers
Monocyte 1	IL6R	Immune	Markers
Monocyte 1	SIGLEC10	Immune	Markers
Monocyte 1	DUSP6	Immune	Markers
Monocyte 1	SMCO4	Immune	Markers
Monocyte 1	GLIPR2	Immune	Markers
Monocyte 1	WTAP	Immune	Markers
Monocyte 1	CYB5D1	Immune	Markers
Monocyte 1	VSIG4	Immune	Markers
Monocyte 1	EHD1	Immune	Markers
Monocyte 1	MAFF	Immune	Markers
Monocyte 1	SYK	Immune	Markers
Monocyte 1	MYO1F	Immune	Markers
Monocyte 1	RBPJ	Immune	Markers
Monocyte 1	BLVRB	Immune	Markers
Monocyte 1	ZFYVE16	Immune	Markers
Monocyte 1	NFKBID	Immune	Markers
Monocyte 1	RNF19B	Immune	Markers
Monocyte 1	SLC11A1	Immune	Markers
Monocyte 1	GNB4	Immune	Markers
Monocyte 1	PKIB	Immune	Markers
Monocyte 1	SHTN1	Immune	Markers
Monocyte 1	EIF4A3	Immune	Markers
Monocyte 1	TMEM123	Immune	Markers
Monocyte 1	WAS	Immune	Markers
Monocyte 1	ACP5	Immune	Markers
Monocyte 1	MAP2K1	Immune	Markers
Monocyte 1	APOE	Immune	Markers
Monocyte 1	ROCK1	Immune	Markers
Monocyte 1	NAAA	Immune	Markers
Monocyte 1	STAB1	Immune	Markers
Monocyte 1	GRK3	Immune	Markers
Monocyte 1	IL18	Immune	Markers
Monocyte 1	IRF2BP2	Immune	Markers
Monocyte 1	CSRNP1	Immune	Markers
Monocyte 1	MS4A4A	Immune	Markers
Monocyte 1	PLEKHO1	Immune	Markers
Monocyte 1	PRMT9	Immune	Markers
Monocyte 1	SLC15A3	Immune	Markers
Monocyte 1	HMOX1	Immune	Markers
Monocyte 1	IL10RA	Immune	Markers
Monocyte 1	BCAT1	Immune	Markers
Monocyte 1	GPSM3	Immune	Markers
Monocyte 1	RANBP2	Immune	Markers
Monocyte 1	MYL12A	Immune	Markers
Monocyte 1	ITGAM	Immune	Markers
Monocyte 1	NCKAP1L	Immune	Markers
Monocyte 1	PLD4	Immune	Markers
Monocyte 1	YWHAB	Immune	Markers
Monocyte 1	PDIA3	Immune	Markers
Monocyte 1	PREX1	Immune	Markers
Monocyte 1	SNAI1	Immune	Markers
Monocyte 1	LAMP1	Immune	Markers
Monocyte 1	ITPR2	Immune	Markers
Monocyte 1	ALOX5	Immune	Markers
Monocyte 1	ATP6V1G1	Immune	Markers
Monocyte 1	ALCAM	Immune	Markers
Monocyte 1	SULF2	Immune	Markers
Monocyte 1	PILRA	Immune	Markers
Monocyte 1	SLC20A1	Immune	Markers
Monocyte 1	OSBPL8	Immune	Markers
Monocyte 1	LAPTM4A	Immune	Markers
Monocyte 1	FERMT3	Immune	Markers
Monocyte 1	KLF10	Immune	Markers
Monocyte 1	HES4	Immune	Markers
Monocyte 1	PECAM1	Immune	Markers
Monocyte 1	P2RY13	Immune	Markers
Monocyte 1	CASP1	Immune	Markers
Monocyte 1	LILRB4	Immune	Markers
Monocyte 1	RAB21	Immune	Markers
Monocyte 1	ASAP1	Immune	Markers
Monocyte 1	PAPSS2	Immune	Markers
Monocyte 1	FOSB	Immune	Markers
Monocyte 1	PTAFR	Immune	Markers
Monocyte 1	HCAR3	Immune	Markers
Monocyte 1	HSPB1	Immune	Markers
Monocyte 1	RAP1A	Immune	Markers
Monocyte 1	C1orf54	Immune	Markers
Monocyte 1	TFEC	Immune	Markers
Monocyte 1	CLEC5A	Immune	Markers
Monocyte 1	RASGEF1B	Immune	Markers
Monocyte 1	GAS7	Immune	Markers
Monocyte 1	RUNX1	Immune	Markers
Monocyte 1	DNAJA4	Immune	Markers
Monocyte 1	PTPN6	Immune	Markers
Monocyte 1	MAP1LC3B	Immune	Markers
Monocyte 1	FCGR2B	Immune	Markers
Monocyte 1	DPYD	Immune	Markers
Monocyte 1	NOTCH2	Immune	Markers
Monocyte 1	HCAR2	Immune	Markers
Monocyte 1	ARHGAP18	Immune	Markers
Monocyte 1	MYL12B	Immune	Markers
Monocyte 1	CD1D	Immune	Markers
Monocyte 1	RAP2B	Immune	Markers
Monocyte 1	DEK	Immune	Markers
Monocyte 1	CCNI	Immune	Markers
Monocyte 1	FSCN1	Immune	Markers
Monocyte 1	NUFIP2	Immune	Markers
Monocyte 1	PDE4A	Immune	Markers
Monocyte 1	TACC1	Immune	Markers
Monocyte 1	HLA-DOA	Immune	Markers
Monocyte 1	ZNF331	Immune	Markers
Monocyte 1	RHOQ	Immune	Markers
Monocyte 1	SLC31A2	Immune	Markers
Monocyte 1	CEP170	Immune	Markers
Monocyte 1	MEGF9	Immune	Markers
Monocyte 1	GBP2	Immune	Markers
Monocyte 1	IL4I1	Immune	Markers
Monocyte 1	CTNNA1	Immune	Markers
Monocyte 1	SCPEP1	Immune	Markers
Monocyte 1	OAZ2	Immune	Markers
Monocyte 1	GPR157	Immune	Markers
Monocyte 1	TNFRSF1A	Immune	Markers
Monocyte 1	DAPK1	Immune	Markers
Monocyte 1	GMFG	Immune	Markers
Monocyte 1	SORL1	Immune	Markers
Monocyte 1	SNX2	Immune	Markers
Monocyte 1	RBMS1	Immune	Markers
Monocyte 1	REV3L	Immune	Markers
Monocyte 1	LYST	Immune	Markers
Monocyte 1	CERS6	Immune	Markers
Monocyte 1	SATB1	Immune	Markers
Monocyte 1	DNTTIP2	Immune	Markers
Monocyte 1	MBNL1	Immune	Markers
Monocyte 1	ELL2	Immune	Markers
Monocyte 1	CSGALNACT2	Immune	Markers
Monocyte 1	CSF2RB	Immune	Markers
Monocyte 1	LAIR1	Immune	Markers
Monocyte 1	DENND5A	Immune	Markers
Monocyte 1	CNN2	Immune	Markers
Monocyte 1	CTSA	Immune	Markers
Monocyte 1	PRNP	Immune	Markers
Monocyte 1	AXL	Immune	Markers
Monocyte 1	LMO2	Immune	Markers
Monocyte 1	ARHGDIB	Immune	Markers
Monocyte 1	TREM1	Immune	Markers
Monocyte 1	TRIM25	Immune	Markers
Monocyte 1	ANPEP	Immune	Markers
Monocyte 1	CD55	Immune	Markers
Monocyte 1	SUSD6	Immune	Markers
Monocyte 1	DAPP1	Immune	Markers
Monocyte 1	SQSTM1	Immune	Markers
Monocyte 1	JDP2	Immune	Markers
Monocyte 1	PRCP	Immune	Markers
Monocyte 1	CELF2	Immune	Markers
Monocyte 1	ADAM8	Immune	Markers
Monocyte 1	TNF	Immune	Markers
Monocyte 1	ADAP2	Immune	Markers
Monocyte 1	PNPLA8	Immune	Markers
Monocyte 1	CTNND1	Immune	Markers
Monocyte 1	CRTAP	Immune	Markers
Monocyte 1	TUBA1A	Immune	Markers
Monocyte 1	CREB5	Immune	Markers
Monocyte 1	SELL	Immune	Markers
Monocyte 1	HAVCR2	Immune	Markers
Monocyte 1	DOCK2	Immune	Markers
Monocyte 1	TRIM38	Immune	Markers
Monocyte 1	JOSD1	Immune	Markers
Monocyte 1	PTMS	Immune	Markers
Monocyte 1	SPTLC2	Immune	Markers
Monocyte 1	CYFIP1	Immune	Markers
Monocyte 1	AKIRIN2	Immune	Markers
Monocyte 1	TGIF1	Immune	Markers
Monocyte 1	PELI1	Immune	Markers
Monocyte 1	TTYH3	Immune	Markers
Monocyte 1	PRR13	Immune	Markers
Monocyte 1	HMGA1	Immune	Markers
Monocyte 1	ATP5MC2	Immune	Markers
Monocyte 1	VAMP5	Immune	Markers
Monocyte 1	APP	Immune	Markers
Monocyte 1	FES	Immune	Markers
Monocyte 1	VMO1	Immune	Markers
Monocyte 1	KCNK6	Immune	Markers
Monocyte 1	GZF1	Immune	Markers
Monocyte 1	B4GALT5	Immune	Markers
Monocyte 1	RGS19	Immune	Markers
Monocyte 1	MGST2	Immune	Markers
Monocyte 1	FMNL1	Immune	Markers
Monocyte 1	BLVRA	Immune	Markers
Monocyte 1	RNF149	Immune	Markers
Monocyte 1	CD9	Immune	Markers
Monocyte 1	ABHD2	Immune	Markers
Monocyte 1	SLC7A5	Immune	Markers
Monocyte 1	SECTM1	Immune	Markers
Monocyte 1	ZC3H12A	Immune	Markers
Monocyte 1	QSOX1	Immune	Markers
Monocyte 1	BIRC3	Immune	Markers
Monocyte 1	CTSB	Immune	Markers
Monocyte 1	BAZ2B	Immune	Markers
Monocyte 1	TNFAIP8	Immune	Markers
Monocyte 1	TMEM170B	Immune	Markers
Monocyte 1	BCL6	Immune	Markers
Monocyte 1	EDEM1	Immune	Markers
Monocyte 1	ARL4A	Immune	Markers
Monocyte 1	NR4A1	Immune	Markers
Monocyte 1	PPP1R14B	Immune	Markers
Monocyte 1	GCH1	Immune	Markers
Monocyte 1	ATP1B1	Immune	Markers
Monocyte 1	CCR1	Immune	Markers
Monocyte 1	C6orf62	Immune	Markers
Monocyte 1	EID1	Immune	Markers
Monocyte 1	CD1E	Immune	Markers
Monocyte 1	HCST	Immune	Markers
Monocyte 1	PLIN3	Immune	Markers
Monocyte 1	SLC38A2	Immune	Markers
Monocyte 1	PPP1R18	Immune	Markers
Monocyte 1	APEX1	Immune	Markers
Monocyte 1	RAB11FIP1	Immune	Markers
Monocyte 1	BMP2K	Immune	Markers
Monocyte 1	KCTD20	Immune	Markers
Monocyte 1	RIN3	Immune	Markers
Monocyte 1	SESTD1	Immune	Markers
Monocyte 1	RPS9	Immune	Markers
Monocyte 1	ZNF281	Immune	Markers
Monocyte 1	ABI3	Immune	Markers
Monocyte 1	ARL6IP5	Immune	Markers
Monocyte 1	NFKBIE	Immune	Markers
Monocyte 1	GM2A	Immune	Markers
Monocyte 1	DUSP2	Immune	Markers
Monocyte 1	JPT1	Immune	Markers
Monocyte 1	CD40	Immune	Markers
Monocyte 1	LRRC25	Immune	Markers
Monocyte 1	EIF4E	Immune	Markers
Monocyte 1	SOAT1	Immune	Markers
Monocyte 1	HSPD1	Immune	Markers
Monocyte 1	SNN	Immune	Markers
Monocyte 1	ZFHX3	Immune	Markers
Monocyte 1	ARHGAP26	Immune	Markers
Monocyte 1	APOC1	Immune	Markers
Monocyte 1	STX7	Immune	Markers
Monocyte 1	RIT1	Immune	Markers
Monocyte 1	KMT2C	Immune	Markers
Monocyte 2	APOE	Immune	Markers
Monocyte 2	C1QB	Immune	Markers
Monocyte 2	C1QA	Immune	Markers
Monocyte 2	C1QC	Immune	Markers
Monocyte 2	SELENOP	Immune	Markers
Monocyte 2	FTL	Immune	Markers
Monocyte 2	MMP12	Immune	Markers
Monocyte 2	LYZ	Immune	Markers
Monocyte 2	HLA-DRA	Immune	Markers
Monocyte 2	HLA-DRB1	Immune	Markers
Monocyte 2	HLA-DPA1	Immune	Markers
Monocyte 2	APOC1	Immune	Markers
Monocyte 2	GPNMB	Immune	Markers
Monocyte 2	RNASE1	Immune	Markers
Monocyte 2	CD74	Immune	Markers
Monocyte 2	CD14	Immune	Markers
Monocyte 2	CTSL	Immune	Markers
Monocyte 2	CTSZ	Immune	Markers
Monocyte 2	LGMN	Immune	Markers
Monocyte 2	CD68	Immune	Markers
Monocyte 2	TYROBP	Immune	Markers
Monocyte 2	HLA-DPB1	Immune	Markers
Monocyte 2	SLC40A1	Immune	Markers
Monocyte 2	CCL18	Immune	Markers
Monocyte 2	GRN	Immune	Markers
Monocyte 2	CXCL8	Immune	Markers
Monocyte 2	CCL3	Immune	Markers
Monocyte 2	GLUL	Immune	Markers
Monocyte 2	AIF1	Immune	Markers
Monocyte 2	HLA-DRB5	Immune	Markers
Monocyte 2	MMP9	Immune	Markers
Monocyte 2	FCGR3A	Immune	Markers
Monocyte 2	ACP5	Immune	Markers
Monocyte 2	FCGRT	Immune	Markers
Monocyte 2	MAFB	Immune	Markers
Monocyte 2	TMEM176B	Immune	Markers
Monocyte 2	MS4A6A	Immune	Markers
Monocyte 2	CAPG	Immune	Markers
Monocyte 2	FGL2	Immune	Markers
Monocyte 2	MRC1	Immune	Markers
Monocyte 2	ASAH1	Immune	Markers
Monocyte 2	CTSC	Immune	Markers
Monocyte 2	S100A11	Immune	Markers
Monocyte 2	MARCKS	Immune	Markers
Monocyte 2	CXCL2	Immune	Markers
Monocyte 2	CYBB	Immune	Markers
Monocyte 2	MS4A4A	Immune	Markers
Monocyte 2	STAB1	Immune	Markers
Monocyte 2	CCL4L2	Immune	Markers
Monocyte 2	SGK1	Immune	Markers
Monocyte 2	FTH1	Immune	Markers
Monocyte 2	CSTB	Immune	Markers
Monocyte 2	LGALS1	Immune	Markers
Monocyte 2	HLA-DMB	Immune	Markers
Monocyte 2	HLA-DQB1	Immune	Markers
Monocyte 2	LAPTM5	Immune	Markers
Monocyte 2	TGFBI	Immune	Markers
Monocyte 2	CD63	Immune	Markers
Monocyte 2	CD81	Immune	Markers
Monocyte 2	IER3	Immune	Markers
Monocyte 2	FUCA1	Immune	Markers
Monocyte 2	SLCO2B1	Immune	Markers
Monocyte 2	PLA2G7	Immune	Markers
Monocyte 2	KCTD12	Immune	Markers
Monocyte 2	A2M	Immune	Markers
Monocyte 2	CCL3L1	Immune	Markers
Monocyte 2	ANXA2	Immune	Markers
Monocyte 2	LGALS3	Immune	Markers
Monocyte 2	CXCL3	Immune	Markers
Monocyte 2	TIMP2	Immune	Markers
Monocyte 2	ITGB2	Immune	Markers
Monocyte 2	MPEG1	Immune	Markers
Monocyte 2	TYMP	Immune	Markers
Monocyte 2	CXCL10	Immune	Markers
Monocyte 2	CTSS	Immune	Markers
Monocyte 2	CPVL	Immune	Markers
Monocyte 2	C5AR1	Immune	Markers
Monocyte 2	HLA-DQA1	Immune	Markers
Monocyte 2	ITM2B	Immune	Markers
Monocyte 2	CTSH	Immune	Markers
Monocyte 2	LITAF	Immune	Markers
Monocyte 2	HMOX1	Immune	Markers
Monocyte 2	CSF1R	Immune	Markers
Monocyte 2	CEBPB	Immune	Markers
Monocyte 2	LAMP1	Immune	Markers
Monocyte 2	CD163	Immune	Markers
Monocyte 2	ANXA5	Immune	Markers
Monocyte 2	TMEM176A	Immune	Markers
Monocyte 2	IGSF6	Immune	Markers
Monocyte 2	NUPR1	Immune	Markers
Monocyte 2	CEBPD	Immune	Markers
Monocyte 2	FPR3	Immune	Markers
Monocyte 2	CXCL16	Immune	Markers
Monocyte 2	GSN	Immune	Markers
Monocyte 2	PPT1	Immune	Markers
Monocyte 2	IL1B	Immune	Markers
Monocyte 2	ACTB	Immune	Markers
Monocyte 2	APLP2	Immune	Markers
Monocyte 2	PRDX1	Immune	Markers
Monocyte 2	CD9	Immune	Markers
Monocyte 2	CXCL9	Immune	Markers
Monocyte 2	SDCBP	Immune	Markers
Monocyte 2	TUBA1B	Immune	Markers
Monocyte 2	MFSD1	Immune	Markers
Monocyte 2	ATP6AP2	Immune	Markers
Monocyte 2	RNASE6	Immune	Markers
Monocyte 2	VAMP8	Immune	Markers
Monocyte 2	ATP6V1F	Immune	Markers
Monocyte 2	CCL4	Immune	Markers
Monocyte 2	VSIG4	Immune	Markers
Monocyte 2	ABCA1	Immune	Markers
Monocyte 2	TPP1	Immune	Markers
Monocyte 2	RNF130	Immune	Markers
Monocyte 2	HLA-DMA	Immune	Markers
Monocyte 2	PDK4	Immune	Markers
Monocyte 2	PLTP	Immune	Markers
Monocyte 2	RAB31	Immune	Markers
Monocyte 2	HLA-DQA2	Immune	Markers
Monocyte 2	C3AR1	Immune	Markers
Monocyte 2	VIM	Immune	Markers
Monocyte 2	GM2A	Immune	Markers
Monocyte 2	PLEK	Immune	Markers
Monocyte 2	CTSA	Immune	Markers
Monocyte 2	KLF4	Immune	Markers
Monocyte 2	PLXDC2	Immune	Markers
Monocyte 2	HIF1A	Immune	Markers
Monocyte 2	ATOX1	Immune	Markers
Monocyte 2	YWHAH	Immune	Markers
Monocyte 2	CFD	Immune	Markers
Monocyte 2	CXCL1	Immune	Markers
Monocyte 2	CD83	Immune	Markers
Monocyte 2	FOLR2	Immune	Markers
Monocyte 2	ARL4C	Immune	Markers
Monocyte 2	SLC16A10	Immune	Markers
Monocyte 2	SPI1	Immune	Markers
Monocyte 2	ADAP2	Immune	Markers
Monocyte 2	NRP1	Immune	Markers
Monocyte 2	CD4	Immune	Markers
Monocyte 2	ADAMDEC1	Immune	Markers
Monocyte 2	FN1	Immune	Markers
Monocyte 2	AKR1B1	Immune	Markers
Monocyte 2	PLAU	Immune	Markers
Monocyte 2	SAMHD1	Immune	Markers
Monocyte 2	DNASE1L3	Immune	Markers
Monocyte 2	F13A1	Immune	Markers
Monocyte 2	GSTO1	Immune	Markers
Monocyte 2	TTYH3	Immune	Markers
Monocyte 2	PKM	Immune	Markers
Monocyte 2	CD84	Immune	Markers
Monocyte 2	RTN4	Immune	Markers
Monocyte 2	DAB2	Immune	Markers
Monocyte 2	MACROH2A1	Immune	Markers
Monocyte 2	PTGS2	Immune	Markers
Monocyte 2	GRINA	Immune	Markers
Monocyte 2	GNS	Immune	Markers
Monocyte 2	COTL1	Immune	Markers
Monocyte 2	CTSB	Immune	Markers
Monocyte 2	ATF3	Immune	Markers
Monocyte 2	GNAI2	Immune	Markers
Monocyte 2	S100A10	Immune	Markers
Monocyte 2	CCL2	Immune	Markers
Monocyte 2	ICAM1	Immune	Markers
Monocyte 2	ARHGAP18	Immune	Markers
Monocyte 2	CYFIP1	Immune	Markers
Monocyte 2	MNDA	Immune	Markers
Monocyte 2	GPR183	Immune	Markers
Monocyte 2	GPR34	Immune	Markers
Monocyte 2	BLVRB	Immune	Markers
Monocyte 2	FBP1	Immune	Markers
Monocyte 2	TREM2	Immune	Markers
Monocyte 2	GNB4	Immune	Markers
Monocyte 2	G0S2	Immune	Markers
Monocyte 2	MT2A	Immune	Markers
Monocyte 2	LIMS1	Immune	Markers
Monocyte 2	CLEC7A	Immune	Markers
Monocyte 2	RGS10	Immune	Markers
Monocyte 2	ALOX5AP	Immune	Markers
Monocyte 2	CAP1	Immune	Markers
Monocyte 2	ACTR2	Immune	Markers
Monocyte 2	MSR1	Immune	Markers
Monocyte 2	TNFAIP2	Immune	Markers
Monocyte 2	SCPEP1	Immune	Markers
Monocyte 2	IFNGR1	Immune	Markers
Monocyte 2	ZFP36L1	Immune	Markers
Monocyte 2	LST1	Immune	Markers
Monocyte 2	HBEGF	Immune	Markers
Monocyte 2	NEAT1	Immune	Markers
Monocyte 2	SLC15A3	Immune	Markers
Monocyte 2	LILRB4	Immune	Markers
Monocyte 2	DMXL2	Immune	Markers
Monocyte 2	NCOA4	Immune	Markers
Monocyte 2	ENO1	Immune	Markers
Monocyte 2	SLC7A7	Immune	Markers
Monocyte 2	ABL2	Immune	Markers
Monocyte 2	TNFSF13B	Immune	Markers
Monocyte 2	C1orf54	Immune	Markers
Monocyte 2	AXL	Immune	Markers
Monocyte 2	LAIR1	Immune	Markers
Monocyte 2	TSPAN4	Immune	Markers
Monocyte 2	CD86	Immune	Markers
Monocyte 2	LHFPL2	Immune	Markers
Monocyte 2	SERPINA1	Immune	Markers
Monocyte 2	ENPP2	Immune	Markers
Monocyte 2	CD93	Immune	Markers
Monocyte 2	LYN	Immune	Markers
Monocyte 2	SIRPA	Immune	Markers
Monocyte 2	AP1B1	Immune	Markers
Monocyte 2	PRNP	Immune	Markers
Monocyte 2	TMSB10	Immune	Markers
Monocyte 2	ZFAND5	Immune	Markers
Monocyte 2	BMP2K	Immune	Markers
Monocyte 2	LAP3	Immune	Markers
Monocyte 2	EMILIN2	Immune	Markers
Monocyte 2	EFHD2	Immune	Markers
Monocyte 2	PLXNC1	Immune	Markers
Monocyte 2	C1orf162	Immune	Markers
Monocyte 2	RHOB	Immune	Markers
Monocyte 2	SLC8A1	Immune	Markers
Monocyte 2	NAMPT	Immune	Markers
Monocyte 2	ADM	Immune	Markers
Monocyte 2	ADAM9	Immune	Markers
Monocyte 2	HSPA1A	Immune	Markers
Monocyte 2	IER5	Immune	Markers
Monocyte 2	IFITM3	Immune	Markers
Monocyte 2	GAPDH	Immune	Markers
Monocyte 2	YBX1	Immune	Markers
Monocyte 2	NINJ1	Immune	Markers
Monocyte 2	SGPL1	Immune	Markers
Monocyte 2	ALCAM	Immune	Markers
Monocyte 2	NCF2	Immune	Markers
Monocyte 2	CST3	Immune	Markers
Monocyte 2	NR4A2	Immune	Markers
Monocyte 2	SPRED1	Immune	Markers
Monocyte 2	OGFRL1	Immune	Markers
Monocyte 2	CYRIB	Immune	Markers
Monocyte 2	UCP2	Immune	Markers
Monocyte 2	ARPC3	Immune	Markers
Monocyte 2	CD300A	Immune	Markers
Monocyte 2	EGR1	Immune	Markers
Monocyte 2	HLA-DOA	Immune	Markers
Monocyte 2	RBM47	Immune	Markers
Monocyte 2	MT1G	Immune	Markers
Monocyte 2	PYCARD	Immune	Markers
Monocyte 2	TNF	Immune	Markers
Monocyte 2	ARRB2	Immune	Markers
Monocyte 2	IL18	Immune	Markers
Monocyte 2	ITPR2	Immune	Markers
Monocyte 2	ALDH2	Immune	Markers
Monocyte 2	RAB32	Immune	Markers
Monocyte 2	LAPTM4A	Immune	Markers
Monocyte 2	LGALS9	Immune	Markers
Monocyte 2	S100A9	Immune	Markers
Monocyte 2	MARCO	Immune	Markers
Monocyte 2	YBX3	Immune	Markers
Monocyte 2	SLC25A5	Immune	Markers
Monocyte 2	CCDC88A	Immune	Markers
Monocyte 2	S100A6	Immune	Markers
Monocyte 2	HSPB1	Immune	Markers
Monocyte 2	FNIP2	Immune	Markers
Monocyte 2	MARCHF1	Immune	Markers
Monocyte 2	IL13RA1	Immune	Markers
Monocyte 2	QKI	Immune	Markers
Monocyte 2	CMTM6	Immune	Markers
Monocyte 2	IL1RN	Immune	Markers
Monocyte 2	VMO1	Immune	Markers
Monocyte 2	TSPO	Immune	Markers
Monocyte 2	RAB20	Immune	Markers
Monocyte 2	PLIN2	Immune	Markers
Monocyte 2	FCGR2B	Immune	Markers
Monocyte 2	FCER1G	Immune	Markers
Monocyte 2	SIGLEC10	Immune	Markers
Monocyte 2	HAVCR2	Immune	Markers
Monocyte 2	PTMS	Immune	Markers
Monocyte 2	LY96	Immune	Markers
Monocyte 2	EGR2	Immune	Markers
Monocyte 2	GSTP1	Immune	Markers
Monocyte 2	SNX10	Immune	Markers
Monocyte 2	MOB1A	Immune	Markers
Monocyte 2	SNX2	Immune	Markers
Monocyte 2	CCR1	Immune	Markers
Monocyte 2	RGS2	Immune	Markers
Monocyte 2	PGK1	Immune	Markers
Monocyte 2	RAP2B	Immune	Markers
Monocyte 2	SOAT1	Immune	Markers
Monocyte 2	ETS2	Immune	Markers
Monocyte 2	MT1X	Immune	Markers
Monocyte 2	PFN1	Immune	Markers
Monocyte 2	LY86	Immune	Markers
Monocyte 2	IQGAP2	Immune	Markers
Monocyte 2	TBXAS1	Immune	Markers
Monocyte 2	FMNL2	Immune	Markers
Monocyte 2	SH3BGRL	Immune	Markers
Monocyte 2	TFEC	Immune	Markers
Monocyte 2	TPM3	Immune	Markers
Monocyte 2	PTAFR	Immune	Markers
Monocyte 2	CD53	Immune	Markers
Monocyte 2	SH2B3	Immune	Markers
Monocyte 2	PEA15	Immune	Markers
Monocyte 2	ACTG1	Immune	Markers
Monocyte 2	S100B	Immune	Markers
Monocyte 2	IL4I1	Immune	Markers
Monocyte 2	AOAH	Immune	Markers
Monocyte 2	RGL1	Immune	Markers
Monocyte 2	ACTR3	Immune	Markers
Monocyte 2	RHOG	Immune	Markers
Monocyte 2	SRGN	Immune	Markers
Monocyte 2	ITGAX	Immune	Markers
Monocyte 2	MMP19	Immune	Markers
Monocyte 2	IRF8	Immune	Markers
Monocyte 2	BCAT1	Immune	Markers
Monocyte 2	NCKAP1L	Immune	Markers
Monocyte 2	ZFHX3	Immune	Markers
Monocyte 2	ITGAV	Immune	Markers
Monocyte 2	TMSB4X	Immune	Markers
Monocyte 2	BAG3	Immune	Markers
Monocyte 2	SNX3	Immune	Markers
Monocyte 2	SDC3	Immune	Markers
Monocyte 2	CD209	Immune	Markers
Monocyte 2	TXN	Immune	Markers
Monocyte 2	GBP1	Immune	Markers
Monocyte 2	SKAP2	Immune	Markers
Monocyte 2	NR4A3	Immune	Markers
Monocyte 2	ARPC2	Immune	Markers
Monocyte 2	MERTK	Immune	Markers
Monocyte 2	LILRB2	Immune	Markers
Monocyte 2	NFKBIA	Immune	Markers
Monocyte 2	DAPK1	Immune	Markers
Monocyte 2	GNA13	Immune	Markers
Monocyte 2	ENG	Immune	Markers
Monocyte 2	GADD45B	Immune	Markers
Monocyte 2	THBD	Immune	Markers
Monocyte 2	FERMT3	Immune	Markers
Monocyte 2	BASP1	Immune	Markers
Monocyte 2	CD36	Immune	Markers
Monocyte 2	EPB41L3	Immune	Markers
Monocyte 2	DPYSL2	Immune	Markers
Monocyte 2	LILRB5	Immune	Markers
Monocyte 2	CYP27A1	Immune	Markers
Monocyte 2	TPM4	Immune	Markers
Monocyte 2	NPL	Immune	Markers
Monocyte 2	TSC22D1	Immune	Markers
Monocyte 2	OLR1	Immune	Markers
Monocyte 2	PLBD1	Immune	Markers
Monocyte 2	DOCK4	Immune	Markers
Monocyte 2	CMKLR1	Immune	Markers
Monocyte 2	OTUD1	Immune	Markers
Monocyte 2	PAPSS2	Immune	Markers
Monocyte 2	FOS	Immune	Markers
Monocyte 2	INSIG1	Immune	Markers
Monocyte 2	RBPJ	Immune	Markers
Monocyte 2	PDIA3	Immune	Markers
Monocyte 2	MGST2	Immune	Markers
Monocyte 2	CD302	Immune	Markers
Monocyte 2	PTPRE	Immune	Markers
Monocyte 2	BST2	Immune	Markers
Monocyte 2	ATP1B3	Immune	Markers
Monocyte 2	TNFRSF1A	Immune	Markers
Monocyte 2	TMEM123	Immune	Markers
Monocyte 2	ITGAM	Immune	Markers
Monocyte 2	GATM	Immune	Markers
Monocyte 2	HCK	Immune	Markers
Monocyte 2	PLSCR1	Immune	Markers
Monocyte 2	NFKBIZ	Immune	Markers
Monocyte 2	VMP1	Immune	Markers
Monocyte 2	SDC2	Immune	Markers
Monocyte 2	ABHD2	Immune	Markers
Monocyte 2	GNAQ	Immune	Markers
Monocyte 2	HCLS1	Immune	Markers
Monocyte 2	DUSP6	Immune	Markers
Monocyte 2	SYK	Immune	Markers
Monocyte 2	FRMD4B	Immune	Markers
Monocyte 2	BLVRA	Immune	Markers
Monocyte 2	PILRA	Immune	Markers
Monocyte 2	BCL2A1	Immune	Markers
Monocyte 2	PIK3AP1	Immune	Markers
Monocyte 2	VSIR	Immune	Markers
Monocyte 2	TNFRSF1B	Immune	Markers
Monocyte 2	RGS1	Immune	Markers
Monocyte 2	FYB1	Immune	Markers
Monocyte 2	SLC1A3	Immune	Markers
Monocyte 2	JPT1	Immune	Markers
Monocyte 2	GASK1B	Immune	Markers
Monocyte 2	TACC1	Immune	Markers
Monocyte 2	SERPING1	Immune	Markers
Monocyte 2	ARPC5	Immune	Markers
Monocyte 2	LRRC25	Immune	Markers
Monocyte 2	ACTN1	Immune	Markers
Monocyte 2	FCGR1A	Immune	Markers
Monocyte 2	METRNL	Immune	Markers
Monocyte 2	THBS1	Immune	Markers
Monocyte 2	LCP2	Immune	Markers
Monocyte 2	RNF144B	Immune	Markers
Monocyte 2	CLEC10A	Immune	Markers
Monocyte 2	VEGFB	Immune	Markers
Monocyte 2	CNPY3	Immune	Markers
Monocyte 2	PECAM1	Immune	Markers
Monocyte 2	SQSTM1	Immune	Markers
Monocyte 2	SLC7A8	Immune	Markers
Monocyte 2	SOD2	Immune	Markers
Monocyte 2	PSMA7	Immune	Markers
Monocyte 2	DNAJA4	Immune	Markers
Monocyte 2	MGST3	Immune	Markers
Monocyte 2	CD163L1	Immune	Markers
Monocyte 2	PLXND1	Immune	Markers
Monocyte 2	VEGFA	Immune	Markers
Monocyte 2	WSB1	Immune	Markers
Monocyte 2	ADGRE2	Immune	Markers
Monocyte 2	C6orf62	Immune	Markers
Monocyte 2	THEMIS2	Immune	Markers
Monocyte 2	ST14	Immune	Markers
Monocyte 2	CYRIA	Immune	Markers
Monocyte 2	PEPD	Immune	Markers
Monocyte 2	IGF1	Immune	Markers
Monocyte 2	SLC20A1	Immune	Markers
Monocyte 2	LPCAT2	Immune	Markers
Monocyte 2	PLAUR	Immune	Markers
Monocyte 2	MYO5A	Immune	Markers
Monocyte 2	HSPA1B	Immune	Markers
Monocyte 2	TNS3	Immune	Markers
Monocyte 2	ITGB5	Immune	Markers
Monocyte 2	RPN2	Immune	Markers
Monocyte 2	CREG1	Immune	Markers
Monocyte 2	ATP13A3	Immune	Markers
Monocyte 2	ZYX	Immune	Markers
Monocyte 2	HLA-A	Immune	Markers
Monocyte 2	TGFBR1	Immune	Markers
Monocyte 2	OAZ2	Immune	Markers
Monocyte 2	IFI6	Immune	Markers
Monocyte 2	SH3BP5	Immune	Markers
Monocyte 2	TCN2	Immune	Markers
Monocyte 2	FAM20C	Immune	Markers
Monocyte 2	CEP170	Immune	Markers
Monocyte 2	TIMP1	Immune	Markers
Monocyte 2	ARL6IP5	Immune	Markers
Monocyte 2	CD44	Immune	Markers
Monocyte 2	NFIC	Immune	Markers
Monocyte 2	CMTM3	Immune	Markers
Monocyte 2	RHOQ	Immune	Markers
Monocyte 2	SLC43A2	Immune	Markers
Monocyte 2	ETV5	Immune	Markers
Monocyte 2	RAB13	Immune	Markers
Monocyte 2	ALOX5	Immune	Markers
Monocyte 2	SLC2A3	Immune	Markers
Monocyte 2	DPP7	Immune	Markers
Monocyte 2	GNPTAB	Immune	Markers
Monocyte 2	LILRB3	Immune	Markers
Monocyte 2	GCLC	Immune	Markers
Monocyte 2	KCNQ1OT1	Immune	Markers
Monocyte 2	IRS2	Immune	Markers
Monocyte 2	PHACTR1	Immune	Markers
Monocyte 2	ABI3	Immune	Markers
Monocyte 2	MAFF	Immune	Markers
Monocyte 2	TLN1	Immune	Markers
Monocyte 2	RAP1A	Immune	Markers
Monocyte 2	GAL3ST4	Immune	Markers
Monocyte 2	RASGEF1B	Immune	Markers
Monocyte 2	NABP1	Immune	Markers
Monocyte 2	ACSL1	Immune	Markers
Monocyte 2	MSN	Immune	Markers
Monocyte 2	PPIF	Immune	Markers
Monocyte 2	FRMD4A	Immune	Markers
Monocyte 2	SHTN1	Immune	Markers
Monocyte 2	RBMS1	Immune	Markers
Monocyte 2	MYO1F	Immune	Markers
Monocyte 2	PHLDA1	Immune	Markers
Monocyte 2	ZFYVE16	Immune	Markers
Monocyte 2	SIGLEC1	Immune	Markers
Monocyte 2	CTNND1	Immune	Markers
Monocyte 2	DEK	Immune	Markers
Monocyte 2	NR1H3	Immune	Markers
Monocyte 2	GOLIM4	Immune	Markers
Monocyte 2	PTPN12	Immune	Markers
Monocyte 2	GADD45G	Immune	Markers
Monocyte 2	MAP3K2	Immune	Markers
Monocyte 2	C4orf48	Immune	Markers
Monocyte 2	EIF4A3	Immune	Markers
Monocyte 2	STX7	Immune	Markers
Monocyte 2	SASH1	Immune	Markers
Monocyte 2	IRAK3	Immune	Markers
Monocyte 2	PRCP	Immune	Markers
Monocyte 2	CRTAP	Immune	Markers
Monocyte 2	ADAM8	Immune	Markers
Monocyte 2	ARHGDIB	Immune	Markers
Monocyte 2	JAML	Immune	Markers
Monocyte 2	CD40	Immune	Markers
Monocyte 2	TCEAL9	Immune	Markers
Monocyte 2	MITF	Immune	Markers
Monocyte 2	MGAT4A	Immune	Markers
Monocyte 2	AP1S2	Immune	Markers
Monocyte 2	PLEKHO1	Immune	Markers
Monocyte 2	LDHA	Immune	Markers
Monocyte 2	CLEC11A	Immune	Markers
Monocyte 2	LGALS3BP	Immune	Markers
Monocyte 2	P2RY13	Immune	Markers
Monocyte 2	SLC31A2	Immune	Markers
Monocyte 2	CTNNA1	Immune	Markers
Monocyte 2	IL2RA	Immune	Markers
Monocyte 2	SQOR	Immune	Markers
Monocyte 2	NEU1	Immune	Markers
Monocyte 2	EGR3	Immune	Markers
Monocyte 2	NCF4	Immune	Markers
Monocyte 2	BHLHE40	Immune	Markers
Monocyte 2	DST	Immune	Markers
Monocyte 2	HSPH1	Immune	Markers
Monocyte 2	SERPINF1	Immune	Markers
Monocyte 2	BEX4	Immune	Markers
Monocyte 2	PNRC1	Immune	Markers
Monocyte 2	SNX9	Immune	Markers
Monocyte 2	KYNU	Immune	Markers
Monocyte 2	P4HA1	Immune	Markers
Monocyte 2	RILPL2	Immune	Markers
Monocyte 2	UBE2D1	Immune	Markers
Monocyte 2	CCL13	Immune	Markers
Monocyte 2	IL6	Immune	Markers
Monocyte 2	IL10RA	Immune	Markers
Monocyte 2	TLR2	Immune	Markers
Monocyte 2	FPR1	Immune	Markers
Monocyte 2	ATP1B1	Immune	Markers
Monocyte 2	ATP6V1G1	Immune	Markers
Monocyte 2	SWAP70	Immune	Markers
Monocyte 2	GIMAP4	Immune	Markers
Monocyte 2	RRAGD	Immune	Markers
Monocyte 2	MAF	Immune	Markers
Monocyte 2	NAAA	Immune	Markers
Monocyte 2	RASSF2	Immune	Markers
Monocyte 2	ST8SIA4	Immune	Markers
Monocyte 2	PEBP1	Immune	Markers
Monocyte 2	STOM	Immune	Markers
Monocyte 2	MMD	Immune	Markers
Monocyte 2	SH3BGRL3	Immune	Markers
Monocyte 2	CAMK1	Immune	Markers
Monocyte 2	SAP30	Immune	Markers
Monocyte 2	ANXA4	Immune	Markers
Monocyte 2	LPL	Immune	Markers
Monocyte 2	PREX1	Immune	Markers
Monocyte 2	SIGLEC12	Immune	Markers
Monocyte 2	SNX18	Immune	Markers
Monocyte 2	DNMT1	Immune	Markers
Monocyte 2	GCHFR	Immune	Markers
Monocyte 2	DPYD	Immune	Markers
Monocyte 2	GK	Immune	Markers
Monocyte 2	HLA-E	Immune	Markers
Monocyte 2	SUSD6	Immune	Markers
Monocyte 2	CLEC4E	Immune	Markers
Monocyte 2	MTPN	Immune	Markers
Monocyte 2	SMPDL3A	Immune	Markers
Monocyte 2	GAS7	Immune	Markers
Monocyte 2	PTPN6	Immune	Markers
Monocyte 2	UGCG	Immune	Markers
Monocyte 2	NFKB1	Immune	Markers
Monocyte 2	DHRS3	Immune	Markers
Monocyte 2	SLC4A7	Immune	Markers
Monocyte 2	HNRNPU	Immune	Markers
Monocyte 2	GPRIN3	Immune	Markers
Monocyte 2	OSTF1	Immune	Markers
Monocyte 2	SUCNR1	Immune	Markers
Monocyte 2	COLEC12	Immune	Markers
Monocyte 2	PTPRJ	Immune	Markers
Monocyte 2	NUCKS1	Immune	Markers
Monocyte 2	GLIPR1	Immune	Markers
Monocyte 2	FLNA	Immune	Markers
Monocyte 2	NFIL3	Immune	Markers
Monocyte 2	NUFIP2	Immune	Markers
Monocyte 2	GRK3	Immune	Markers
Monocyte 2	LTA4H	Immune	Markers
Monocyte 2	SERPINB1	Immune	Markers
Monocyte 2	JDP2	Immune	Markers
Monocyte 2	CSTA	Immune	Markers
Monocyte 2	TRPS1	Immune	Markers
Monocyte 2	BID	Immune	Markers
Monocyte 2	ZNF267	Immune	Markers
Monocyte 2	EMP3	Immune	Markers
Monocyte 2	LILRB1	Immune	Markers
Monocyte 2	OSBPL1A	Immune	Markers
Monocyte 2	SPATS2L	Immune	Markers
Monocyte 2	CCL20	Immune	Markers
Monocyte 2	ANXA1	Immune	Markers
Monocyte 2	TGM2	Immune	Markers
Monocyte 2	FUOM	Immune	Markers
Monocyte 2	EPB41L2	Immune	Markers
Monocyte 2	SGPP1	Immune	Markers
Monocyte 2	KLF10	Immune	Markers
Monocyte 2	EPSTI1	Immune	Markers
Monocyte 2	HSPA6	Immune	Markers
Monocyte 2	STX11	Immune	Markers
Monocyte 2	SOCS3	Immune	Markers
Monocyte 2	PARP14	Immune	Markers
Monocyte 2	CD300LF	Immune	Markers
Monocyte 2	VASP	Immune	Markers
Monocyte 2	BEX3	Immune	Markers
Monocyte 2	FADS1	Immune	Markers
Monocyte 2	TMEM37	Immune	Markers
Monocyte 2	LMNA	Immune	Markers
Monocyte 2	IRF2BP2	Immune	Markers
Monocyte 2	UPP1	Immune	Markers
Monocyte 2	LSP1	Immune	Markers
Monocyte 2	TCEAL4	Immune	Markers
Monocyte 2	RIN2	Immune	Markers
Monocyte 2	PXDC1	Immune	Markers
Monocyte 2	DOCK2	Immune	Markers
Monocyte 2	IFI16	Immune	Markers
Monocyte 2	QSOX1	Immune	Markers
Monocyte 2	CPPED1	Immune	Markers
Monocyte 2	ADCY7	Immune	Markers
Monocyte 2	CPEB4	Immune	Markers
Monocyte 2	CLEC5A	Immune	Markers
Monocyte 2	CLIC2	Immune	Markers
Monocyte 2	LPP	Immune	Markers
Monocyte 2	YWHAB	Immune	Markers
Monocyte 2	FOSL2	Immune	Markers
Monocyte 2	ATF6	Immune	Markers
Monocyte 2	ROCK1	Immune	Markers
Monocyte 2	IL6R	Immune	Markers
Monocyte 2	APEX1	Immune	Markers
Monocyte 2	ARL5B	Immune	Markers
Monocyte 2	PLEKHA2	Immune	Markers
Monocyte 2	KLHDC8B	Immune	Markers
Monocyte 2	CEBPA	Immune	Markers
Monocyte 2	UQCRC1	Immune	Markers
Monocyte 2	PPP1R18	Immune	Markers
Monocyte 2	OSCAR	Immune	Markers
Monocyte 2	DDAH2	Immune	Markers
Monocyte 2	SFMBT2	Immune	Markers
Monocyte 2	FGD2	Immune	Markers
Monocyte 2	ATP2B1	Immune	Markers
Monocyte 2	CYTH4	Immune	Markers
Monocyte 2	PTEN	Immune	Markers
Monocyte 2	PRXL2A	Immune	Markers
Monocyte 2	ALDH1A1	Immune	Markers
Monocyte 2	SMCO4	Immune	Markers
Monocyte 2	SRGAP1	Immune	Markers
Monocyte 2	PLIN3	Immune	Markers
Monocyte 2	CFLAR	Immune	Markers
Monocyte 2	DUT	Immune	Markers
Monocyte 2	ARRDC3	Immune	Markers
Monocyte 2	PELATON	Immune	Markers
Monocyte 2	GPCPD1	Immune	Markers
Monocyte 2	TYMS	Immune	Markers
Monocyte 2	PARVB	Immune	Markers
Monocyte 2	CD99	Immune	Markers
Monocyte 2	ILF3-DT	Immune	Markers
Monocyte 2	BSG	Immune	Markers
Monocyte 2	NFKBIE	Immune	Markers
Monocyte 2	PTGS1	Immune	Markers
Monocyte 2	CTSK	Immune	Markers
Monocyte 2	TET2	Immune	Markers
Monocyte 2	FES	Immune	Markers
Monocyte 2	GSAP	Immune	Markers
Monocyte 2	EVA1B	Immune	Markers
Monocyte 2	NFKBID	Immune	Markers
Monocyte 2	RGS19	Immune	Markers
Monocyte 2	CCND1	Immune	Markers
Monocyte 2	CYB561A3	Immune	Markers
Monocyte 2	WNK1	Immune	Markers
Monocyte 2	ADAM28	Immune	Markers
Monocyte 2	P2RX7	Immune	Markers
Monocyte 2	SSB	Immune	Markers
Monocyte 2	SEPHS2	Immune	Markers
Monocyte 2	MAN1A1	Immune	Markers
Monocyte 2	SPARC	Immune	Markers
Monocyte 2	ANXA11	Immune	Markers
Monocyte 2	CASP1	Immune	Markers
Monocyte 2	CCRL2	Immune	Markers
Monocyte 2	DNAJB1	Immune	Markers
Monocyte 2	CHST11	Immune	Markers
Monocyte 2	CD72	Immune	Markers
Monocyte 2	MTHFD2	Immune	Markers
Monocyte 2	PCNA	Immune	Markers
Monocyte 2	MTDH	Immune	Markers
Monocyte 2	KLF7	Immune	Markers
Monocyte 2	WIPF1	Immune	Markers
Monocyte 2	NAP1L1	Immune	Markers
Monocyte 2	SNX8	Immune	Markers
Monocyte 2	ZNF331	Immune	Markers
Monocyte 2	RNF19B	Immune	Markers
Monocyte 2	NDUFA4	Immune	Markers
Monocyte 2	PABPC4	Immune	Markers
Monocyte 2	GEM	Immune	Markers
Monocyte 2	TMBIM1	Immune	Markers
Monocyte 2	FNDC3B	Immune	Markers
Monocyte 2	RUNX1	Immune	Markers
Monocyte 2	ERO1A	Immune	Markers
Monocyte 2	EID1	Immune	Markers
Monocyte 2	ST3GAL1	Immune	Markers
Monocyte 2	WDFY3	Immune	Markers
Monocyte 2	ITGB1	Immune	Markers
Monocyte 2	HTRA1	Immune	Markers
Monocyte 2	ATP2B1-AS1	Immune	Markers
Monocyte 2	TGFBR2	Immune	Markers
Monocyte 2	RIN3	Immune	Markers
Monocyte 2	MGLL	Immune	Markers
Monocyte 2	SECTM1	Immune	Markers
Monocyte 2	ASAP1	Immune	Markers
Monocyte 2	SOX4	Immune	Markers
Monocyte 2	GNA15	Immune	Markers
Monocyte 2	MCRIP1	Immune	Markers
Monocyte 2	HMGN3	Immune	Markers
Monocyte 2	MAPK1	Immune	Markers
Monocyte 2	RIT1	Immune	Markers
Monocyte 2	BICD2	Immune	Markers
Monocyte 2	CYB5D1	Immune	Markers
Monocyte 2	PRR13	Immune	Markers
Monocyte 2	CYBRD1	Immune	Markers
Monocyte 2	ABR	Immune	Markers
Monocyte 2	KCNK6	Immune	Markers
Monocyte 2	TBC1D9	Immune	Markers
Monocyte 2	H2AZ1	Immune	Markers
Monocyte 2	GPR155	Immune	Markers
Monocyte 2	MBNL1	Immune	Markers
Monocyte 2	HPSE	Immune	Markers
Monocyte 2	EPHX1	Immune	Markers
Monocyte 2	RCBTB2	Immune	Markers
Monocyte 2	APP	Immune	Markers
Monocyte 2	TSPAN14	Immune	Markers
Monocyte 2	SLC6A6	Immune	Markers
Monocyte 2	TRPM2	Immune	Markers
Monocyte 2	MAP3K8	Immune	Markers
Monocyte 2	ABCG1	Immune	Markers
Monocyte 2	GBP2	Immune	Markers
Monocyte 2	GLIPR2	Immune	Markers
Monocyte 2	IFIT2	Immune	Markers
Monocyte 2	IVNS1ABP	Immune	Markers
Monocyte 2	MLEC	Immune	Markers
Monocyte 2	TM2D2	Immune	Markers
Monocyte 2	DOCK10	Immune	Markers
Monocyte 2	TNFAIP3	Immune	Markers
Monocyte 2	ATP6V0D2	Immune	Markers
Monocyte 2	CERS6	Immune	Markers
Monocyte 2	TMEM70	Immune	Markers
Monocyte 2	PDIA6	Immune	Markers
Monocyte 2	LMO2	Immune	Markers
Monocyte 2	SPAG9	Immune	Markers
Monocyte 2	NUDT3	Immune	Markers
Monocyte 2	MAP1LC3B	Immune	Markers
Monocyte 2	SPART	Immune	Markers
Monocyte 2	SERPINB9	Immune	Markers
Monocyte 2	BAZ2B	Immune	Markers
Monocyte 2	MCL1	Immune	Markers
Monocyte 2	TAMALIN	Immune	Markers
Monocyte 2	CREBRF	Immune	Markers
Monocyte 2	HMGB1	Immune	Markers
Monocyte 2	SLC11A1	Immune	Markers
Monocyte 2	GAS2L3	Immune	Markers
CB FBs	SFRP2	Stromal	Markers
CB FBs	MGP	Stromal	Markers
CB FBs	PLA2G2A	Stromal	Markers
CB FBs	CFD	Stromal	Markers
CB FBs	CCDC80	Stromal	Markers
CB FBs	APOD	Stromal	Markers
CB FBs	C3	Stromal	Markers
CB FBs	ADH1B	Stromal	Markers
CB FBs	DPT	Stromal	Markers
CB FBs	IGFBP6	Stromal	Markers
CB FBs	DCN	Stromal	Markers
CB FBs	SFRP1	Stromal	Markers
CB FBs	GSN	Stromal	Markers
CB FBs	FBLN1	Stromal	Markers
CB FBs	OGN	Stromal	Markers
CB FBs	SERPINE2	Stromal	Markers
CB FBs	EFEMP1	Stromal	Markers
CB FBs	IGF1	Stromal	Markers
CB FBs	PLAC9	Stromal	Markers
CB FBs	PTGDS	Stromal	Markers
CB FBs	GPNMB	Stromal	Markers
CB FBs	SLPI	Stromal	Markers
CB FBs	RARRES1	Stromal	Markers
CB FBs	PI16	Stromal	Markers
CB FBs	THBS4	Stromal	Markers
CB FBs	SERPINF1	Stromal	Markers
CB FBs	LUM	Stromal	Markers
CB FBs	IGHA1	Stromal	Markers
CB FBs	COL14A1	Stromal	Markers
CB FBs	FBN1	Stromal	Markers
CB FBs	SFRP4	Stromal	Markers
CB FBs	CILP	Stromal	Markers
CB FBs	TNXB	Stromal	Markers
CB FBs	ITM2A	Stromal	Markers
CB FBs	SRPX	Stromal	Markers
CB FBs	NFIA	Stromal	Markers
CB FBs	SCARA5	Stromal	Markers
CB FBs	JCHAIN	Stromal	Markers
CB FBs	S100A4	Stromal	Markers
CB FBs	MFAP5	Stromal	Markers
CB FBs	ABI3BP	Stromal	Markers
CB FBs	C1R	Stromal	Markers
CB FBs	FBLN2	Stromal	Markers
CB FBs	IGKC	Stromal	Markers
CB FBs	LTBP4	Stromal	Markers
CB FBs	OMD	Stromal	Markers
CB FBs	PRELP	Stromal	Markers
CB FBs	CYBRD1	Stromal	Markers
CB FBs	KRT24	Stromal	Markers
CB FBs	SEMA3C	Stromal	Markers
CB FBs	TIMP1	Stromal	Markers
CB FBs	CCN5	Stromal	Markers
CB FBs	NUPR1	Stromal	Markers
CB FBs	COL6A3	Stromal	Markers
CB FBs	CD248	Stromal	Markers
CB FBs	SHISA3	Stromal	Markers
CB FBs	CHRDL1	Stromal	Markers
CB FBs	SERPING1	Stromal	Markers
CB FBs	SCN7A	Stromal	Markers
CB FBs	C1S	Stromal	Markers
CB FBs	CLU	Stromal	Markers
CB FBs	UAP1	Stromal	Markers
CB FBs	SPRY2	Stromal	Markers
CB FBs	LGALS3	Stromal	Markers
CB FBs	PCOLCE	Stromal	Markers
CB FBs	OSR2	Stromal	Markers
CB FBs	CFH	Stromal	Markers
CB FBs	S100A6	Stromal	Markers
CB FBs	FNDC1	Stromal	Markers
CB FBs	BOC	Stromal	Markers
CB FBs	S100A13	Stromal	Markers
CB FBs	ADD3	Stromal	Markers
CB FBs	TIMP2	Stromal	Markers
CB FBs	S100A10	Stromal	Markers
CB FBs	FGL2	Stromal	Markers
CB FBs	FSTL1	Stromal	Markers
CB FBs	ABCA9	Stromal	Markers
CB FBs	ASPN	Stromal	Markers
CB FBs	GREM1	Stromal	Markers
CB FBs	TXNIP	Stromal	Markers
CB FBs	GAS1	Stromal	Markers
CB FBs	SVEP1	Stromal	Markers
CB FBs	PTGIS	Stromal	Markers
CB FBs	VEGFB	Stromal	Markers
CB FBs	RSPO3	Stromal	Markers
CB FBs	CAPN6	Stromal	Markers
CB FBs	BHLHE41	Stromal	Markers
CB FBs	SELENOP	Stromal	Markers
CB FBs	PHGR1	Stromal	Markers
CB FBs	CD55	Stromal	Markers
CB FBs	VCAN	Stromal	Markers
CB FBs	SCPEP1	Stromal	Markers
CB FBs	EMP3	Stromal	Markers
CB FBs	SEMA3E	Stromal	Markers
CB FBs	HSPB6	Stromal	Markers
CB FBs	ABCA8	Stromal	Markers
CB FBs	PIK3R1	Stromal	Markers
CB FBs	PODN	Stromal	Markers
CB FBs	CELF2	Stromal	Markers
CB FBs	C16orf89	Stromal	Markers
CB FBs	TGFBR3	Stromal	Markers
CB FBs	CADM3	Stromal	Markers
CB FBs	FGF7	Stromal	Markers
CB FBs	TSHZ2	Stromal	Markers
CB FBs	FTL	Stromal	Markers
CB FBs	MMP2	Stromal	Markers
CB FBs	IGFBP4	Stromal	Markers
CB FBs	FLRT2	Stromal	Markers
CB FBs	GPC3	Stromal	Markers
CB FBs	FBLN5	Stromal	Markers
CB FBs	ANXA1	Stromal	Markers
CB FBs	ABCA6	Stromal	Markers
CB FBs	FCGRT	Stromal	Markers
CB FBs	SPON1	Stromal	Markers
CB FBs	F10	Stromal	Markers
CB FBs	PTN	Stromal	Markers
CB FBs	ADAMTSL4	Stromal	Markers
CB FBs	CTSK	Stromal	Markers
CB FBs	LGALS3BP	Stromal	Markers
CB FBs	LRRN4CL	Stromal	Markers
CB FBs	PLTP	Stromal	Markers
CB FBs	NOVA1	Stromal	Markers
CB FBs	ZG16	Stromal	Markers
CB FBs	LAMA2	Stromal	Markers
CB FBs	SMIM14	Stromal	Markers
CB FBs	RUNX1T1	Stromal	Markers
CB FBs	CPVL	Stromal	Markers
CB FBs	PDGFRA	Stromal	Markers
CB FBs	OAF	Stromal	Markers
CB FBs	LIMA1	Stromal	Markers
CB FBs	FXYD1	Stromal	Markers
CB FBs	SPON2	Stromal	Markers
CB FBs	LSP1	Stromal	Markers
CB FBs	COLEC12	Stromal	Markers
CB FBs	COL4A4	Stromal	Markers
CB FBs	PDE5A	Stromal	Markers
CB FBs	CST3	Stromal	Markers
CB FBs	LRRC17	Stromal	Markers
CB FBs	PLXDC2	Stromal	Markers
CB FBs	RPL36	Stromal	Markers
CB FBs	CRABP2	Stromal	Markers
CB FBs	ARL6IP5	Stromal	Markers
CB FBs	PCOLCE2	Stromal	Markers
CB FBs	EPB41L2	Stromal	Markers
CB FBs	ALDH1A1	Stromal	Markers
CB FBs	UGDH	Stromal	Markers
CB FBs	SH3BGRL3	Stromal	Markers
CB FBs	SSR4	Stromal	Markers
CB FBs	DAB2	Stromal	Markers
CB FBs	ANGPTL1	Stromal	Markers
CB FBs	GFPT2	Stromal	Markers
CB FBs	CTSF	Stromal	Markers
CB FBs	P2RY1	Stromal	Markers
CB FBs	FRMD6	Stromal	Markers
CB FBs	LPAR1	Stromal	Markers
CB FBs	CLEC11A	Stromal	Markers
CB FBs	PTPRD	Stromal	Markers
CB FBs	RARRES2	Stromal	Markers
CB FBs	STEAP1	Stromal	Markers
CB FBs	MMP23B	Stromal	Markers
CB FBs	NFIB	Stromal	Markers
CB FBs	RPS27	Stromal	Markers
CB FBs	RGMA	Stromal	Markers
CB FBs	DDR2	Stromal	Markers
CB FBs	ADAMTSL3	Stromal	Markers
CB FBs	RPLP1	Stromal	Markers
CB FBs	PPIC	Stromal	Markers
CB FBs	MCUB	Stromal	Markers
CB FBs	CP	Stromal	Markers
UC FBs	CXCL14	Stromal	Markers
UC FBs	LYZ	Stromal	Markers
UC FBs	PDGFRA	Stromal	Markers
UC FBs	PLAT	Stromal	Markers
UC FBs	CXCL8	Stromal	Markers
UC FBs	ALKAL2	Stromal	Markers
UC FBs	HLA-DRB1	Stromal	Markers
UC FBs	BMP4	Stromal	Markers
UC FBs	HLA-DRA	Stromal	Markers
UC FBs	DMKN	Stromal	Markers
UC FBs	EDNRB	Stromal	Markers
UC FBs	BMP5	Stromal	Markers
UC FBs	PTCH1	Stromal	Markers
UC FBs	SOX6	Stromal	Markers
UC FBs	G0S2	Stromal	Markers
UC FBs	POSTN	Stromal	Markers
UC FBs	GADD45G	Stromal	Markers
UC FBs	HSD17B2	Stromal	Markers
UC FBs	PDGFD	Stromal	Markers
UC FBs	ENHO	Stromal	Markers
UC FBs	EMID1	Stromal	Markers
UC FBs	WNT5A	Stromal	Markers
UC FBs	NSG1	Stromal	Markers
UC FBs	IGFBP5	Stromal	Markers
UC FBs	RGS10	Stromal	Markers
UC FBs	DDHD1	Stromal	Markers
UC FBs	TMEM176B	Stromal	Markers
UC FBs	MMP1	Stromal	Markers
UC FBs	VEGFA	Stromal	Markers
UC FBs	FOXF1	Stromal	Markers
UC FBs	CXCR4	Stromal	Markers
UC FBs	PITX1	Stromal	Markers
UC FBs	APLP2	Stromal	Markers
UC FBs	FENDRR	Stromal	Markers
UC FBs	TRPA1	Stromal	Markers
UC FBs	TMEM176A	Stromal	Markers
UC FBs	RGS2	Stromal	Markers
UC FBs	COL4A5	Stromal	Markers
UC FBs	NRG1	Stromal	Markers
UC FBs	AREG	Stromal	Markers
UC FBs	PLAU	Stromal	Markers
UC FBs	CH25H	Stromal	Markers
UC FBs	EMILIN1	Stromal	Markers
UC FBs	ADGRL3	Stromal	Markers
UC FBs	F2R	Stromal	Markers
UC FBs	CD83	Stromal	Markers
UC FBs	COL6A1	Stromal	Markers
UC FBs	RARRES2	Stromal	Markers
UC FBs	HLA-DPB1	Stromal	Markers
UC FBs	TGFBI	Stromal	Markers
UC FBs	WNT4	Stromal	Markers
UC FBs	COL6A2	Stromal	Markers
UC FBs	PCDH18	Stromal	Markers
UC FBs	LSP1	Stromal	Markers
UC FBs	BMP2	Stromal	Markers
UC FBs	NBL1	Stromal	Markers
UC FBs	GDF15	Stromal	Markers
UC FBs	WNT5B	Stromal	Markers
UC FBs	TNFAIP3	Stromal	Markers
UC FBs	TMEM119	Stromal	Markers
UC FBs	HLA-DPA1	Stromal	Markers
UC FBs	TBX3	Stromal	Markers
UC FBs	TSLP	Stromal	Markers
UC FBs	LAMA4	Stromal	Markers
UC FBs	LAMB1	Stromal	Markers
UC FBs	PTGS2	Stromal	Markers
UC FBs	ALDH1A3	Stromal	Markers
UC FBs	VSTM2A	Stromal	Markers
UC FBs	ATP1B1	Stromal	Markers
UC FBs	FHL2	Stromal	Markers
UC FBs	CPED1	Stromal	Markers
UC FBs	KCNQ1OT1	Stromal	Markers
UC FBs	CLMP	Stromal	Markers
UC FBs	PRDM1	Stromal	Markers
UC FBs	FRZB	Stromal	Markers
UC FBs	CEBPB	Stromal	Markers
UC FBs	SLITRK6	Stromal	Markers
UC FBs	HHIP	Stromal	Markers
UC FBs	WFDC1	Stromal	Markers
UC FBs	PDPN	Stromal	Markers
UC FBs	CCL11	Stromal	Markers
UC FBs	ECM1	Stromal	Markers
UC FBs	TMEM158	Stromal	Markers
UC FBs	PALLD	Stromal	Markers
UC FBs	FGF9	Stromal	Markers
UC FBs	DLL1	Stromal	Markers
UC FBs	DEFB1	Stromal	Markers
UC FBs	IGFBP3	Stromal	Markers
UC FBs	PHGR1	Stromal	Markers
UC FBs	CEBPD	Stromal	Markers
UC FBs	CYGB	Stromal	Markers
UC FBs	TSHZ2	Stromal	Markers
UC FBs	ZEB1	Stromal	Markers
UC FBs	SCUBE1	Stromal	Markers
UC FBs	FST	Stromal	Markers
UC FBs	GJA1	Stromal	Markers
UC FBs	PTGER2	Stromal	Markers
UC FBs	REL	Stromal	Markers
UC FBs	INSIG1	Stromal	Markers
UC FBs	CCDC68	Stromal	Markers
UC FBs	MCTP2	Stromal	Markers
UC FBs	IER3	Stromal	Markers
UC FBs	PTGER4	Stromal	Markers
UC FBs	ABCC4	Stromal	Markers
UC FBs	INSC	Stromal	Markers
UC FBs	CSF1	Stromal	Markers
UC FBs	KRT18	Stromal	Markers
UC FBs	STMN2	Stromal	Markers
UC FBs	ETS2	Stromal	Markers
UC FBs	RUNX1	Stromal	Markers
UC FBs	PLAAT4	Stromal	Markers
UC FBs	IL1R1	Stromal	Markers
UC FBs	DMD	Stromal	Markers
UC FBs	PSD3	Stromal	Markers
UC FBs	HSP90B1	Stromal	Markers
UC FBs	RCSD1	Stromal	Markers
UC FBs	FAM89A	Stromal	Markers
UC FBs	ITM2C	Stromal	Markers
UC FBs	GLIPR1	Stromal	Markers
UC FBs	PRKAR2B	Stromal	Markers
UC FBs	HACD4	Stromal	Markers
UC FBs	PAPPA2	Stromal	Markers
UC FBs	PTX3	Stromal	Markers
UC FBs	HLA-A	Stromal	Markers
UC FBs	PTPRE	Stromal	Markers
UC FBs	COL5A1	Stromal	Markers
UC FBs	SDC2	Stromal	Markers
UC FBs	PPP1R15A	Stromal	Markers
UC FBs	PDGFC	Stromal	Markers
UC FBs	RDH10	Stromal	Markers
UC FBs	GCLM	Stromal	Markers
UC FBs	PLEK	Stromal	Markers
UC FBs	CCN2	Stromal	Markers
UC FBs	GLP2R	Stromal	Markers
UC FBs	PIK3R1	Stromal	Markers
UC FBs	FNDC3B	Stromal	Markers
UC FBs	ITPR2	Stromal	Markers
CAFs	COL1A1	Stromal	Markers
CAFs	COL1A2	Stromal	Markers
CAFs	MMP11	Stromal	Markers
CAFs	CTHRC1	Stromal	Markers
CAFs	COL3A1	Stromal	Markers
CAFs	MMP1	Stromal	Markers
CAFs	POSTN	Stromal	Markers
CAFs	THBS2	Stromal	Markers
CAFs	COL12A1	Stromal	Markers
CAFs	EPYC	Stromal	Markers
CAFs	LUM	Stromal	Markers
CAFs	CTSK	Stromal	Markers
CAFs	COL5A2	Stromal	Markers
CAFs	IGLC3	Stromal	Markers
CAFs	SULF1	Stromal	Markers
CAFs	IGLC2	Stromal	Markers
CAFs	AEBP1	Stromal	Markers
CAFs	GREM1	Stromal	Markers
CAFs	SFRP4	Stromal	Markers
CAFs	COL6A3	Stromal	Markers
CAFs	SPON2	Stromal	Markers
CAFs	COL11A1	Stromal	Markers
CAFs	SPARC	Stromal	Markers
CAFs	MMP2	Stromal	Markers
CAFs	BGN	Stromal	Markers
CAFs	COL5A1	Stromal	Markers
CAFs	THY1	Stromal	Markers
CAFs	NBL1	Stromal	Markers
CAFs	COL8A1	Stromal	Markers
CAFs	ANTXR1	Stromal	Markers
CAFs	PCOLCE	Stromal	Markers
CAFs	VCAN	Stromal	Markers
CAFs	CDH11	Stromal	Markers
CAFs	ISLR	Stromal	Markers
CAFs	ARL4C	Stromal	Markers
CAFs	ASPN	Stromal	Markers
CAFs	RARRES2	Stromal	Markers
CAFs	TIMP1	Stromal	Markers
CAFs	MXRA5	Stromal	Markers
CAFs	FN1	Stromal	Markers
CAFs	PDPN	Stromal	Markers
CAFs	TMEM158	Stromal	Markers
CAFs	COL6A1	Stromal	Markers
CAFs	LGALS1	Stromal	Markers
CAFs	MXRA8	Stromal	Markers
CAFs	TNC	Stromal	Markers
CAFs	DIO2	Stromal	Markers
CAFs	FTH1	Stromal	Markers
CAFs	HTRA1	Stromal	Markers
CAFs	TIMP2	Stromal	Markers
CAFs	RAB31	Stromal	Markers
CAFs	MMP3	Stromal	Markers
CAFs	CST1	Stromal	Markers
CAFs	PPIC	Stromal	Markers
CAFs	FAP	Stromal	Markers
CAFs	SERPINF1	Stromal	Markers
CAFs	COL10A1	Stromal	Markers
CAFs	COL6A2	Stromal	Markers
CAFs	ADAM12	Stromal	Markers
CAFs	DCN	Stromal	Markers
CAFs	PLXDC2	Stromal	Markers
CAFs	ADAMTS2	Stromal	Markers
CAFs	SERPINH1	Stromal	Markers
CAFs	C1S	Stromal	Markers
CAFs	CCN1	Stromal	Markers
CAFs	FTL	Stromal	Markers
CAFs	SOX4	Stromal	Markers
CAFs	SPATS2L	Stromal	Markers
CAFs	COL16A1	Stromal	Markers
CAFs	PLAU	Stromal	Markers
CAFs	ITGB5	Stromal	Markers
CAFs	CCL11	Stromal	Markers
CAFs	PALLD	Stromal	Markers
CAFs	CEBPB	Stromal	Markers
CAFs	HSPA1A	Stromal	Markers
CAFs	C1R	Stromal	Markers
CAFs	NTM	Stromal	Markers
CAFs	NR2F1	Stromal	Markers
CAFs	ANGPTL2	Stromal	Markers
CAFs	HOPX	Stromal	Markers
CAFs	GEM	Stromal	Markers
CAFs	EMILIN1	Stromal	Markers
CAFs	COL7A1	Stromal	Markers
CAFs	LOXL2	Stromal	Markers
CAFs	RGS16	Stromal	Markers
CAFs	FSTL1	Stromal	Markers
CAFs	PLOD2	Stromal	Markers
CAFs	MARCKS	Stromal	Markers
CAFs	TCEAL9	Stromal	Markers
CAFs	BASP1	Stromal	Markers
CAFs	COL9A1	Stromal	Markers
CAFs	FKBP10	Stromal	Markers
CAFs	PPIB	Stromal	Markers
CAFs	GJB2	Stromal	Markers
CAFs	FIBIN	Stromal	Markers
CAFs	FBN1	Stromal	Markers
CAFs	HSPA1B	Stromal	Markers
CAFs	FNDC1	Stromal	Markers
CAFs	ITGA11	Stromal	Markers
CAFs	FBLN1	Stromal	Markers
CAFs	CXCL1	Stromal	Markers
CAFs	OSTC	Stromal	Markers
CAFs	RUNX1	Stromal	Markers
CAFs	SULF2	Stromal	Markers
CAFs	MDK	Stromal	Markers
CAFs	CD63	Stromal	Markers
CAFs	ANXA5	Stromal	Markers
CAFs	MAFB	Stromal	Markers
CAFs	CLEC11A	Stromal	Markers
CAFs	CCN2	Stromal	Markers
CAFs	TIMP3	Stromal	Markers
CAFs	CXCL14	Stromal	Markers
CAFs	TGFBI	Stromal	Markers
CAFs	DKK3	Stromal	Markers
CAFs	DNAJB1	Stromal	Markers
CAFs	PTK7	Stromal	Markers
CAFs	CALD1	Stromal	Markers
CAFs	PRRX1	Stromal	Markers
CAFs	CD99	Stromal	Markers
CAFs	ARID5B	Stromal	Markers
CAFs	CHI3L1	Stromal	Markers
CAFs	PHLDA3	Stromal	Markers
CAFs	TNFRSF12A	Stromal	Markers
CAFs	GLT8D2	Stromal	Markers
CAFs	GOLM1	Stromal	Markers
CAFs	ITGAV	Stromal	Markers
CAFs	WNT5A	Stromal	Markers
CAFs	TPM4	Stromal	Markers
CAFs	CCDC71L	Stromal	Markers
CAFs	WNT2	Stromal	Markers
CAFs	KDELR3	Stromal	Markers
CAFs	FAM114A1	Stromal	Markers
CAFs	PDGFC	Stromal	Markers
CAFs	IGFBP5	Stromal	Markers
CAFs	PKM	Stromal	Markers
CAFs	NNMT	Stromal	Markers
CAFs	FGF7	Stromal	Markers
CAFs	TNFAIP6	Stromal	Markers
CAFs	CSGALNACT2	Stromal	Markers
CAFs	COPZ2	Stromal	Markers
CAFs	PCDH7	Stromal	Markers
CAFs	CKAP4	Stromal	Markers
CAFs	CLMP	Stromal	Markers
CAFs	F2R	Stromal	Markers
CAFs	TTC3	Stromal	Markers
CAFs	CMTM3	Stromal	Markers
CAFs	CPXM1	Stromal	Markers
CAFs	CNN2	Stromal	Markers
CAFs	PMEPA1	Stromal	Markers
CAFs	KIAA1217	Stromal	Markers
CAFs	SSR3	Stromal	Markers
CAFs	STEAP1	Stromal	Markers
CAFs	BHLHE41	Stromal	Markers
CAFs	HSPA5	Stromal	Markers
CAFs	HSPA6	Stromal	Markers
CAFs	PRDM1	Stromal	Markers
CAFs	TPM2	Stromal	Markers
CAFs	COMP	Stromal	Markers
CAFs	LOX	Stromal	Markers
CAFs	ADAMTS12	Stromal	Markers
CAFs	PRDX4	Stromal	Markers
CAFs	GPNMB	Stromal	Markers
CAFs	GAPDH	Stromal	Markers
CAFs	SERPINE2	Stromal	Markers
CAFs	LMO7	Stromal	Markers
CAFs	SPOCK1	Stromal	Markers
CAFs	VEGFB	Stromal	Markers
CAFs	DKK2	Stromal	Markers
CAFs	LMAN1	Stromal	Markers
CAFs	MMP23B	Stromal	Markers
CAFs	KCNQ1OT1	Stromal	Markers
CAFs	MAPKAP1	Stromal	Markers
CAFs	HCFC1R1	Stromal	Markers
CAFs	CREB3L1	Stromal	Markers
CAFs	TMEM176B	Stromal	Markers
CAFs	LGALS3BP	Stromal	Markers
CAFs	GPC6	Stromal	Markers
CAFs	NEAT1	Stromal	Markers
CAFs	SGCB	Stromal	Markers
CAFs	ROBO2	Stromal	Markers
CAFs	MAF	Stromal	Markers
CAFs	CXCL5	Stromal	Markers
CAFs	CRABP2	Stromal	Markers
CAFs	ADM	Stromal	Markers
CAFs	EFEMP2	Stromal	Markers
CAFs	SERPING1	Stromal	Markers
CAFs	GAS1	Stromal	Markers
CAFs	FRMD6	Stromal	Markers
CAFs	ALDH1A3	Stromal	Markers
CAFs	TWIST1	Stromal	Markers
CAFs	SDC2	Stromal	Markers
CAFs	CCN4	Stromal	Markers
CAFs	MOXD1	Stromal	Markers
CAFs	AOPEP	Stromal	Markers
CAFs	PDLIM3	Stromal	Markers
CAFs	PITX1	Stromal	Markers
CAFs	BEX3	Stromal	Markers
CAFs	C3	Stromal	Markers
CAFs	MITF	Stromal	Markers
CAFs	EPSTI1	Stromal	Markers
CAFs	NUPR1	Stromal	Markers
CAFs	LAPTM4A	Stromal	Markers
CAFs	LINC01705	Stromal	Markers
CAFs	NORAD	Stromal	Markers
CAFs	EVA1B	Stromal	Markers
CAFs	LRRC15	Stromal	Markers
CAFs	CH25H	Stromal	Markers
CAFs	RIN2	Stromal	Markers
CAFs	PLIN3	Stromal	Markers
CAFs	SPHK1	Stromal	Markers
CAFs	P4HA1	Stromal	Markers
CAFs	KIF26B	Stromal	Markers
CAFs	TMSB10	Stromal	Markers
CAFs	VMP1	Stromal	Markers
CAFs	CCND1	Stromal	Markers
CAFs	RAB34	Stromal	Markers
CAFs	VASN	Stromal	Markers
CAFs	FMOD	Stromal	Markers
CAFs	ITGB1	Stromal	Markers
CAFs	TSPAN4	Stromal	Markers
CAFs	FAM20C	Stromal	Markers
CAFs	APCDD1	Stromal	Markers
CAFs	CXCL3	Stromal	Markers
CAFs	SELENOM	Stromal	Markers
CAFs	TMEM45A	Stromal	Markers
CAFs	ACTG1	Stromal	Markers
CAFs	FBLN2	Stromal	Markers
CAFs	P4HA2	Stromal	Markers
CAFs	MYH10	Stromal	Markers
CAFs	IGFBP4	Stromal	Markers
CAFs	RPL37	Stromal	Markers
CAFs	TGFBR1	Stromal	Markers
CAFs	TPM1	Stromal	Markers
CAFs	PSD3	Stromal	Markers
CAFs	RPLP0	Stromal	Markers
CAFs	C11orf96	Stromal	Markers
CAFs	PLPP4	Stromal	Markers
CAFs	EMP3	Stromal	Markers
CAFs	RPL7A	Stromal	Markers
CAFs	RARRES1	Stromal	Markers
CAFs	ENAH	Stromal	Markers
CAFs	P3H1	Stromal	Markers
CAFs	TYMP	Stromal	Markers
CAFs	DDR2	Stromal	Markers
CAFs	TMEM176A	Stromal	Markers
CAFs	ID3	Stromal	Markers
CAFs	TUBA1A	Stromal	Markers
CAFs	ARPC2	Stromal	Markers
CAFs	PODN	Stromal	Markers
CAFs	PERP	Stromal	Markers
CAFs	ATP6AP2	Stromal	Markers
CAFs	PDLIM4	Stromal	Markers
CAFs	FZD1	Stromal	Markers
CAFs	DPYSL3	Stromal	Markers
CAFs	SSC5D	Stromal	Markers
CAFs	RAI14	Stromal	Markers
CAFs	BCAT1	Stromal	Markers
CAFs	CCND2	Stromal	Markers
CAFs	S100A6	Stromal	Markers
CAFs	PBX3	Stromal	Markers
CAFs	TMEM119	Stromal	Markers
CAFs	CXCL8	Stromal	Markers
CAFs	CHD3	Stromal	Markers
CAFs	MEIS1	Stromal	Markers
CAFs	COL14A1	Stromal	Markers
CAFs	TSHZ2	Stromal	Markers
CAFs	MXRA7	Stromal	Markers
CAFs	BMP1	Stromal	Markers
CAFs	FBXO32	Stromal	Markers
CAFs	NCAM2	Stromal	Markers
CAFs	SRPX2	Stromal	Markers
CAFs	GPC1	Stromal	Markers
CAFs	GSTO1	Stromal	Markers
CAFs	TPBG	Stromal	Markers
CAFs	CTSL	Stromal	Markers
CAFs	NID2	Stromal	Markers
CAFs	CD82	Stromal	Markers
CAFs	S100A11	Stromal	Markers
CAFs	FHL2	Stromal	Markers
CAFs	SVIL	Stromal	Markers
CAFs	HSP90AA1	Stromal	Markers
CAFs	UNC5B	Stromal	Markers
CAFs	QPRT	Stromal	Markers
CAFs	MYOF	Stromal	Markers
CAFs	SPON1	Stromal	Markers
CAFs	LGALS3	Stromal	Markers
CAFs	TNS3	Stromal	Markers
CAFs	FKBP7	Stromal	Markers
CAFs	LTBP1	Stromal	Markers
CAFs	LMCD1	Stromal	Markers
CAFs	NAP1L1	Stromal	Markers
CAFs	CTSA	Stromal	Markers
CAFs	TDO2	Stromal	Markers
CAFs	RPS3	Stromal	Markers
CAFs	SFRP2	Stromal	Markers
CAFs	GADD45A	Stromal	Markers
CAFs	ARMCX3	Stromal	Markers
CAFs	DPT	Stromal	Markers
CAFs	SLC24A3	Stromal	Markers
CAFs	IGFBP7	Stromal	Markers
CAFs	RPL28	Stromal	Markers
CAFs	RACK1	Stromal	Markers
CAFs	NXN	Stromal	Markers
CAFs	PODNL1	Stromal	Markers
CAFs	TGFB1I1	Stromal	Markers
CAFs	MAP4K4	Stromal	Markers
CAFs	ECM1	Stromal	Markers
CAFs	RAB32	Stromal	Markers
CAFs	DAB2	Stromal	Markers
CAFs	LRRC17	Stromal	Markers
CAFs	LEF1	Stromal	Markers
CAFs	ANXA2	Stromal	Markers
CAFs	NDN	Stromal	Markers
CAFs	ERLEC1	Stromal	Markers
CAFs	PDIA6	Stromal	Markers
CAFs	YBX3	Stromal	Markers
CAFs	ENC1	Stromal	Markers
CAFs	PRDX5	Stromal	Markers
CAFs	PPP1R15A	Stromal	Markers
CAFs	WFDC1	Stromal	Markers
CAFs	HSP90B1	Stromal	Markers
CAFs	SLC6A6	Stromal	Markers
CAFs	FAT1	Stromal	Markers
CAFs	CCDC80	Stromal	Markers
CAFs	ACTN1	Stromal	Markers
CAFs	PHLDA1	Stromal	Markers
CAFs	MFGE8	Stromal	Markers
CAFs	DSEL	Stromal	Markers
CAFs	SMIM3	Stromal	Markers
CAFs	CTSZ	Stromal	Markers
CAFs	IER5L	Stromal	Markers
CAFs	AXL	Stromal	Markers
CAFs	EEF1A1	Stromal	Markers
CAFs	CDKN1C	Stromal	Markers
CAFs	RPL3	Stromal	Markers
CAFs	OSBPL8	Stromal	Markers
CAFs	CD248	Stromal	Markers
CAFs	HSPB1	Stromal	Markers
CAFs	RPS18	Stromal	Markers
CAFs	VCAM1	Stromal	Markers
CAFs	TRPS1	Stromal	Markers
CAFs	UBC	Stromal	Markers
CAFs	S100A10	Stromal	Markers
CAFs	SEC61B	Stromal	Markers
CAFs	ROBO1	Stromal	Markers
CAFs	RBP4	Stromal	Markers
CAFs	RPS2	Stromal	Markers
CAFs	SDC1	Stromal	Markers
CAFs	OAF	Stromal	Markers
CAFs	ATOX1	Stromal	Markers
CAFs	PLTP	Stromal	Markers
CAFs	MAB21L2	Stromal	Markers
CAFs	RPSA	Stromal	Markers
CAFs	LAMP1	Stromal	Markers
CAFs	LIMS1	Stromal	Markers
CAFs	ANOS1	Stromal	Markers
CAFs	RTN4	Stromal	Markers
CAFs	EID1	Stromal	Markers
CAFs	PAPSS2	Stromal	Markers
CAFs	RPS4X	Stromal	Markers
CAFs	RAB13	Stromal	Markers
CAFs	GOLIM4	Stromal	Markers
CAFs	BST2	Stromal	Markers
CAFs	CYBRD1	Stromal	Markers
CAFs	RPL12	Stromal	Markers
CAFs	RCN1	Stromal	Markers
CAFs	ITM2C	Stromal	Markers
CAFs	IGFBP6	Stromal	Markers
CAFs	CNN3	Stromal	Markers
CAFs	FAT4	Stromal	Markers
CAFs	RNF24	Stromal	Markers
CAFs	JDP2	Stromal	Markers
CAFs	ISG15	Stromal	Markers
CAFs	RHOBTB3	Stromal	Markers
CAFs	TEAD1	Stromal	Markers
CAFs	CPEB4	Stromal	Markers
CAFs	NFIC	Stromal	Markers
CAFs	FRZB	Stromal	Markers
CAFs	GGT5	Stromal	Markers
CAFs	PDLIM7	Stromal	Markers
CAFs	ALDH1L2	Stromal	Markers
CAFs	MYO1E	Stromal	Markers
CAFs	SERP1	Stromal	Markers
CAFs	RPL39	Stromal	Markers
CAFs	INAFM1	Stromal	Markers
CAFs	REXO2	Stromal	Markers
CAFs	RPL5	Stromal	Markers
CAFs	RPS23	Stromal	Markers
CAFs	FERMT2	Stromal	Markers
CAFs	FGD6	Stromal	Markers
CAFs	MYH9	Stromal	Markers
CAFs	HSPH1	Stromal	Markers
CAFs	LINC01082	Stromal	Markers
CAFs	TP53I3	Stromal	Markers
CAFs	DCBLD1	Stromal	Markers
CAFs	FKBP11	Stromal	Markers
CAFs	GULP1	Stromal	Markers
CAFs	RPS19	Stromal	Markers
CAFs	TRAM1	Stromal	Markers
CAFs	FSTL3	Stromal	Markers
CAFs	IL1R1	Stromal	Markers
CAFs	CST2	Stromal	Markers
CAFs	CAVIN3	Stromal	Markers
CAFs	AHNAK2	Stromal	Markers
CCL FBs	ADAMDEC1	Stromal	Markers
CCL FBs	CCL13	Stromal	Markers
CCL FBs	APOE	Stromal	Markers
CCL FBs	CCL8	Stromal	Markers
CCL FBs	CCL11	Stromal	Markers
CCL FBs	CXCL1	Stromal	Markers
CCL FBs	HAPLN1	Stromal	Markers
CCL FBs	CFD	Stromal	Markers
CCL FBs	TFPI2	Stromal	Markers
CCL FBs	CCL2	Stromal	Markers
CCL FBs	ADAM28	Stromal	Markers
CCL FBs	ABCA8	Stromal	Markers
CCL FBs	EDIL3	Stromal	Markers
CCL FBs	TMEM176B	Stromal	Markers
CCL FBs	IGLC2	Stromal	Markers
CCL FBs	SCARA5	Stromal	Markers
CCL FBs	IGHA2	Stromal	Markers
CCL FBs	STMN2	Stromal	Markers
CCL FBs	PTGDS	Stromal	Markers
CCL FBs	CXCL14	Stromal	Markers
CCL FBs	TMEM176A	Stromal	Markers
CCL FBs	CTSC	Stromal	Markers
CCL FBs	A2M	Stromal	Markers
CCL FBs	CFH	Stromal	Markers
CCL FBs	IL6ST	Stromal	Markers
CCL FBs	PAPPA	Stromal	Markers
CCL FBs	CP	Stromal	Markers
CCL FBs	CEBPD	Stromal	Markers
CCL FBs	IRF1	Stromal	Markers
CCL FBs	LTBP4	Stromal	Markers
CCL FBs	CYGB	Stromal	Markers
CCL FBs	EMILIN1	Stromal	Markers
CCL FBs	SOCS3	Stromal	Markers
CCL FBs	NEGR1	Stromal	Markers
CCL FBs	FHL2	Stromal	Markers
CCL FBs	QSOX1	Stromal	Markers
CCL FBs	WNT2B	Stromal	Markers
CCL FBs	FOS	Stromal	Markers
CCL FBs	SFTA1P	Stromal	Markers
CCL FBs	LINC01082	Stromal	Markers
CCL FBs	SELENOP	Stromal	Markers
CCL FBs	C1S	Stromal	Markers
CCL FBs	CRYBG3	Stromal	Markers
CCL FBs	PLTP	Stromal	Markers
CCL FBs	EMID1	Stromal	Markers
CCL FBs	ADH1B	Stromal	Markers
CCL FBs	MATN2	Stromal	Markers
CCL FBs	PHLDA1	Stromal	Markers
CCL FBs	PTN	Stromal	Markers
CCL FBs	NOVA1	Stromal	Markers
CCL FBs	SMPDL3A	Stromal	Markers
CCL FBs	TNFSF10	Stromal	Markers
CCL FBs	PTGS2	Stromal	Markers
CCL FBs	VCAM1	Stromal	Markers
CCL FBs	P2RY14	Stromal	Markers
CCL FBs	PTGER4	Stromal	Markers
CCL FBs	NFKBIA	Stromal	Markers
CCL FBs	JUND	Stromal	Markers
CCL FBs	JUN	Stromal	Markers
CCL FBs	RND3	Stromal	Markers
CCL FBs	BASP1	Stromal	Markers
CCL FBs	ZFP36L2	Stromal	Markers
CCL FBs	PLPP1	Stromal	Markers
CCL FBs	MCL1	Stromal	Markers
CCL FBs	ADGRL3	Stromal	Markers
CCL FBs	FOSB	Stromal	Markers
CCL FBs	HAS2	Stromal	Markers
CCL FBs	FABP4	Stromal	Markers
CCL FBs	BTG1	Stromal	Markers
CCL FBs	ZFP36	Stromal	Markers
CCL FBs	EGR1	Stromal	Markers
CCL FBs	GLUL	Stromal	Markers
CCL FBs	SCT	Stromal	Markers
CCL FBs	ZFP36L1	Stromal	Markers
CCL FBs	WNT4	Stromal	Markers
CCL FBs	FBLN5	Stromal	Markers
CCL FBs	REV3L	Stromal	Markers
CCL FBs	CEBPB	Stromal	Markers
CCL FBs	GGT5	Stromal	Markers
CCL FBs	ITIH5	Stromal	Markers
CCL FBs	LSP1	Stromal	Markers
CCL FBs	PRKAR2B	Stromal	Markers
CCL FBs	PTCH1	Stromal	Markers
CCL FBs	EPHA7	Stromal	Markers
CCL FBs	CLEC2B	Stromal	Markers
CCL FBs	PTGER2	Stromal	Markers
CCL FBs	APOC1	Stromal	Markers
CCL FBs	PITX1	Stromal	Markers
CCL FBs	PGRMC1	Stromal	Markers
CCL FBs	CD81	Stromal	Markers
CCL FBs	KLF4	Stromal	Markers
CCL FBs	TCIM	Stromal	Markers
CCL FBs	NID1	Stromal	Markers
CCL FBs	GRK5	Stromal	Markers
CCL FBs	FGFR4	Stromal	Markers
CCL FBs	CD302	Stromal	Markers
CCL FBs	IL1R1	Stromal	Markers
CCL FBs	PPP1R15A	Stromal	Markers
CCL FBs	RGS2	Stromal	Markers
CCL FBs	ADD3	Stromal	Markers
CCL FBs	VMP1	Stromal	Markers
CCL FBs	NFKBIZ	Stromal	Markers
CCL FBs	RGS10	Stromal	Markers
CCL FBs	DLL1	Stromal	Markers
CCL FBs	MAMDC2	Stromal	Markers
CCL FBs	TGFBI	Stromal	Markers
CCL FBs	RDH10	Stromal	Markers
CCL FBs	RARRES2	Stromal	Markers
CCL FBs	JUNB	Stromal	Markers
CCL FBs	TFPI	Stromal	Markers
CCL FBs	HAAO	Stromal	Markers
CCL FBs	CSF1	Stromal	Markers
CCL FBs	ADM	Stromal	Markers
CCL FBs	C1R	Stromal	Markers
CCL FBs	SPON1	Stromal	Markers
CCL FBs	BMP5	Stromal	Markers
CCL FBs	PLAAT4	Stromal	Markers
CCL FBs	TNFAIP3	Stromal	Markers
CCL FBs	FGFR2	Stromal	Markers
CCL FBs	BMP4	Stromal	Markers
CCL FBs	PCDH18	Stromal	Markers
CCL FBs	GADD45G	Stromal	Markers
CCL FBs	IRF8	Stromal	Markers
CCL FBs	H3-3B	Stromal	Markers
CCL FBs	PNRC1	Stromal	Markers
CCL FBs	PCDH7	Stromal	Markers
CCL FBs	TMEM150C	Stromal	Markers
CCL FBs	KCNQ1OT1	Stromal	Markers
CCL FBs	SAMD11	Stromal	Markers
CCL FBs	ABCA1	Stromal	Markers
CCL FBs	PROS1	Stromal	Markers
CCL FBs	CD69	Stromal	Markers
CCL FBs	KITLG	Stromal	Markers
CCL FBs	PDK4	Stromal	Markers
CCL FBs	NNMT	Stromal	Markers
CCL FBs	ABCA6	Stromal	Markers
CCL FBs	FBLN1	Stromal	Markers
CCL FBs	PSD3	Stromal	Markers
CCL FBs	CLMP	Stromal	Markers
CCL FBs	PPP1R10	Stromal	Markers
CCL FBs	VCAN	Stromal	Markers
CCL FBs	HEXIM1	Stromal	Markers
CCL FBs	LGALS3BP	Stromal	Markers
CCL FBs	DKK3	Stromal	Markers
CCL FBs	ANGPTL1	Stromal	Markers
CCL FBs	TMEM100	Stromal	Markers
CCL FBs	TAC3	Stromal	Markers
CCL FBs	DMKN	Stromal	Markers
CCL FBs	PLAT	Stromal	Markers
CCL FBs	TNFAIP2	Stromal	Markers
CCL FBs	IER2	Stromal	Markers
CCL FBs	SVEP1	Stromal	Markers
CCL FBs	ECM1	Stromal	Markers
CCL FBs	RPS7	Stromal	Markers
CCL FBs	ALKAL2	Stromal	Markers
CCL FBs	CELF2	Stromal	Markers
CCL FBs	SAMHD1	Stromal	Markers
CCL FBs	LAMA2	Stromal	Markers
CCL FBs	CCDC102B	Stromal	Markers
CCL FBs	CD44	Stromal	Markers
CCL FBs	MMP19	Stromal	Markers
CCL FBs	TLE4	Stromal	Markers
CCL FBs	GPCPD1	Stromal	Markers
CCL FBs	CCDC68	Stromal	Markers
CCL FBs	NCAM1	Stromal	Markers
CCL FBs	ACVRL1	Stromal	Markers
CCL FBs	SOD2	Stromal	Markers
CCL FBs	P2RX1	Stromal	Markers
CCL FBs	RPL13A	Stromal	Markers
CCL FBs	GPC6	Stromal	Markers
CCL FBs	EDNRB	Stromal	Markers
CCL FBs	CCL7	Stromal	Markers
CCL FBs	KLF9	Stromal	Markers
CCL FBs	DDR2	Stromal	Markers
CCL FBs	SNHG32	Stromal	Markers
Pericytes	NDUFA4L2	Stromal	Markers
Pericytes	COL4A1	Stromal	Markers
Pericytes	CCDC102B	Stromal	Markers
Pericytes	NOTCH3	Stromal	Markers
Pericytes	COL4A2	Stromal	Markers
Pericytes	COL18A1	Stromal	Markers
Pericytes	PDGFRB	Stromal	Markers
Pericytes	KCNJ8	Stromal	Markers
Pericytes	LHFPL6	Stromal	Markers
Pericytes	UACA	Stromal	Markers
Pericytes	ITGA1	Stromal	Markers
Pericytes	PLXDC1	Stromal	Markers
Pericytes	ANGPT2	Stromal	Markers
Pericytes	STEAP4	Stromal	Markers
Pericytes	ABCC9	Stromal	Markers
Pericytes	GJA4	Stromal	Markers
Pericytes	EDNRA	Stromal	Markers
Pericytes	MCAM	Stromal	Markers
Pericytes	CSRP2	Stromal	Markers
Pericytes	IGFBP2	Stromal	Markers
Pericytes	THY1	Stromal	Markers
Pericytes	COL5A3	Stromal	Markers
Pericytes	MYO1B	Stromal	Markers
Pericytes	IGFBP7	Stromal	Markers
Pericytes	CPE	Stromal	Markers
Pericytes	EPS8	Stromal	Markers
Pericytes	PDGFA	Stromal	Markers
Pericytes	GUCY1A2	Stromal	Markers
Pericytes	NR2F2	Stromal	Markers
Pericytes	CAMK2N1	Stromal	Markers
Pericytes	COX4I2	Stromal	Markers
Pericytes	CALD1	Stromal	Markers
Pericytes	ACTA2	Stromal	Markers
Pericytes	PHLDA1	Stromal	Markers
Pericytes	HIGD1B	Stromal	Markers
Pericytes	EGFL6	Stromal	Markers
Pericytes	MAP1B	Stromal	Markers
Pericytes	ADAMTS4	Stromal	Markers
Pericytes	CD248	Stromal	Markers
Pericytes	TPPP3	Stromal	Markers
Pericytes	ADGRF5	Stromal	Markers
Pericytes	EBF1	Stromal	Markers
Pericytes	CDH6	Stromal	Markers
Pericytes	SERPINI1	Stromal	Markers
Pericytes	LOXL2	Stromal	Markers
Pericytes	RGS16	Stromal	Markers
Pericytes	TFPI	Stromal	Markers
Pericytes	ARHGDIB	Stromal	Markers
Pericytes	ARHGEF17	Stromal	Markers
Pericytes	FRZB	Stromal	Markers
Pericytes	BGN	Stromal	Markers
Pericytes	EGFLAM	Stromal	Markers
Pericytes	LPL	Stromal	Markers
Pericytes	ITGB1	Stromal	Markers
Pericytes	HES4	Stromal	Markers
Pericytes	ASPN	Stromal	Markers
Pericytes	FAM162B	Stromal	Markers
Pericytes	C20orf27	Stromal	Markers
Pericytes	INPP4B	Stromal	Markers
Pericytes	CSPG4	Stromal	Markers
Pericytes	LZTS1	Stromal	Markers
Pericytes	SEMA5A	Stromal	Markers
Pericytes	S1PR3	Stromal	Markers
Pericytes	CD36	Stromal	Markers
Pericytes	TINAGL1	Stromal	Markers
Pericytes	ADAP2	Stromal	Markers
Pericytes	ID3	Stromal	Markers
Pericytes	PTP4A3	Stromal	Markers
Pericytes	HEYL	Stromal	Markers
Pericytes	NID1	Stromal	Markers
Pericytes	TIMP1	Stromal	Markers
Pericytes	PMEPA1	Stromal	Markers
Pericytes	IGKC	Stromal	Markers
Pericytes	COL5A2	Stromal	Markers
Pericytes	RNF152	Stromal	Markers
Pericytes	NRARP	Stromal	Markers
Pericytes	ID4	Stromal	Markers
Pericytes	PLCE1	Stromal	Markers
Pericytes	ADAMTS1	Stromal	Markers
Pericytes	MEF2C	Stromal	Markers
Pericytes	FN1	Stromal	Markers
Pericytes	SDC2	Stromal	Markers
Pericytes	FAT1	Stromal	Markers
Pericytes	KRT18	Stromal	Markers
Pericytes	MYH9	Stromal	Markers
Pericytes	GAPDH	Stromal	Markers
Pericytes	GGT5	Stromal	Markers
Pericytes	PEAK1	Stromal	Markers
Pericytes	OLFML2A	Stromal	Markers
Pericytes	FAM13C	Stromal	Markers
Pericytes	INAFM1	Stromal	Markers
Pericytes	ACAN	Stromal	Markers
Pericytes	RGS5	Stromal	Markers
Pericytes	TNS3	Stromal	Markers
Pericytes	CCDC3	Stromal	Markers
Pericytes	ARHGAP15	Stromal	Markers
Pericytes	SPARC	Stromal	Markers
Pericytes	PPP1R14A	Stromal	Markers
Pericytes	FOXS1	Stromal	Markers
Pericytes	SLC25A5	Stromal	Markers
Pericytes	COL6A1	Stromal	Markers
Pericytes	COL6A2	Stromal	Markers
Pericytes	ITGA4	Stromal	Markers
Pericytes	NEURL1B	Stromal	Markers
Pericytes	ADGRA2	Stromal	Markers
Pericytes	ARPC5	Stromal	Markers
Pericytes	PTK2	Stromal	Markers
Pericytes	TGFB1I1	Stromal	Markers
Pericytes	ISG15	Stromal	Markers
Pericytes	HIC1	Stromal	Markers
Pericytes	LURAP1L	Stromal	Markers
Pericytes	CYGB	Stromal	Markers
Pericytes	KIAA0040	Stromal	Markers
Pericytes	NID2	Stromal	Markers
Pericytes	CARMN	Stromal	Markers
Pericytes	ISYNA1	Stromal	Markers
Pericytes	PGF	Stromal	Markers
Pericytes	C11orf96	Stromal	Markers
Pericytes	EPHA3	Stromal	Markers
Pericytes	ANO1	Stromal	Markers
Pericytes	LINGO1	Stromal	Markers
Pericytes	HOPX	Stromal	Markers
Pericytes	ITGA7	Stromal	Markers
Pericytes	EHD2	Stromal	Markers
Pericytes	LAMA4	Stromal	Markers
Pericytes	OAZ2	Stromal	Markers
Pericytes	TPM1	Stromal	Markers
Pericytes	CD44	Stromal	Markers
Pericytes	TPM4	Stromal	Markers
Pericytes	NCK2	Stromal	Markers
Pericytes	CHN1	Stromal	Markers
Pericytes	ALCAM	Stromal	Markers
Pericytes	EVA1B	Stromal	Markers
Pericytes	EPAS1	Stromal	Markers
Pericytes	FBLIM1	Stromal	Markers
Pericytes	EPB41L1	Stromal	Markers
Pericytes	SEMA5B	Stromal	Markers
Pericytes	TLN1	Stromal	Markers
Pericytes	PTMA	Stromal	Markers
Pericytes	PPP1R12A	Stromal	Markers
Pericytes	LDHB	Stromal	Markers
Pericytes	AXL	Stromal	Markers
Pericytes	SSTR2	Stromal	Markers
Pericytes	PRKG1	Stromal	Markers
Pericytes	OLFML2B	Stromal	Markers
Pericytes	UGCG	Stromal	Markers
Pericytes	CLMN	Stromal	Markers
Pericytes	MYL12A	Stromal	Markers
Pericytes	MIR4435-2HG	Stromal	Markers
Pericytes	AVPR1A	Stromal	Markers
Pericytes	SLC12A2	Stromal	Markers
Pericytes	FAM241A	Stromal	Markers
Pericytes	CHSY1	Stromal	Markers
Pericytes	SYTL2	Stromal	Markers
Pericytes	MYLK	Stromal	Markers
Pericytes	LGALS1	Stromal	Markers
Pericytes	IER5L	Stromal	Markers
Pericytes	ANGPT1	Stromal	Markers
Pericytes	HES5	Stromal	Markers
Pericytes	C1QTNF1	Stromal	Markers
Pericytes	VASP	Stromal	Markers
Pericytes	TUBA1B	Stromal	Markers
Pericytes	RASD2	Stromal	Markers
Pericytes	GEM	Stromal	Markers
Pericytes	RHOQ	Stromal	Markers
Pericytes	HSPA6	Stromal	Markers
Pericytes	OR51E1	Stromal	Markers
Pericytes	VASN	Stromal	Markers
Pericytes	HIP1	Stromal	Markers
Pericytes	TDO2	Stromal	Markers
Pericytes	PTEN	Stromal	Markers
Pericytes	VCL	Stromal	Markers
Pericytes	PAG1	Stromal	Markers
Pericytes	EFHD1	Stromal	Markers
Pericytes	UBA2	Stromal	Markers
Pericytes	SLCO3A1	Stromal	Markers
Pericytes	HIF1A	Stromal	Markers
Pericytes	DUSP14	Stromal	Markers
Pericytes	MAP3K7CL	Stromal	Markers
Pericytes	LRRC32	Stromal	Markers
Pericytes	HEY2	Stromal	Markers
Pericytes	MYL9	Stromal	Markers
Pericytes	PDE3A	Stromal	Markers
Pericytes	CYTOR	Stromal	Markers
Pericytes	PDE5A	Stromal	Markers
Pericytes	ASAH1	Stromal	Markers
Pericytes	CNTN4	Stromal	Markers
Pericytes	TRIB2	Stromal	Markers
Pericytes	ROCK1	Stromal	Markers
Pericytes	LAMC1	Stromal	Markers
Pericytes	MFGE8	Stromal	Markers
Pericytes	PRRX1	Stromal	Markers
Pericytes	IFIT2	Stromal	Markers
Pericytes	ASAP1	Stromal	Markers
Pericytes	CDC42BPA	Stromal	Markers
Pericytes	CAV1	Stromal	Markers
Pericytes	PLCL1	Stromal	Markers
Pericytes	ADAMTS12	Stromal	Markers
Pericytes	ARPC2	Stromal	Markers
Pericytes	FERMT2	Stromal	Markers
Pericytes	NFASC	Stromal	Markers
Pericytes	TNS1	Stromal	Markers
Pericytes	SERPINH1	Stromal	Markers
Pericytes	RASD1	Stromal	Markers
Pericytes	CNNM2	Stromal	Markers
Pericytes	NRP1	Stromal	Markers
Pericytes	KLF9	Stromal	Markers
Pericytes	FHL5	Stromal	Markers
Pericytes	KNOP1	Stromal	Markers
Pericytes	TRPC6	Stromal	Markers
Pericytes	VIM	Stromal	Markers
Pericytes	ARHGAP26	Stromal	Markers
Pericytes	BATF3	Stromal	Markers
Pericytes	IFITM3	Stromal	Markers
Pericytes	PFN1	Stromal	Markers
Pericytes	PLPPR4	Stromal	Markers
Pericytes	PTMS	Stromal	Markers
Pericytes	LIMS1	Stromal	Markers
Pericytes	COL6A3	Stromal	Markers
Pericytes	AFAP1L2	Stromal	Markers
Pericytes	HSPA1A	Stromal	Markers
Pericytes	TGFBI	Stromal	Markers
Pericytes	ARHGAP29	Stromal	Markers
Pericytes	IFIT3	Stromal	Markers
Pericytes	EBF2	Stromal	Markers
Pericytes	SPATS2L	Stromal	Markers
Pericytes	ATP1B2	Stromal	Markers
Pericytes	TESC	Stromal	Markers
Pericytes	CAV2	Stromal	Markers
Pericytes	HSPA1B	Stromal	Markers
MyoFBs 1	MYH11	Stromal	Markers
MyoFBs 1	ADIRF	Stromal	Markers
MyoFBs 1	RERGL	Stromal	Markers
MyoFBs 1	ACTA2	Stromal	Markers
MyoFBs 1	PLN	Stromal	Markers
MyoFBs 1	TAGLN	Stromal	Markers
MyoFBs 1	DSTN	Stromal	Markers
MyoFBs 1	MT1X	Stromal	Markers
MyoFBs 1	MYL9	Stromal	Markers
MyoFBs 1	MT1M	Stromal	Markers
MyoFBs 1	TPM2	Stromal	Markers
MyoFBs 1	CSRP2	Stromal	Markers
MyoFBs 1	C11orf96	Stromal	Markers
MyoFBs 1	GADD45B	Stromal	Markers
MyoFBs 1	FLNA	Stromal	Markers
MyoFBs 1	MT1E	Stromal	Markers
MyoFBs 1	BTG2	Stromal	Markers
MyoFBs 1	SNCG	Stromal	Markers
MyoFBs 1	LMOD1	Stromal	Markers
MyoFBs 1	MT2A	Stromal	Markers
MyoFBs 1	TPM1	Stromal	Markers
MyoFBs 1	SLC7A2	Stromal	Markers
MyoFBs 1	RCAN2	Stromal	Markers
MyoFBs 1	MCAM	Stromal	Markers
MyoFBs 1	SORBS2	Stromal	Markers
MyoFBs 1	MYLK	Stromal	Markers
MyoFBs 1	TSC22D1	Stromal	Markers
MyoFBs 1	ATF3	Stromal	Markers
MyoFBs 1	PHLDA2	Stromal	Markers
MyoFBs 1	EGR1	Stromal	Markers
MyoFBs 1	HES4	Stromal	Markers
MyoFBs 1	NOTCH3	Stromal	Markers
MyoFBs 1	PPP1R12B	Stromal	Markers
MyoFBs 1	SOD3	Stromal	Markers
MyoFBs 1	FKBP5	Stromal	Markers
MyoFBs 1	JUNB	Stromal	Markers
MyoFBs 1	ZFHX3	Stromal	Markers
MyoFBs 1	NR4A1	Stromal	Markers
MyoFBs 1	SYNPO2	Stromal	Markers
MyoFBs 1	LPP	Stromal	Markers
MyoFBs 1	TINAGL1	Stromal	Markers
MyoFBs 1	C1QTNF1	Stromal	Markers
MyoFBs 1	CSRP1	Stromal	Markers
MyoFBs 1	MT1A	Stromal	Markers
MyoFBs 1	TNS1	Stromal	Markers
MyoFBs 1	PPP1R14A	Stromal	Markers
MyoFBs 1	PPP1R12A	Stromal	Markers
MyoFBs 1	SPARCL1	Stromal	Markers
MyoFBs 1	ITGA8	Stromal	Markers
MyoFBs 1	MTHFD2	Stromal	Markers
MyoFBs 1	NDUFA4	Stromal	Markers
MyoFBs 1	ECRG4	Stromal	Markers
MyoFBs 1	PDK4	Stromal	Markers
MyoFBs 1	CNN1	Stromal	Markers
MyoFBs 1	ADAMTS1	Stromal	Markers
MyoFBs 1	CDKN1A	Stromal	Markers
MyoFBs 1	MFGE8	Stromal	Markers
MyoFBs 1	ITGA7	Stromal	Markers
MyoFBs 1	SERPINI1	Stromal	Markers
MyoFBs 1	CKB	Stromal	Markers
MyoFBs 1	MAP3K7CL	Stromal	Markers
MyoFBs 1	EFHD1	Stromal	Markers
MyoFBs 1	NEXN	Stromal	Markers
MyoFBs 1	SYNM	Stromal	Markers
MyoFBs 1	CLMN	Stromal	Markers
MyoFBs 1	SELENOM	Stromal	Markers
MyoFBs 1	PTP4A3	Stromal	Markers
MyoFBs 1	RHOB	Stromal	Markers
MyoFBs 1	CRIM1	Stromal	Markers
MyoFBs 1	NRGN	Stromal	Markers
MyoFBs 1	SORT1	Stromal	Markers
MyoFBs 1	WTIP	Stromal	Markers
MyoFBs 1	TOB1	Stromal	Markers
MyoFBs 1	ZFP36	Stromal	Markers
MyoFBs 1	ATP1A2	Stromal	Markers
MyoFBs 1	SUSD5	Stromal	Markers
MyoFBs 1	FOS	Stromal	Markers
MyoFBs 1	UBA2	Stromal	Markers
MyoFBs 1	FRZB	Stromal	Markers
MyoFBs 1	LDB3	Stromal	Markers
MyoFBs 1	HSPB6	Stromal	Markers
MyoFBs 1	ROCK1	Stromal	Markers
MyoFBs 1	KCNAB1	Stromal	Markers
MyoFBs 1	CCDC3	Stromal	Markers
MyoFBs 1	MAPRE2	Stromal	Markers
MyoFBs 1	UTRN	Stromal	Markers
MyoFBs 1	SLC25A4	Stromal	Markers
MyoFBs 1	ANGPTL1	Stromal	Markers
MyoFBs 1	IGLC3	Stromal	Markers
MyoFBs 1	KLF2	Stromal	Markers
MyoFBs 1	AOC3	Stromal	Markers
MyoFBs 1	NR4A3	Stromal	Markers
MyoFBs 1	NUDT4	Stromal	Markers
MyoFBs 1	CAV2	Stromal	Markers
MyoFBs 1	SYNE2	Stromal	Markers
MyoFBs 1	CASQ2	Stromal	Markers
MyoFBs 1	MAP1B	Stromal	Markers
MyoFBs 1	CAVIN3	Stromal	Markers
MyoFBs 1	ACTG2	Stromal	Markers
MyoFBs 1	ADAMTS4	Stromal	Markers
MyoFBs 1	SH3BGRL	Stromal	Markers
MyoFBs 1	PNRC1	Stromal	Markers
MyoFBs 1	TMEM38B	Stromal	Markers
MyoFBs 1	LTBP1	Stromal	Markers
MyoFBs 1	KANK2	Stromal	Markers
MyoFBs 1	ACTB	Stromal	Markers
MyoFBs 1	RBPMS2	Stromal	Markers
MyoFBs 1	S100A4	Stromal	Markers
MyoFBs 1	ZBTB16	Stromal	Markers
MyoFBs 1	PALLD	Stromal	Markers
MyoFBs 1	SORBS1	Stromal	Markers
MyoFBs 1	NRIP2	Stromal	Markers
MyoFBs 1	ZNF331	Stromal	Markers
MyoFBs 1	NTRK3	Stromal	Markers
MyoFBs 1	PDE3A	Stromal	Markers
MyoFBs 1	FHL5	Stromal	Markers
MyoFBs 1	FOSB	Stromal	Markers
MyoFBs 1	MYOCD	Stromal	Markers
MyoFBs 1	PDGFA	Stromal	Markers
MyoFBs 1	USP2	Stromal	Markers
MyoFBs 1	PLCE1	Stromal	Markers
MyoFBs 1	EBF1	Stromal	Markers
MyoFBs 1	NR4A2	Stromal	Markers
MyoFBs 1	JUN	Stromal	Markers
MyoFBs 1	CSPG4	Stromal	Markers
MyoFBs 1	ID4	Stromal	Markers
MyoFBs 1	MGST3	Stromal	Markers
MyoFBs 1	MEF2C	Stromal	Markers
MyoFBs 1	IER2	Stromal	Markers
MyoFBs 1	NFASC	Stromal	Markers
MyoFBs 1	HSPB1	Stromal	Markers
MyoFBs 1	TIPARP	Stromal	Markers
MyoFBs 1	KCNA5	Stromal	Markers
MyoFBs 1	CPE	Stromal	Markers
MyoFBs 1	FXYD1	Stromal	Markers
MyoFBs 1	SERTAD1	Stromal	Markers
MyoFBs 1	ZFAND5	Stromal	Markers
MyoFBs 1	SBSPON	Stromal	Markers
MyoFBs 1	FRY	Stromal	Markers
MyoFBs 1	FILIP1	Stromal	Markers
MyoFBs 1	MYOM1	Stromal	Markers
MyoFBs 1	MAP7D3	Stromal	Markers
MyoFBs 1	GJA4	Stromal	Markers
MyoFBs 1	CARMN	Stromal	Markers
MyoFBs 1	CAV1	Stromal	Markers
MyoFBs 1	COX4I2	Stromal	Markers
MyoFBs 1	TLN1	Stromal	Markers
MyoFBs 1	MAT2A	Stromal	Markers
MyoFBs 1	PTMA	Stromal	Markers
MyoFBs 1	YBX3	Stromal	Markers
MyoFBs 1	ZNF703	Stromal	Markers
MyoFBs 1	EDNRA	Stromal	Markers
MyoFBs 1	AMIGO2	Stromal	Markers
MyoFBs 1	NPY1R	Stromal	Markers
MyoFBs 1	ANGPT1	Stromal	Markers
MyoFBs 1	HCFC1R1	Stromal	Markers
MyoFBs 1	ENAH	Stromal	Markers
MyoFBs 1	NFKBIZ	Stromal	Markers
MyoFBs 1	PTK2	Stromal	Markers
MyoFBs 1	PPDPF	Stromal	Markers
MyoFBs 1	TTLL7	Stromal	Markers
MyoFBs 1	PHLDB2	Stromal	Markers
MyoFBs 1	KCNMB1	Stromal	Markers
MyoFBs 1	NR2F2	Stromal	Markers
MyoFBs 1	RBPMS	Stromal	Markers
MyoFBs 1	SLC38A1	Stromal	Markers
MyoFBs 1	RNF152	Stromal	Markers
MyoFBs 1	CRIP2	Stromal	Markers
MyoFBs 1	ISYNA1	Stromal	Markers
MyoFBs 1	GPRIN3	Stromal	Markers
MyoFBs 1	ATP2B4	Stromal	Markers
MyoFBs 1	CDH6	Stromal	Markers
MyoFBs 1	EPS8	Stromal	Markers
MyoFBs 1	ADAMTS8	Stromal	Markers
MyoFBs 1	LRRC10B	Stromal	Markers
MyoFBs 1	ABHD2	Stromal	Markers
MyoFBs 1	JADE1	Stromal	Markers
MyoFBs 1	SYNE1	Stromal	Markers
MyoFBs 1	CBX6	Stromal	Markers
MyoFBs 1	SCN3A	Stromal	Markers
MyoFBs 1	HSPB7	Stromal	Markers
MyoFBs 1	SMTN	Stromal	Markers
MyoFBs 1	INPP4B	Stromal	Markers
MyoFBs 1	FOXC1	Stromal	Markers
MyoFBs 1	FAM241A	Stromal	Markers
MyoFBs 1	GPR20	Stromal	Markers
MyoFBs 1	PLS3	Stromal	Markers
MyoFBs 1	THBS1	Stromal	Markers
MyoFBs 1	ITIH3	Stromal	Markers
MyoFBs 1	NDUFA4L2	Stromal	Markers
MyoFBs 1	PDLIM3	Stromal	Markers
MyoFBs 1	DES	Stromal	Markers
MyoFBs 1	RRAS	Stromal	Markers
MyoFBs 1	FBXO32	Stromal	Markers
MyoFBs 1	PLAC9	Stromal	Markers
MyoFBs 1	ADCY5	Stromal	Markers
MyoFBs 1	RASL11A	Stromal	Markers
MyoFBs 1	GADD45G	Stromal	Markers
MyoFBs 1	EGR3	Stromal	Markers
MyoFBs 1	GLDN	Stromal	Markers
MyoFBs 2	DES	Stromal	Markers
MyoFBs 2	ACTG2	Stromal	Markers
MyoFBs 2	TAGLN	Stromal	Markers
MyoFBs 2	IGKC	Stromal	Markers
MyoFBs 2	FBXO32	Stromal	Markers
MyoFBs 2	CSRP1	Stromal	Markers
MyoFBs 2	MYLK	Stromal	Markers
MyoFBs 2	MYH11	Stromal	Markers
MyoFBs 2	SOD3	Stromal	Markers
MyoFBs 2	RAMP1	Stromal	Markers
MyoFBs 2	IGHA1	Stromal	Markers
MyoFBs 2	MYL9	Stromal	Markers
MyoFBs 2	CNN1	Stromal	Markers
MyoFBs 2	ACTA2	Stromal	Markers
MyoFBs 2	JCHAIN	Stromal	Markers
MyoFBs 2	TPM2	Stromal	Markers
MyoFBs 2	CHRDL2	Stromal	Markers
MyoFBs 2	ACTN1	Stromal	Markers
MyoFBs 2	SELENOM	Stromal	Markers
MyoFBs 2	ACTB	Stromal	Markers
MyoFBs 2	KCNMB1	Stromal	Markers
MyoFBs 2	HSPA1B	Stromal	Markers
MyoFBs 2	PDLIM3	Stromal	Markers
MyoFBs 2	LMOD1	Stromal	Markers
MyoFBs 2	LPP	Stromal	Markers
MyoFBs 2	PDLIM4	Stromal	Markers
MyoFBs 2	DSTN	Stromal	Markers
MyoFBs 2	HAND1	Stromal	Markers
MyoFBs 2	CRYAB	Stromal	Markers
MyoFBs 2	GBP2	Stromal	Markers
MyoFBs 2	FTH1	Stromal	Markers
MyoFBs 2	TNC	Stromal	Markers
MyoFBs 2	PPP1R12B	Stromal	Markers
MyoFBs 2	SVIL	Stromal	Markers
MyoFBs 2	SORBS1	Stromal	Markers
MyoFBs 2	PHLDA3	Stromal	Markers
MyoFBs 2	MAB21L2	Stromal	Markers
MyoFBs 2	FLNA	Stromal	Markers
MyoFBs 2	PDLIM7	Stromal	Markers
MyoFBs 2	GAS1	Stromal	Markers
MyoFBs 2	TPM1	Stromal	Markers
MyoFBs 2	HSPB1	Stromal	Markers
MyoFBs 2	HSPA1A	Stromal	Markers
MyoFBs 2	ID3	Stromal	Markers
MyoFBs 2	PRUNE2	Stromal	Markers
MyoFBs 2	ID2	Stromal	Markers
MyoFBs 2	SMTN	Stromal	Markers
MyoFBs 2	GREM1	Stromal	Markers
MyoFBs 2	SYNM	Stromal	Markers
MyoFBs 2	TGFB1I1	Stromal	Markers
MyoFBs 2	FHL2	Stromal	Markers
MyoFBs 2	TXNIP	Stromal	Markers
MyoFBs 2	LTBP1	Stromal	Markers
MyoFBs 2	LRIG1	Stromal	Markers
MyoFBs 2	PERP	Stromal	Markers
MyoFBs 2	CARMN	Stromal	Markers
MyoFBs 2	RGS2	Stromal	Markers
MyoFBs 2	SOX4	Stromal	Markers
MyoFBs 2	RPS25	Stromal	Markers
MyoFBs 2	TSPAN2	Stromal	Markers
MyoFBs 2	SPOCK1	Stromal	Markers
MyoFBs 2	PFN1	Stromal	Markers
MyoFBs 2	SLC25A4	Stromal	Markers
MyoFBs 2	PLEKHO1	Stromal	Markers
MyoFBs 2	FAM83D	Stromal	Markers
MyoFBs 2	LEFTY2	Stromal	Markers
MyoFBs 2	WFDC2	Stromal	Markers
MyoFBs 2	CKB	Stromal	Markers
MyoFBs 2	GLUL	Stromal	Markers
MyoFBs 2	RPL39	Stromal	Markers
MyoFBs 2	KCNMA1	Stromal	Markers
MyoFBs 2	PGM5	Stromal	Markers
MyoFBs 2	ITGA5	Stromal	Markers
MyoFBs 2	ATP1B1	Stromal	Markers
MyoFBs 2	HSPB7	Stromal	Markers
MyoFBs 2	PALLD	Stromal	Markers
MyoFBs 2	SQSTM1	Stromal	Markers
MyoFBs 2	PLN	Stromal	Markers
MyoFBs 2	RSPO3	Stromal	Markers
MyoFBs 2	TNS1	Stromal	Markers
MyoFBs 2	ALDH1B1	Stromal	Markers
MyoFBs 2	PLAAT4	Stromal	Markers
MyoFBs 2	HSD17B6	Stromal	Markers
MyoFBs 2	KANK2	Stromal	Markers
MyoFBs 2	RPL5	Stromal	Markers
MyoFBs 2	NEXN	Stromal	Markers
MyoFBs 2	PCP4	Stromal	Markers
MyoFBs 2	RBM38	Stromal	Markers
MyoFBs 2	CFL2	Stromal	Markers
MyoFBs 2	TCEAL2	Stromal	Markers
MyoFBs 2	LBR	Stromal	Markers
MyoFBs 2	GEM	Stromal	Markers
MyoFBs 2	PSD	Stromal	Markers
MyoFBs 2	TPM4	Stromal	Markers
MyoFBs 2	VCL	Stromal	Markers
MyoFBs 2	CITED4	Stromal	Markers
MyoFBs 2	NUPR1	Stromal	Markers
MyoFBs 2	SYNPO2	Stromal	Markers
MyoFBs 2	IFITM3	Stromal	Markers
MyoFBs 2	HOPX	Stromal	Markers
MyoFBs 2	MRPS6	Stromal	Markers
MyoFBs 2	ACTG1	Stromal	Markers
MyoFBs 2	FGF7	Stromal	Markers
MyoFBs 2	BAG2	Stromal	Markers
MyoFBs 2	CDC42EP3	Stromal	Markers
MyoFBs 2	FNBP1	Stromal	Markers
MyoFBs 2	YBX3	Stromal	Markers
MyoFBs 2	RTN4	Stromal	Markers
MyoFBs 2	RPL37	Stromal	Markers
MyoFBs 2	TSC22D1	Stromal	Markers
MyoFBs 2	RBPMS2	Stromal	Markers
MyoFBs 2	SMAD9	Stromal	Markers
MyoFBs 2	SERTAD4-AS1	Stromal	Markers
MyoFBs 2	PRELP	Stromal	Markers
MyoFBs 2	LAYN	Stromal	Markers
MyoFBs 2	SDC4	Stromal	Markers
MyoFBs 2	RPL14	Stromal	Markers
MyoFBs 2	REXO2	Stromal	Markers
MyoFBs 2	GREM2	Stromal	Markers
MyoFBs 2	ID4	Stromal	Markers
MyoFBs 2	CCDC71L	Stromal	Markers
MyoFBs 2	CHRDL1	Stromal	Markers
MyoFBs 2	HSPA6	Stromal	Markers
MyoFBs 2	NFIC	Stromal	Markers
MyoFBs 2	NAV2	Stromal	Markers
MyoFBs 2	ENO1	Stromal	Markers
MyoFBs 2	RPL22	Stromal	Markers
MyoFBs 2	FST	Stromal	Markers
MyoFBs 2	SEC11C	Stromal	Markers
MyoFBs 2	YPEL3	Stromal	Markers
MyoFBs 2	RBPMS	Stromal	Markers
MyoFBs 2	GPM6A	Stromal	Markers
MyoFBs 2	HSPA2	Stromal	Markers
MyoFBs 2	AHNAK2	Stromal	Markers
MyoFBs 2	RGMA	Stromal	Markers
MyoFBs 2	BOC	Stromal	Markers
MyoFBs 2	CDKN1C	Stromal	Markers
MyoFBs 2	RPS16	Stromal	Markers
MyoFBs 2	RPL3	Stromal	Markers
MyoFBs 2	PCDH7	Stromal	Markers
MyoFBs 2	RPL19	Stromal	Markers
MyoFBs 2	ASB2	Stromal	Markers
MyoFBs 2	FERMT2	Stromal	Markers
MyoFBs 2	CCN1	Stromal	Markers
MyoFBs 2	MID1IP1	Stromal	Markers
MyoFBs 2	MXRA8	Stromal	Markers
MyoFBs 2	SH3BGRL	Stromal	Markers
MyoFBs 2	TCEAL4	Stromal	Markers
MyoFBs 2	PLP2	Stromal	Markers
MyoFBs 2	CBX6	Stromal	Markers
MyoFBs 2	CALD1	Stromal	Markers
MyoFBs 2	THBS1	Stromal	Markers
MyoFBs 2	C1S	Stromal	Markers
MyoFBs 2	RAB34	Stromal	Markers
MyoFBs 2	PLAAT3	Stromal	Markers
MyoFBs 2	SLC25A5	Stromal	Markers
MyoFBs 2	IRS2	Stromal	Markers
MyoFBs 2	HMGA1	Stromal	Markers
MyoFBs 2	RPS23	Stromal	Markers
MyoFBs 2	BSG	Stromal	Markers
MyoFBs 2	DDR2	Stromal	Markers
MyoFBs 2	MITF	Stromal	Markers
MyoFBs 2	GADD45B	Stromal	Markers
MyoFBs 2	PPP1R18	Stromal	Markers
MyoFBs 2	NRXN3	Stromal	Markers
MyoFBs 2	MAOB	Stromal	Markers
Glia	CRYAB	Stromal	Markers
Glia	NRXN1	Stromal	Markers
Glia	S100B	Stromal	Markers
Glia	CLU	Stromal	Markers
Glia	PLP1	Stromal	Markers
Glia	SCN7A	Stromal	Markers
Glia	CDH19	Stromal	Markers
Glia	ALDH1A1	Stromal	Markers
Glia	CD9	Stromal	Markers
Glia	PMEPA1	Stromal	Markers
Glia	GPR155	Stromal	Markers
Glia	FXYD1	Stromal	Markers
Glia	PRNP	Stromal	Markers
Glia	ANK3	Stromal	Markers
Glia	TSPAN11	Stromal	Markers
Glia	MPZ	Stromal	Markers
Glia	SEMA3B	Stromal	Markers
Glia	GAS7	Stromal	Markers
Glia	AP1S2	Stromal	Markers
Glia	HLA-DRA	Stromal	Markers
Glia	KCNMB4	Stromal	Markers
Glia	MARCKS	Stromal	Markers
Glia	L1CAM	Stromal	Markers
Glia	COL28A1	Stromal	Markers
Glia	S100A10	Stromal	Markers
Glia	ITGB8	Stromal	Markers
Glia	MYOT	Stromal	Markers
Glia	SEMA3C	Stromal	Markers
Glia	GPM6B	Stromal	Markers
Glia	MATN2	Stromal	Markers
Glia	GFRA3	Stromal	Markers
Glia	S100A1	Stromal	Markers
Glia	CD74	Stromal	Markers
Glia	SAMHD1	Stromal	Markers
Glia	FSTL3	Stromal	Markers
Glia	PEBP1	Stromal	Markers
Glia	IQGAP2	Stromal	Markers
Glia	ANXA2	Stromal	Markers
Glia	DST	Stromal	Markers
Glia	TMOD2	Stromal	Markers
Glia	PAPPA	Stromal	Markers
Glia	COL9A3	Stromal	Markers
Glia	XKR4	Stromal	Markers
Glia	SOX2	Stromal	Markers
Glia	NGFR	Stromal	Markers
Glia	NCAM1	Stromal	Markers
Glia	HLA-DRB5	Stromal	Markers
Glia	LGI4	Stromal	Markers
Glia	FGL2	Stromal	Markers
Glia	ARHGAP15	Stromal	Markers
Glia	PDGFA	Stromal	Markers
Glia	TIMP4	Stromal	Markers
Glia	RALGPS2	Stromal	Markers
Glia	DKK3	Stromal	Markers
Glia	TUBB2B	Stromal	Markers
Glia	NRXN3	Stromal	Markers
Glia	NTM	Stromal	Markers
Glia	MAP1B	Stromal	Markers
Glia	MT1E	Stromal	Markers
Glia	TMEM176A	Stromal	Markers
Glia	OLFML2A	Stromal	Markers
Glia	FXYD3	Stromal	Markers
Glia	C2orf88	Stromal	Markers
Glia	PCSK2	Stromal	Markers
Glia	S100A4	Stromal	Markers
Glia	SEMA6D	Stromal	Markers
Glia	VMP1	Stromal	Markers
Glia	PIK3R1	Stromal	Markers
Glia	TUBA1A	Stromal	Markers
Glia	PCDH9	Stromal	Markers
Glia	IRS2	Stromal	Markers
Glia	HLA-DRB1	Stromal	Markers
Glia	PTPRZ1	Stromal	Markers
Glia	SCN9A	Stromal	Markers
Glia	TMEM176B	Stromal	Markers
Glia	NRN1	Stromal	Markers
Glia	SMIM5	Stromal	Markers
Glia	CDH2	Stromal	Markers
Glia	SIPA1L2	Stromal	Markers
Glia	ASPA	Stromal	Markers
Glia	ANXA1	Stromal	Markers
Glia	ATP1B1	Stromal	Markers
Glia	FOXD3	Stromal	Markers
Glia	CTNNAL1	Stromal	Markers
Glia	SORCS1	Stromal	Markers
Glia	CADM2	Stromal	Markers
Glia	IFIT3	Stromal	Markers
Glia	SLITRK6	Stromal	Markers
Glia	ATP1A2	Stromal	Markers
Glia	EPB41L2	Stromal	Markers
Glia	CNN3	Stromal	Markers
Glia	SLC22A17	Stromal	Markers
Glia	HLA-DPA1	Stromal	Markers
Glia	CADM1	Stromal	Markers
Glia	MAPRE2	Stromal	Markers
Glia	KCTD12	Stromal	Markers
Glia	PPDPF	Stromal	Markers
Glia	PDLIM4	Stromal	Markers
Glia	RETREG1	Stromal	Markers
Glia	SFRP1	Stromal	Markers
Glia	PRIMA1	Stromal	Markers
Glia	GAP43	Stromal	Markers
Glia	PCDH10	Stromal	Markers
Glia	CCN5	Stromal	Markers
Glia	PHLDA3	Stromal	Markers
Glia	CTNNA1	Stromal	Markers
Glia	ADD3	Stromal	Markers
Glia	PLEKHB1	Stromal	Markers
Glia	HSPA2	Stromal	Markers
Glia	SORBS1	Stromal	Markers
Glia	GATM	Stromal	Markers
Glia	FAM210B	Stromal	Markers
Glia	SHC4	Stromal	Markers
Glia	RHOB	Stromal	Markers
Glia	SOX4	Stromal	Markers
Glia	PDGFB	Stromal	Markers
Glia	HLA-DPB1	Stromal	Markers
Glia	HMCN1	Stromal	Markers
Glia	MT2A	Stromal	Markers
Glia	EZR	Stromal	Markers
Glia	MT1M	Stromal	Markers
Glia	LPAR1	Stromal	Markers
Glia	SLC15A3	Stromal	Markers
Glia	RDX	Stromal	Markers
Glia	PLAAT3	Stromal	Markers
Glia	GPC1	Stromal	Markers
Glia	FST	Stromal	Markers
Glia	MIA	Stromal	Markers
Glia	ITM2C	Stromal	Markers
Glia	ALCAM	Stromal	Markers
Glia	SORBS2	Stromal	Markers
Glia	TCIM	Stromal	Markers
Glia	CADM3	Stromal	Markers
Glia	FGFBP2	Stromal	Markers
Glia	MEGF9	Stromal	Markers
Glia	FCGR2B	Stromal	Markers
Glia	RHOC	Stromal	Markers
Glia	S100A6	Stromal	Markers
Glia	HES6	Stromal	Markers
Glia	CXXC5	Stromal	Markers
Glia	ZBTB20	Stromal	Markers
Glia	CD44	Stromal	Markers
Glia	IFIT2	Stromal	Markers
Glia	SDC3	Stromal	Markers
Glia	BCL2	Stromal	Markers
Glia	TBX3	Stromal	Markers
Glia	PIGR	Stromal	Markers
Glia	FAM107B	Stromal	Markers
Glia	VWA1	Stromal	Markers
Glia	NDRG1	Stromal	Markers
Glia	PRKCA	Stromal	Markers
Glia	RCAN1	Stromal	Markers
Glia	NES	Stromal	Markers
Glia	WIPF1	Stromal	Markers
Glia	ZFAND5	Stromal	Markers
Glia	MGAT4C	Stromal	Markers
Glia	CELF2	Stromal	Markers
Glia	COL8A1	Stromal	Markers
Glia	QKI	Stromal	Markers
Glia	SHISA9	Stromal	Markers
Glia	SYT11	Stromal	Markers
Glia	NPTX2	Stromal	Markers
Glia	OGFRL1	Stromal	Markers
Glia	COL21A1	Stromal	Markers
Glia	CDC42EP5	Stromal	Markers
Glia	ISG15	Stromal	Markers
Glia	SOX8	Stromal	Markers
Glia	ABI3BP	Stromal	Markers
Glia	TNS3	Stromal	Markers
Glia	ID2	Stromal	Markers
Glia	INSC	Stromal	Markers
Glia	PCSK1N	Stromal	Markers
Glia	MDK	Stromal	Markers
Glia	USP53	Stromal	Markers
Glia	IFI27	Stromal	Markers
Glia	MXI1	Stromal	Markers
Glia	IL11RA	Stromal	Markers
Glia	HEXIM1	Stromal	Markers
Glia	HLA-DQA2	Stromal	Markers
Glia	POU3F1	Stromal	Markers
Glia	SNCA	Stromal	Markers
Glia	SESN3	Stromal	Markers
Endothelial	VWF	Stromal	Markers
Endothelial	PECAM1	Stromal	Markers
Endothelial	CLDN5	Stromal	Markers
Endothelial	ACKR1	Stromal	Markers
Endothelial	AQP1	Stromal	Markers
Endothelial	CD93	Stromal	Markers
Endothelial	EGFL7	Stromal	Markers
Endothelial	RAMP2	Stromal	Markers
Endothelial	HSPG2	Stromal	Markers
Endothelial	TM4SF1	Stromal	Markers
Endothelial	RNASE1	Stromal	Markers
Endothelial	ENG	Stromal	Markers
Endothelial	PODXL	Stromal	Markers
Endothelial	CLEC14A	Stromal	Markers
Endothelial	CALCRL	Stromal	Markers
Endothelial	ITGA6	Stromal	Markers
Endothelial	CD320	Stromal	Markers
Endothelial	CDH5	Stromal	Markers
Endothelial	SOX18	Stromal	Markers
Endothelial	CD74	Stromal	Markers
Endothelial	CAVIN2	Stromal	Markers
Endothelial	HYAL2	Stromal	Markers
Endothelial	INSR	Stromal	Markers
Endothelial	IFI27	Stromal	Markers
Endothelial	PLVAP	Stromal	Markers
Endothelial	PCDH17	Stromal	Markers
Endothelial	GNG11	Stromal	Markers
Endothelial	FLT1	Stromal	Markers
Endothelial	PTPRB	Stromal	Markers
Endothelial	ENPP2	Stromal	Markers
Endothelial	VWA1	Stromal	Markers
Endothelial	SRGN	Stromal	Markers
Endothelial	GIMAP7	Stromal	Markers
Endothelial	SLCO2A1	Stromal	Markers
Endothelial	EMCN	Stromal	Markers
Endothelial	IGFBP3	Stromal	Markers
Endothelial	HLA-E	Stromal	Markers
Endothelial	TGFBR2	Stromal	Markers
Endothelial	RGCC	Stromal	Markers
Endothelial	MMRN2	Stromal	Markers
Endothelial	KDR	Stromal	Markers
Endothelial	S1PR1	Stromal	Markers
Endothelial	COL15A1	Stromal	Markers
Endothelial	EDN1	Stromal	Markers
Endothelial	GIMAP4	Stromal	Markers
Endothelial	STC1	Stromal	Markers
Endothelial	SLC9A3R2	Stromal	Markers
Endothelial	ICAM2	Stromal	Markers
Endothelial	ADGRF5	Stromal	Markers
Endothelial	EPAS1	Stromal	Markers
Endothelial	PALMD	Stromal	Markers
Endothelial	HEG1	Stromal	Markers
Endothelial	CYYR1	Stromal	Markers
Endothelial	ADAM15	Stromal	Markers
Endothelial	LMO2	Stromal	Markers
Endothelial	EHD4	Stromal	Markers
Endothelial	TM4SF18	Stromal	Markers
Endothelial	CAV1	Stromal	Markers
Endothelial	ID1	Stromal	Markers
Endothelial	SERPINE1	Stromal	Markers
Endothelial	CRIP2	Stromal	Markers
Endothelial	COL4A1	Stromal	Markers
Endothelial	JAM2	Stromal	Markers
Endothelial	SELE	Stromal	Markers
Endothelial	FAM167B	Stromal	Markers
Endothelial	GNAI2	Stromal	Markers
Endothelial	SPARCL1	Stromal	Markers
Endothelial	CCDC85B	Stromal	Markers
Endothelial	MPZL2	Stromal	Markers
Endothelial	MMRN1	Stromal	Markers
Endothelial	EFNB2	Stromal	Markers
Endothelial	THSD7A	Stromal	Markers
Endothelial	ELK3	Stromal	Markers
Endothelial	PRCP	Stromal	Markers
Endothelial	ROBO4	Stromal	Markers
Endothelial	FABP4	Stromal	Markers
Endothelial	RBP7	Stromal	Markers
Endothelial	SPRY1	Stromal	Markers
Endothelial	DOCK9	Stromal	Markers
Endothelial	MTUS1	Stromal	Markers
Endothelial	NFIB	Stromal	Markers
Endothelial	DUSP6	Stromal	Markers
Endothelial	IL3RA	Stromal	Markers
Endothelial	ARHGAP29	Stromal	Markers
Endothelial	TSPAN7	Stromal	Markers
Endothelial	MSN	Stromal	Markers
Endothelial	NUAK1	Stromal	Markers
Endothelial	TIE1	Stromal	Markers
Endothelial	THBD	Stromal	Markers
Endothelial	APLNR	Stromal	Markers
Endothelial	MGST2	Stromal	Markers
Endothelial	STOM	Stromal	Markers
Endothelial	HLA-DRA	Stromal	Markers
Endothelial	NEDD9	Stromal	Markers
Endothelial	PCAT19	Stromal	Markers
Endothelial	BMPR2	Stromal	Markers
Endothelial	SPTBN1	Stromal	Markers
Endothelial	LIFR	Stromal	Markers
Endothelial	LDB2	Stromal	Markers
Endothelial	WWTR1	Stromal	Markers
Endothelial	TPM3	Stromal	Markers
Endothelial	KLF2	Stromal	Markers
Endothelial	CD36	Stromal	Markers
Endothelial	MCF2L	Stromal	Markers
Endothelial	CXCL12	Stromal	Markers
Endothelial	NRP1	Stromal	Markers
Endothelial	F2RL3	Stromal	Markers
Endothelial	RAPGEF5	Stromal	Markers
Endothelial	ETS1	Stromal	Markers
Endothelial	ARL4A	Stromal	Markers
Endothelial	HLA-DPA1	Stromal	Markers
Endothelial	EMP1	Stromal	Markers
Endothelial	ECE1	Stromal	Markers
Endothelial	PRXL2A	Stromal	Markers
Endothelial	CDC42EP3	Stromal	Markers
Endothelial	RASIP1	Stromal	Markers
Endothelial	INHBB	Stromal	Markers
Endothelial	SWAP70	Stromal	Markers
Endothelial	PREX2	Stromal	Markers
Endothelial	HLA-DRB1	Stromal	Markers
Endothelial	TEK	Stromal	Markers
Endothelial	ICAM1	Stromal	Markers
Endothelial	CRIM1	Stromal	Markers
Endothelial	ETS2	Stromal	Markers
Endothelial	HLA-DRB5	Stromal	Markers
Endothelial	SEC14L1	Stromal	Markers
Endothelial	NCOA7	Stromal	Markers
Endothelial	ERG	Stromal	Markers
Endothelial	MARCKSL1	Stromal	Markers
Endothelial	TMEM88	Stromal	Markers
Endothelial	SHANK3	Stromal	Markers
Endothelial	KANK3	Stromal	Markers
Endothelial	PKP4	Stromal	Markers
Endothelial	EFNA1	Stromal	Markers
Endothelial	SGK1	Stromal	Markers
Endothelial	PIM3	Stromal	Markers
Endothelial	TSPAN14	Stromal	Markers
Endothelial	ADGRL4	Stromal	Markers
Endothelial	KCTD12	Stromal	Markers
Endothelial	SH3BP5	Stromal	Markers
Endothelial	CD34	Stromal	Markers
Endothelial	PDCD4	Stromal	Markers
Endothelial	PDGFB	Stromal	Markers
Endothelial	PTPRM	Stromal	Markers
Endothelial	FZD4	Stromal	Markers
Endothelial	PLXND1	Stromal	Markers
Endothelial	SYNE2	Stromal	Markers
Endothelial	PDLIM1	Stromal	Markers
Endothelial	COL4A2	Stromal	Markers
Endothelial	MECOM	Stromal	Markers
Endothelial	SYNPO	Stromal	Markers
Endothelial	DIPK2B	Stromal	Markers
Endothelial	TMSB10	Stromal	Markers
Endothelial	CEMIP2	Stromal	Markers
Endothelial	ITGA5	Stromal	Markers
Endothelial	GIMAP6	Stromal	Markers
Endothelial	RAI14	Stromal	Markers
Endothelial	SEMA3F	Stromal	Markers
Endothelial	MRTFB	Stromal	Markers
Endothelial	ATP1B3	Stromal	Markers
Endothelial	VAMP5	Stromal	Markers
Endothelial	JAG2	Stromal	Markers
Endothelial	ADAMTS9	Stromal	Markers
Endothelial	ZNF385D	Stromal	Markers
Endothelial	PIK3R3	Stromal	Markers
Endothelial	TAMALIN	Stromal	Markers
Endothelial	TNFSF10	Stromal	Markers
Endothelial	ITM2A	Stromal	Markers
Endothelial	C2CD4B	Stromal	Markers
Endothelial	CNKSR3	Stromal	Markers
Endothelial	NOSTRIN	Stromal	Markers
Endothelial	STAB1	Stromal	Markers
Endothelial	TGM2	Stromal	Markers
Endothelial	SOX17	Stromal	Markers
Endothelial	IL33	Stromal	Markers
Endothelial	FLNB	Stromal	Markers
Endothelial	UPP1	Stromal	Markers
Endothelial	HLA-A	Stromal	Markers
Endothelial	C1orf54	Stromal	Markers
Endothelial	NRN1	Stromal	Markers
Endothelial	ADGRG1	Stromal	Markers
Endothelial	IVNS1ABP	Stromal	Markers
Endothelial	ABLIM1	Stromal	Markers
Endothelial	HHEX	Stromal	Markers
Endothelial	FXYD5	Stromal	Markers
Endothelial	ITM2B	Stromal	Markers
Endothelial	APP	Stromal	Markers
Endothelial	CAVIN1	Stromal	Markers
Endothelial	SASH1	Stromal	Markers
Endothelial	FSCN1	Stromal	Markers
Endothelial	TSPAN13	Stromal	Markers
Endothelial	AFAP1L1	Stromal	Markers
Endothelial	ARHGDIB	Stromal	Markers
Endothelial	FAM107A	Stromal	Markers
Endothelial	MYH9	Stromal	Markers
Endothelial	SCARF1	Stromal	Markers
Endothelial	CFLAR	Stromal	Markers
Endothelial	GASK1B	Stromal	Markers
Endothelial	HLA-DPB1	Stromal	Markers
Endothelial	MYL12A	Stromal	Markers
Endothelial	PLXNA2	Stromal	Markers
Endothelial	DOCK4	Stromal	Markers
Endothelial	ADCY4	Stromal	Markers
Endothelial	TMEM255B	Stromal	Markers
Endothelial	GJA1	Stromal	Markers
Endothelial	NDRG1	Stromal	Markers
Endothelial	ANGPT2	Stromal	Markers
Endothelial	NES	Stromal	Markers
Endothelial	SPNS2	Stromal	Markers
Endothelial	FLI1	Stromal	Markers
Endothelial	CSGALNACT1	Stromal	Markers
Endothelial	SLFN5	Stromal	Markers
Endothelial	TJP1	Stromal	Markers
Endothelial	MYCT1	Stromal	Markers
Endothelial	RALGAPA2	Stromal	Markers
Endothelial	MGLL	Stromal	Markers
Endothelial	SEMA6B	Stromal	Markers
Endothelial	GRB10	Stromal	Markers
Endothelial	MAST4	Stromal	Markers
Endothelial	LIMS2	Stromal	Markers
Endothelial	GIMAP8	Stromal	Markers
Endothelial	FAM110D	Stromal	Markers
Endothelial	EXOC3L2	Stromal	Markers
Endothelial	ADGRG6	Stromal	Markers
Endothelial	SOX7	Stromal	Markers
Endothelial	ARL15	Stromal	Markers
Endothelial	BACE2	Stromal	Markers
Endothelial	LMCD1	Stromal	Markers
Endothelial	VEGFC	Stromal	Markers
Endothelial	UTRN	Stromal	Markers
Endothelial	A2M	Stromal	Markers
Endothelial	TACC1	Stromal	Markers
Endothelial	PPM1F	Stromal	Markers
Endothelial	FILIP1	Stromal	Markers
Endothelial	PCDH12	Stromal	Markers
Endothelial	JCAD	Stromal	Markers
Endothelial	GALNT18	Stromal	Markers
Endothelial	HECW2	Stromal	Markers
Endothelial	LIMCH1	Stromal	Markers
Endothelial	RAPGEF3	Stromal	Markers
Endothelial	TNFRSF4	Stromal	Markers
Endothelial	GFOD1	Stromal	Markers
Endothelial	ACVRL1	Stromal	Markers
Endothelial	JUP	Stromal	Markers
Endothelial	TBCD	Stromal	Markers
Endothelial	RFLNB	Stromal	Markers
Endothelial	CTSH	Stromal	Markers
Endothelial	MGAT4A	Stromal	Markers
Endothelial	GBP4	Stromal	Markers
Endothelial	MACF1	Stromal	Markers
Endothelial	SEMA6A	Stromal	Markers
Endothelial	RDX	Stromal	Markers
Endothelial	PXDN	Stromal	Markers
Endothelial	DDIT4	Stromal	Markers
Endothelial	GMFG	Stromal	Markers
Endothelial	YES1	Stromal	Markers
Endothelial	DOC2B	Stromal	Markers
Endothelial	ARHGAP31	Stromal	Markers
Endothelial	MCTP1	Stromal	Markers
Endothelial	TMTC1	Stromal	Markers
Endothelial	S100A10	Stromal	Markers
Endothelial	RASGRP3	Stromal	Markers
Endothelial	TNFRSF1B	Stromal	Markers
Endothelial	CSF2RB	Stromal	Markers
Endothelial	NOTCH1	Stromal	Markers
Endothelial	CTNND1	Stromal	Markers
Endothelial	RPS6KA2	Stromal	Markers
Endothelial	PARVB	Stromal	Markers
Endothelial	PITPNC1	Stromal	Markers
Endothelial	LPCAT2	Stromal	Markers
Endothelial	SDCBP	Stromal	Markers
Endothelial	FAM43A	Stromal	Markers
Endothelial	RGS3	Stromal	Markers
Endothelial	CTNNAL1	Stromal	Markers
Endothelial	PLPP1	Stromal	Markers
Endothelial	TXNIP	Stromal	Markers
Endothelial	LAMA5	Stromal	Markers
Endothelial	SH3BGRL3	Stromal	Markers
Endothelial	PDE2A	Stromal	Markers
Endothelial	MYL12B	Stromal	Markers
Endothelial	CCDC69	Stromal	Markers
Endothelial	DLL4	Stromal	Markers
Endothelial	ARHGAP18	Stromal	Markers
Endothelial	SH2D3C	Stromal	Markers
Endothelial	TMEM204	Stromal	Markers
Endothelial	DYSF	Stromal	Markers
Endothelial	TMCC3	Stromal	Markers
Endothelial	TMSB4X	Stromal	Markers
Endothelial	XAF1	Stromal	Markers
Endothelial	TGFBR3	Stromal	Markers
Endothelial	FMNL3	Stromal	Markers
Endothelial	WNK1	Stromal	Markers
Endothelial	GPR146	Stromal	Markers
Endothelial	FRMD4B	Stromal	Markers
Endothelial	OCIAD2	Stromal	Markers
Endothelial	IFI16	Stromal	Markers
Endothelial	MYO10	Stromal	Markers
Endothelial	ARGLU1	Stromal	Markers
Endothelial	SPTLC2	Stromal	Markers
Endothelial	ARAP3	Stromal	Markers
Endothelial	KLF7	Stromal	Markers
Endothelial	CNOT6L	Stromal	Markers
Endothelial	FRYL	Stromal	Markers
Endothelial	GNAQ	Stromal	Markers
Endothelial	IGFBP4	Stromal	Markers
Endothelial	FAM241A	Stromal	Markers
Endothelial	EXOC6	Stromal	Markers
Endothelial	COTL1	Stromal	Markers
Endothelial	CLIC2	Stromal	Markers
Endothelial	CYTH1	Stromal	Markers
Endothelial	ASAP1	Stromal	Markers
Endothelial	ABI3	Stromal	Markers
Endothelial	NPR1	Stromal	Markers
Endothelial	PON2	Stromal	Markers
Endothelial	TCN2	Stromal	Markers
Endothelial	CD200	Stromal	Markers
Endothelial	ABL2	Stromal	Markers
Endothelial	LINC01235	Stromal	Markers
Endothelial	LYL1	Stromal	Markers
Endothelial	GATA2	Stromal	Markers
Endothelial	SEMA3G	Stromal	Markers
Endothelial	F8	Stromal	Markers
Endothelial	ELMO1	Stromal	Markers
Endothelial	ITPRID2	Stromal	Markers
Endothelial	RHOC	Stromal	Markers
Endothelial	RPS6KA3	Stromal	Markers
Endothelial	TNFAIP8L1	Stromal	Markers
Endothelial	STING1	Stromal	Markers
Endothelial	MCAM	Stromal	Markers
Endothelial	HIP1	Stromal	Markers
Endothelial	LHX6	Stromal	Markers
Endothelial	SHROOM4	Stromal	Markers
Endothelial	MEF2C	Stromal	Markers
Endothelial	CAV2	Stromal	Markers
Endothelial	EPHA4	Stromal	Markers
Endothelial	WARS1	Stromal	Markers
Endothelial	ABCG1	Stromal	Markers
Endothelial	CPE	Stromal	Markers
Endothelial	ORAI1	Stromal	Markers
Endothelial	SPTAN1	Stromal	Markers
Endothelial	PPA1	Stromal	Markers
Endothelial	HEY1	Stromal	Markers
Endothelial	BTNL9	Stromal	Markers
Endothelial	LYVE1	Stromal	Markers
Endothelial	CX3CL1	Stromal	Markers
Endothelial	SULF2	Stromal	Markers
Endothelial	PLCB1	Stromal	Markers
Endothelial	CDH13	Stromal	Markers
Endothelial	TLL1	Stromal	Markers
Endothelial	ARHGEF3	Stromal	Markers
Endothelial	PIK3C2B	Stromal	Markers
Endothelial	NDST1	Stromal	Markers
Endothelial	CTTNBP2NL	Stromal	Markers
Endothelial	LRRC8A	Stromal	Markers
Endothelial	TNFRSF10D	Stromal	Markers
Endothelial	ADAMTS6	Stromal	Markers
Endothelial	PEA15	Stromal	Markers
Endothelial	IGFBP2	Stromal	Markers
Endothelial	RASAL2	Stromal	Markers
Endothelial	MYO6	Stromal	Markers
Endothelial	IFI44L	Stromal	Markers
Endothelial	SIPA1L2	Stromal	Markers
Endothelial	ASRGL1	Stromal	Markers
Endothelial	CTNNA1	Stromal	Markers
Endothelial	SH2B3	Stromal	Markers
Endothelial	ATP8B1	Stromal	Markers
Endothelial	CCDC50	Stromal	Markers
Endothelial	PLCB4	Stromal	Markers
Endothelial	ITPRIP	Stromal	Markers
Endothelial	PTPN12	Stromal	Markers
Endothelial	PREX1	Stromal	Markers
Endothelial	HBEGF	Stromal	Markers
Endothelial	CDK17	Stromal	Markers
Endothelial	YWHAB	Stromal	Markers
Endothelial	LRATD2	Stromal	Markers
Endothelial	TMEM273	Stromal	Markers
Endothelial	SLC2A3	Stromal	Markers
Endothelial	FOXC1	Stromal	Markers
Endothelial	PLSCR1	Stromal	Markers
Endothelial	TINAGL1	Stromal	Markers
Endothelial	EFNB1	Stromal	Markers
Endothelial	MYO5C	Stromal	Markers
Endothelial	LTC4S	Stromal	Markers
Endothelial	DPYSL2	Stromal	Markers
Endothelial	PTPN14	Stromal	Markers
Endothelial	ARRDC3	Stromal	Markers
Endothelial	ADM5	Stromal	Markers
Endothelial	KIAA1671	Stromal	Markers
Endothelial	RAB13	Stromal	Markers
Endothelial	FDPS	Stromal	Markers
Endothelial	HIF1A	Stromal	Markers
Endothelial	MADCAM1	Stromal	Markers
Endothelial	DGKE	Stromal	Markers
Endothelial	HPCAL1	Stromal	Markers
Endothelial	ZEB1	Stromal	Markers
Endothelial	FOXP1	Stromal	Markers
Endothelial	SESN3	Stromal	Markers
Endothelial	SPCS3	Stromal	Markers
Endothelial	C1orf115	Stromal	Markers
Endothelial	VSIR	Stromal	Markers
Endothelial	FAM171A1	Stromal	Markers
Endothelial	CYSLTR1	Stromal	Markers
Endothelial	SELENOW	Stromal	Markers
Endothelial	ARHGAP23	Stromal	Markers
Endothelial	ICA1	Stromal	Markers
Endothelial	MIER2	Stromal	Markers
Endothelial	DDX21	Stromal	Markers
Endothelial	RNF125	Stromal	Markers
Endothelial	DENND11	Stromal	Markers
Endothelial	CFAP20	Stromal	Markers
Endothelial	PTMA	Stromal	Markers
Endothelial	MEOX1	Stromal	Markers
Endothelial	ACTG1	Stromal	Markers
Endothelial	MYO5A	Stromal	Markers
Endothelial	APBB2	Stromal	Markers
Endothelial	TPST2	Stromal	Markers
Endothelial	CLU	Stromal	Markers
Endothelial	CDA	Stromal	Markers
Endothelial	MYRIP	Stromal	Markers
Endothelial	JAK1	Stromal	Markers
Endothelial	APLP2	Stromal	Markers
Endothelial	RCAN1	Stromal	Markers
Endothelial	LAPTM4B	Stromal	Markers
Endothelial	ACTR2	Stromal	Markers
Endothelial	GJA5	Stromal	Markers
Endothelial	VASH1	Stromal	Markers
Endothelial	ST6GAL1	Stromal	Markers
Endothelial	HOXD8	Stromal	Markers
Endothelial	SLC6A6	Stromal	Markers
Endothelial	UACA	Stromal	Markers
Endothelial	SNCG	Stromal	Markers
Endothelial	LRRC32	Stromal	Markers
Endothelial	NEURL1B	Stromal	Markers
Endothelial	EPB41L3	Stromal	Markers
Endothelial	PARP14	Stromal	Markers
Endothelial	PGM2L1	Stromal	Markers
Endothelial	PTPRE	Stromal	Markers
Endothelial	FYN	Stromal	Markers
Endothelial	GRN	Stromal	Markers
Endothelial	MAP4K4	Stromal	Markers
Endothelial	ST8SIA4	Stromal	Markers
Endothelial	TFF3	Stromal	Markers
Endothelial	TNS2	Stromal	Markers
Endothelial	TCIM	Stromal	Markers
Endothelial	STIM2	Stromal	Markers
Endothelial	TSPO	Stromal	Markers
Endothelial	KAT6A	Stromal	Markers
Endothelial	GAS6	Stromal	Markers
Endothelial	DIAPH1	Stromal	Markers
Endothelial	CLEC2B	Stromal	Markers
Endothelial	PGF	Stromal	Markers
Endothelial	LGALS9	Stromal	Markers
Endothelial	AKAP13	Stromal	Markers
Endothelial	MLEC	Stromal	Markers
Endothelial	DCHS1	Stromal	Markers
Endothelial	CCN2	Stromal	Markers
Endothelial	BMX	Stromal	Markers
Endothelial	RASGRF2	Stromal	Markers
Endothelial	RAB3C	Stromal	Markers
Endothelial	JMJD1C	Stromal	Markers
Endothelial	SLC29A1	Stromal	Markers
Endothelial	CA2	Stromal	Markers
Endothelial	LAP3	Stromal	Markers
Endothelial	YWHAH	Stromal	Markers
Endothelial	IFITM3	Stromal	Markers
Endothelial	GNS	Stromal	Markers
Endothelial	MET	Stromal	Markers
Endothelial	HLA-B	Stromal	Markers
Endothelial	ITGA2	Stromal	Markers
Endothelial	KCNJ2	Stromal	Markers
Endothelial	CRACDL	Stromal	Markers
Endothelial	RILPL2	Stromal	Markers
Endothelial	PGM5	Stromal	Markers
Endothelial	MAPK3	Stromal	Markers
Endothelial	HERC1	Stromal	Markers
Endothelial	GRPEL2	Stromal	Markers
Endothelial	RFK	Stromal	Markers
Endothelial	CARD16	Stromal	Markers
Endothelial	BAZ1A	Stromal	Markers
Endothelial	HLA-DMA	Stromal	Markers
Endothelial	PPP1R16B	Stromal	Markers
Endothelial	MYO1B	Stromal	Markers
Endothelial	ATOH8	Stromal	Markers
Endothelial	PKN3	Stromal	Markers
Endothelial	RNF213	Stromal	Markers
Endothelial	ACKR3	Stromal	Markers
Endothelial	IFNGR1	Stromal	Markers
Endothelial	NCOA3	Stromal	Markers
Endothelial	LIMA1	Stromal	Markers
Endothelial	CD40	Stromal	Markers
Endothelial	HLA-F	Stromal	Markers
